tree
version=v4
num_class=1
num_tree_per_iteration=1
label_index=0
max_feature_idx=22
objective=binary sigmoid:1
feature_names=name_levenshtein name_levenshtein_ratio name_jaro_winkler name_token_set_ratio address_street_match address_token_sort_ratio address_jaro_winkler address_zip_match postal_code_mismatch street_number_mismatch street_number_match clean_street_num_match clean_street_num_mismatch brand_first_token_ratio brand_first_token_exact name_phonetic_match clean_legal_name_match name_length_ratio address_length_ratio name_to_address_cross_match address_name_ratio_diff exact_name_match country_mismatch
feature_infos=[0:67] [0:1] [0:1] [0:100] [0:100] [0:100] [0:1] [-1:1] [0:1] [0:1] [0:1] [0:1] [0:1] [0:1] [0:1] [0:1] [0:1] [0:1] [0:1] [0:1] [-100:100] [0:1] none
tree_sizes=6664 6716 6730 6777 6777 6757 6791 6829 6797 6819 6797 6806 6825 6813 6827 6849 6819 6813 6823 6825 6835 6850 6858 6829 6825 6847 6873 6862 6865 6888 6851 6862 6877 6829 6867 6875 6875 6855 6855 6842 6841 6870 6861 6828 6872 6918 6888 6860 6857 6901 6888 6848 6853 6884 6888 6906 6867 6862 6857 6901 6868 6858 6858 6854 6830 6853 6858 6841 6880 6873 6834 6841 6893 6875 6857 6857 6851 6818 6827 6813 6819 6861 6857 6858 6851 6850 6877 6853 6845 6880 6884 6868 6854 6843 6871 6916 6844 6928 6849 6866 6880 6855 6891 6844 6842 6810 6829

Tree=0
num_leaves=63
num_cat=0
split_feature=5 3 9 0 4 0 4 8 0 0 1 10 9 3 4 20 5 8 0 6 4 13 10 6 6 8 4 0 3 10 4 10 18 1 10 1 20 1 13 0 0 13 18 4 18 18 0 0 10 3 4 6 4 18 4 1 13 5 0 0 9 3
split_gain=37545.6 27873.9 7562.33 3661.69 1935.88 8724.71 1539.73 1032.09 835.244 807.851 805.35 681.738 508.401 397.19 381.932 308.99 290.681 270.958 257.118 254.811 244.47 243.717 234.811 232.371 169.48 160.431 150.064 2101.36 251.866 180.751 132.39 128.025 125.19 122.302 161.507 114.675 105.661 105.152 92.7406 91.2153 87.1017 118.19 101.888 85.0203 88.1611 74.5989 73.4693 72.9553 71.2424 65.0844 64.9981 64.3232 63.724 61.6218 60.0613 58.7759 58.7679 57.6117 57.3757 56.4865 55.2382 53.8982
threshold=78.283873936047868 49.151567443198168 1.0000000180025095e-35 5.5000000000000009 74.099974099974119 8.5000000000000018 96.394209933258239 1.0000000180025095e-35 4.5000000000000009 4.5000000000000009 0.42997198879551829 1.0000000180025095e-35 1.0000000180025095e-35 52.479508196721319 98.192705498094739 -99.090909090909079 99.779735682819393 1.0000000180025095e-35 8.5000000000000018 0.82016632160110436 88.25172527111404 0.56330128205128216 1.0000000180025095e-35 0.88138333138333158 0.87241706506222649 1.0000000180025095e-35 68.244631185807677 4.5000000000000009 85.215543412264751 1.0000000180025095e-35 98.192705498094739 1.0000000180025095e-35 0.81091721642902759 0.39791666666666675 1.0000000180025095e-35 0.72850122850122856 12.208419599723948 0.52704678362573121 0.34632683658170921 8.5000000000000018 8.5000000000000018 0.95974235104669903 0.97379862700228847 95.782060785767243 0.98757716049382727 0.84643458731049981 7.5000000000000009 7.5000000000000009 1.0000000180025095e-35 89.512961508248239 94.759725400457668 0.96187226822121419 90.957190957190974 0.94466316710411202 93.035692078099757 0.70900537634408611 0.31414473684210531 97.698500979924788 16.500000000000004 15.500000000000002 1.0000000180025095e-35 90.366769774635458
decision_type=2 2 2 2 2 2 2 2 2 2 2 2 2 2 2 2 2 2 2 2 2 2 2 2 2 2 2 2 2 2 2 2 2 2 2 2 2 2 2 2 2 2 2 2 2 2 2 2 2 2 2 2 2 2 2 2 2 2 2 2 2 2
left_child=4 10 3 7 15 9 11 23 14 12 21 17 25 -7 19 55 40 18 35 -4 33 57 52 43 39 -6 -17 29 -29 60 -10 -30 -21 -11 46 47 -26 59 -38 -13 42 -42 -8 44 56 -43 -35 -5 54 -49 -23 -44 -15 -14 -25 -1 -3 -2 -59 -20 -28 -36
right_child=1 2 8 6 5 13 16 -9 30 20 -12 24 53 22 -16 26 -18 -19 37 32 -22 50 -24 48 36 -27 27 28 31 -31 -32 -33 -34 34 61 -37 38 -39 -40 -41 41 45 51 -45 -46 -47 -48 49 -50 -51 -52 -53 -54 -55 -56 -57 -58 58 -60 -61 -62 -63
leaf_value=-2.8335672160008523 -2.8627411605322046 -2.4658133066512113 -1.9175671277423447 -2.1934960181030361 -1.6094050588361475 -2.8780073530021184 -1.5813391059254192 -2.6509626361047691 -2.7457138629079081 -2.8487204165105133 -1.536631491360464 -2.0074565122769763 -2.2932830863410665 -2.7288398951682717 -1.4301576626296708 -2.8822113037073747 -1.4565032604675361 -2.8503960107970765 -2.1960424268447829 -2.0320641770086221 -1.7747218578559325 -2.6117243594901627 -2.201999081871155 -1.7284114517141973 -1.8138031204655944 -2.7192687890041243 -1.9817169307379352 -2.8787504095711545 -2.6313215488084669 -1.483284373047834 -2.1200658418451628 -1.9206749683891338 -2.4994691267020479 -2.5408194226338892 -2.1482450823868584 -2.3784198527301377 -2.6038119314746577 -2.5546238824088183 -1.9993035597287534 -2.404320417087543 -1.7261885066289944 -1.4832843730478362 -1.6991126562949885 -1.5035343866872537 -2.0031300121250499 -2.2017604105453676 -2.2031096256804479 -2.3069834440555734 -1.4639389984765423 -1.8063036198078966 -2.1954904596319986 -2.287210147057813 -2.1984339556270465 -1.6799505102920864 -1.5180223953497332 -2.7350684746591969 -1.672520433133629 -2.6024046837495916 -2.8225040386318159 -2.4825500370727145 -2.3463157865612034 -1.5963829517590098
leaf_weight=61.593150347471237 388.44800942018628 0.60321793705224891 7.3332906253635874 10.549551308155063 38.324625946581364 467.88883698731661 11.331299971789123 5.7779081538319579 66.82194072753191 3.2135556712746682 3.0350247211754313 6.903193548321723 10.625291697680948 35.105661112815142 3.159455318003892 19064.632728621364 18.580735094845295 6.7517129257321349 11.728937044739725 4.2090004570782176 4.9745191521942607 6.6949076168239099 7.024919167160987 13.598101008683441 26.016816336661577 0.85207915306091209 8.3206204324960726 452.88953883945942 12.65405165404081 4.0791597813367835 2.2370458766818038 1.8610490411520011 28.502723798155785 12.253709681332117 2.4750870354473582 9.3674605935811979 2.0017097517848006 24.769805647432804 8.6127618551254255 8.004133962094782 7.7174024619162092 1.0197899453341968 2.1748305559158316 16.211143620312214 5.8834035918116561 9.9382183365523797 6.2134152203798285 2.039579924196004 94.751199446618557 8.9671185426414013 3.7437382079660892 2.6292727924883366 1.5121023543179024 1.1631556451320637 24.031336553394794 104.64343506842852 64.852689739316702 10.755132395774124 25.67598519846797 7.0519693382084361 3.9087440222501746 2.0882701314985752
leaf_count=1210 7368 17 300 364 1842 8709 552 138 1449 62 151 268 342 775 165 352997 959 130 404 161 220 166 241 616 1127 19 328 8422 308 208 81 76 781 324 88 283 50 647 336 237 350 52 100 819 229 341 213 65 4874 390 129 85 52 54 1206 2295 3022 269 511 196 121 101
internal_value=-2.85275 -2.36452 -1.9708 -1.81215 -2.87588 -2.73355 -2.07481 -1.59552 -2.55285 -1.96845 -2.83528 -2.22072 -1.77215 -2.85648 -2.27697 -2.88017 -1.712 -2.36512 -2.32112 -2.34378 -2.28893 -2.84434 -2.62566 -1.5678 -1.99313 -1.63354 -2.88109 -2.83709 -2.86824 -1.94443 -2.72545 -2.54021 -2.43933 -2.38639 -2.32188 -2.14472 -1.90059 -2.44638 -2.1133 -2.22054 -1.84838 -1.966 -1.71224 -1.66891 -1.70649 -2.1349 -2.42719 -2.04317 -1.50092 -1.89908 -2.46245 -2.02098 -2.70694 -2.23277 -1.59405 -2.77156 -1.67983 -2.85372 -2.75753 -2.30362 -2.09825 -1.8957
internal_weight=21270.8 962.482 524.129 411.865 20308.3 593.715 186.156 225.709 112.263 82.1837 438.353 132.765 50.9652 511.532 43.2045 19714.6 53.3915 81.2261 74.4744 40.045 31.2186 435.318 43.6427 219.931 51.5386 39.1767 19548.3 483.713 467.405 16.3085 69.059 14.5151 32.7117 26.244 23.0305 30.9237 36.6313 43.5507 10.6145 14.9073 34.8108 18.6754 16.1354 87.5505 71.3393 10.958 18.4671 21.5562 132.381 11.0067 10.4386 4.8041 36.6178 11.7884 37.6294 166.237 65.4559 424.879 36.4311 18.7809 12.2294 4.56336
internal_count=408395 29388 20794 17857 379007 13042 6936 10921 2937 3265 8594 4497 2257 9777 1407 365965 2439 2479 2349 1242 1008 8443 1068 10783 2018 1861 362460 9463 8806 657 1530 384 942 788 726 1102 1513 1247 386 505 1480 743 737 4087 3268 393 537 819 6696 455 295 185 827 396 1822 3505 3039 8148 780 600 449 189
is_linear=0
shrinkage=1


Tree=1
num_leaves=63
num_cat=0
split_feature=4 3 5 2 9 2 0 20 8 0 4 2 0 7 4 15 20 11 9 9 4 18 6 13 2 1 13 0 5 7 0 6 6 9 6 0 0 0 11 0 0 3 6 1 20 5 2 3 3 13 20 13 0 18 6 6 2 2 13 18 4 13
split_gain=22225 8767.04 1042.75 1796.98 881.806 356.792 336.782 295.006 277.178 192.667 187.074 1253.01 138.946 135.86 127.855 122.125 88.5774 86.4835 80.8239 74.5263 67.0296 53.1637 56.6075 51.594 92.8058 47.4099 46.5997 44.2309 42.7708 42.0132 41.7617 41.5648 40.9167 45.3404 35.7893 57.9528 65.7833 34.434 33.0479 34.14 44.3796 39.6664 32.2132 31.9161 31.6655 43.4703 30.3957 29.7105 28.0155 27.0991 26.0619 25.9872 25.3855 25.2399 24.7463 23.9754 682.918 22.9273 21.4483 21.4351 45.21 21.3614
threshold=81.099981099981122 47.124917382683421 71.460892049127366 0.71317913730194438 1.0000000180025095e-35 0.71317913730194438 4.5000000000000009 -99.090909090909079 1.0000000180025095e-35 8.5000000000000018 68.244631185807677 0.89057420536452803 4.5000000000000009 1.0000000180025095e-35 95.782060785767243 1.0000000180025095e-35 -16.666666666666664 1.0000000180025095e-35 1.0000000180025095e-35 1.0000000180025095e-35 99.779735682819407 0.82870012870012888 0.83491781930806341 0.95974235104669903 0.74100014994751839 0.70106382978723414 0.63818181818181829 13.500000000000002 96.881944444444457 1.0000000180025095e-35 17.500000000000004 0.87241706506222649 0.86408966659301212 1.0000000180025095e-35 0.82221283707991222 8.5000000000000018 7.5000000000000009 4.5000000000000009 1.0000000180025095e-35 4.5000000000000009 7.5000000000000009 99.425287356321846 0.80953199448034274 0.42163742690058487 3.8277511961722479 77.345911949685544 0.84795769405453936 64.326765188834159 21.132376395534298 0.95974235104669903 15.384615384615392 0.2817460317460318 9.5000000000000018 0.87815482502651132 0.8905029937382879 0.85725316196149548 0.88668052668052677 0.93328658251519414 0.95974235104669903 0.98518437225636535 93.629319886852798 0.64611005692599621
decision_type=2 2 2 2 2 2 2 2 2 2 2 2 2 2 2 2 2 2 2 2 2 2 2 2 2 2 2 2 2 2 2 2 2 2 2 2 2 2 2 2 2 2 2 2 2 2 2 2 2 2 2 2 2 2 2 2 2 2 2 2 2 2
left_child=2 5 7 -4 8 15 21 25 9 29 55 16 32 14 17 26 27 23 31 42 34 -6 -23 24 -11 -1 28 -12 -2 38 52 49 33 -5 35 36 -8 -21 39 -3 47 -42 57 -7 45 -38 -15 -41 -30 -14 -16 -52 -19 -35 -33 -9 -57 -13 -31 60 -24 -18
right_child=1 4 3 12 6 43 20 10 -10 13 11 19 18 46 50 -17 61 30 -20 37 -22 22 59 -25 -26 -27 -28 -29 48 58 -32 54 -34 53 -36 -37 44 -39 -40 40 41 -43 -44 -45 -46 -47 -48 -49 -50 -51 51 -53 -54 -55 -56 56 -58 -59 -60 -61 -62 -63
leaf_value=-0.03472200001617775 -0.066974951984502984 0.39251803249363826 -0.077762115224509071 0.36915943459888506 0.40490490184944633 0.86877061596062899 0.13826690047830875 -0.083202326054182374 0.026152007611537943 0.16666938781230145 0.5633672473738921 0.17369604061319077 0.51703535938891099 0.47808397181012113 0.40880194174534878 0.30563222728645228 -0.083008920916319714 0.2447874993161985 0.037750219781503926 0.27738903097304241 0.56689503629493931 0.38710899201972682 0.18293553785254865 0.14249169447952531 0.59521167218491111 0.05444594859785027 0.27207423747683229 0.047404354695560848 0.17160644633861538 0.32110784981119389 0.12817558682305433 0.61079184138363307 0.45563871085968727 0.083019056646994119 0.021116034484581575 0.04762561385685702 0.36202048575898571 0.03897105651511696 0.41045625483774822 0.50874400865722169 0.20398182423758462 0.42590825980412333 0.43214318441148375 0.44890557525367208 0.068123056810364457 1.053127938394401 0.79735160152924556 0.26691395331055834 -0.010872752520546886 0.19058199224386968 0.082715216742812223 0.33967763387182254 0.37497613836405597 0.35473615152365356 0.31793683200234929 -0.081152174776579086 1.3608173626105491 0.33212671242568292 0.49663155163555295 0.083406583998800854 0.42956976910176881 0.00074832169866292984
leaf_weight=57.700521172955632 460.76867648027837 234.99636594578624 213.42822798900306 40.295493051409721 21.297584166750312 1.5248221587389696 4.9974230080842998 17629.516607778147 14.259706851094959 9.2832843475043756 1.9739132355898608 7.6038397531956425 1.7597986571490825 3.6719402018934479 55.641261031851172 5.9863474350422612 535.52425777725875 12.754889117553828 14.057872286066411 6.8192978929728261 1.6632425189018238 14.785022579133509 23.344524113461379 47.737150168046355 4.9634093064814797 112.69913748838007 2.7257775589823714 2.3050375059247017 6.2137916088104239 5.0416359435766926 6.5536154918372622 2.9509788677096358 25.924307566136122 6.3613833393901569 59.618512162938714 15.382141469046472 1.0530384480953223 8.9853418897837383 405.69815750792623 3.4966227877885094 5.9921516124159089 36.871331468224525 16.621874094009399 4.8257040306925774 0.54592798650264729 1.3035062365233896 3.9738029334694147 46.361039062961936 40.349554458633065 21.62927676923573 2.8426746651530292 22.110666619613767 38.577530007809401 3.3349609393626451 4.9346190374344587 67.293762017041445 2.1697943657636634 25.286964274942875 38.327874219045043 7.7260983977466813 5.9739984050393096 20.223813967779279
leaf_count=1167 9205 4387 4225 743 451 58 108 351522 277 192 55 154 50 83 1093 140 10617 225 271 141 43 300 471 929 146 2338 61 43 146 88 108 78 537 99 1168 316 22 174 7632 83 105 754 339 96 11 57 126 857 798 435 37 417 803 70 101 1345 116 475 812 139 142 414
internal_value=-0.053121 0.225751 -0.0779913 0.0619587 0.348586 -0.0462679 0.172772 -0.0805238 0.376333 0.381403 -0.0814981 -0.0384953 0.307902 0.313043 0.30042 -0.0536022 -0.0771692 0.248032 0.197078 0.293093 0.0640525 0.298495 0.25477 0.182365 0.315969 0.024252 -0.0578184 0.285422 -0.0595908 0.399718 0.318348 0.268695 0.37408 0.331786 0.0539639 0.138078 0.3142 0.141842 0.395193 0.376299 0.335192 0.394884 0.341372 0.549719 0.617119 0.744302 0.64402 0.283874 0.0134788 0.215144 0.378337 0.310405 0.342627 0.176473 0.42753 -0.0830175 -0.0361102 0.2955 0.476227 0.201951 0.23319 -0.079961
internal_weight=20508.6 1679.24 18829.4 334.677 1156.85 522.395 157.691 18494.7 999.155 984.895 18324.3 625.344 121.249 208.11 200.464 516.044 560.027 119.87 45.3325 65.3173 84.5638 73.1272 51.8296 61.9838 14.2467 170.4 510.058 4.27895 507.332 776.785 57.886 31.2747 75.9161 49.9918 82.9005 23.282 7.8999 15.8046 733.416 327.718 92.7211 42.8635 49.5127 6.35053 2.90247 2.35654 7.64574 49.8577 46.5633 23.3891 80.5946 24.9533 51.3324 9.69634 7.8856 17699 69.4636 32.8908 43.3695 37.0446 29.3185 555.748
internal_count=408395 32886 375509 6609 22382 10504 3228 368900 19154 18877 365395 12412 2384 4159 3950 10350 11129 2403 935 1283 1725 1503 1052 1267 338 3505 10210 98 10149 14718 1136 664 1449 912 1682 514 198 315 13818 6186 1799 859 968 154 90 79 209 940 944 485 1547 454 1028 169 179 352983 1461 629 900 752 613 11031
is_linear=0
shrinkage=0.08


Tree=2
num_leaves=63
num_cat=0
split_feature=4 3 5 2 9 20 2 17 8 4 3 17 4 15 9 2 17 4 4 2 7 17 2 3 1 3 6 10 4 8 13 3 10 10 17 2 6 6 6 7 13 7 13 5 6 5 9 4 5 2 20 6 6 6 3 17 4 6 17 1 13 2
split_gain=17737 6108.09 524.018 909.522 477.034 286.294 224.446 175.033 160.147 128.741 956.291 122.963 95.1107 87.9682 56.9112 53.5486 51.5347 73.1099 46.716 44.3836 44.2769 40.8585 34.7731 54.1223 49.9432 34.8286 34.2144 34.1491 30.3907 28.4075 27.1775 29.9132 26.281 25.0475 24.1149 23.2844 33.6312 21.9516 21.8903 21.4475 21.181 19.7233 21.1834 25.2243 19.382 27.4503 38.4783 19.2537 19.7931 26.9346 19.4607 19.76 19.147 18.3749 17.6021 17.5126 17.4464 17.9426 17.1422 16.9197 22.4655 16.109
threshold=78.699101004759413 47.124917382683421 70.480385986993923 0.71317913730194438 1.0000000180025095e-35 -99.090909090909079 0.71317913730194438 0.8765243902439025 1.0000000180025095e-35 66.288924558587482 86.526825332795497 0.88516483516483524 92.340286831812264 1.0000000180025095e-35 1.0000000180025095e-35 0.93328658251519414 0.8765243902439025 68.244631185807677 95.782060785767243 0.69128958503958515 1.0000000180025095e-35 0.70106382978723414 0.69890410515410517 81.892697466467965 0.50396825396825407 62.910052910052919 0.80953199448034274 1.0000000180025095e-35 98.192705498094739 1.0000000180025095e-35 0.55363984674329514 19.292803970223328 1.0000000180025095e-35 1.0000000180025095e-35 0.8765243902439025 0.69128958503958515 0.84638075584312156 0.86408966659301212 0.73439102547172108 1.0000000180025095e-35 0.47809523809523807 1.0000000180025095e-35 0.91987179487179482 97.698500979924788 0.85725316196149548 58.851017042330959 1.0000000180025095e-35 98.192705498094739 85.973110345958375 0.85212269756387415 -9.2592592592592613 0.78182490796207949 0.86408966659301212 0.82016632160110436 81.892697466467965 0.83176100628930827 88.944444444444457 0.94091693330823767 0.913664596273292 0.5727513227513229 0.95974235104669903 0.86667355941549495
decision_type=2 2 2 2 2 2 2 2 2 2 2 2 2 2 2 2 2 2 2 2 2 2 2 2 2 2 2 2 2 2 2 2 2 2 2 2 2 2 2 2 2 2 2 2 2 2 2 2 2 2 2 2 2 2 2 2 2 2 2 2 2 2
left_child=2 6 5 -4 8 21 13 26 11 -7 15 12 19 18 29 35 27 44 -2 40 32 -1 23 -13 25 -24 59 -12 -28 39 31 -20 -21 41 -16 -11 -37 38 -36 53 -3 42 -14 54 45 -18 -47 48 49 -9 51 -51 -52 55 -44 -5 -50 -58 -10 -6 -61 -26
right_child=1 4 3 14 7 9 -8 47 58 10 16 22 33 -15 34 -17 17 -19 30 20 -22 -23 24 -25 61 -27 28 -29 -30 -31 -32 -33 -34 -35 37 36 -38 -39 -40 -41 -42 -43 43 -45 -46 46 -48 -49 56 50 52 -53 -54 -55 -56 -57 57 -59 -60 60 -62 -63
leaf_value=-0.035227906078623118 -0.070492380633415938 0.013828352204536725 -0.079002270008247305 0.14110489553859515 0.056991557902498206 -0.082805247974391025 0.32913942177234268 -0.0032514362843568938 -0.055125217505225643 -0.082756845639587129 0.10529640809774718 0.046638312951163136 0.29096337095264557 0.20892628049653028 0.023065033508044085 0.32121730617453736 0.42352710075428285 0.26050253628684739 0.13499608727184401 0.1780492881362831 0.42863798026140126 0.048104230662325984 0.15499957163531494 0.4298518765592978 0.20823763257146646 0.45266164553453603 0.0089792816731749728 0.34190006826754576 0.23770732259929542 -0.016431940795731501 0.23966415580010011 -0.0302296014053938 0.2380925422914226 0.2919724779875123 0.42846186630409333 -0.034905259022503812 0.2878258001814667 0.36641050903878009 0.071312115535964463 0.44200690935035203 0.20972737063546365 0.34292176856808376 0.11167157326449095 0.32922559965213849 0.39594000079601188 1.2447822156372248 0.40076251597925266 0.30279100904054512 0.063537905173493961 0.31455184869346142 0.2412959567528547 0.17391662093154397 0.43213087150411084 0.30729557120891865 0.21535248964207523 0.2556074476075243 0.23004974934521447 0.10934052059777112 0.11103774771281717 0.53269260541673868 0.15991742020831262 0.29152531431470002
leaf_weight=55.073655758053064 481.18974733166397 11.436728352680804 172.50024686008692 11.907826313748954 10.95293214172125 16231.109248345718 9.8143080659210664 3.0521941501647225 9.0041689295321721 605.07973890192807 20.320156984031204 8.4022483583539707 31.577784830704331 7.8771105147898188 10.265173554420471 2.1438080351799718 0.99280951917171423 37.133889714255929 7.6205902546644202 107.39795168861747 5.793700234964489 119.0687573812902 2.9038831647485521 3.2792778611183158 15.158880364149807 18.822554694488645 61.143530189990997 4.8325142227113238 3.9584529697895041 2.3331733904778948 2.7142855115234843 87.916618501767516 82.48806063644588 158.93983398005366 1.2876648362725953 28.977453757077459 2.2252192366868249 3.2821855153888473 7.4695856925100088 4.2295159306377164 5.11087374202907 11.887129712849854 12.540601447224615 10.746335767209528 1.5889338850975034 1.0324286501854656 0.51971014775335778 11.525070946663616 10.45651746354997 8.5456723682582361 7.952900826930998 25.396329093724489 5.8325970135629177 27.552545582875609 63.768300589174032 30.30422486923635 19.861347859725356 13.065440155565737 7.1120993439108124 1.1207606773823471 13.469662377610803 759.80048356577754
leaf_count=1146 10184 171 3675 208 213 348660 163 56 154 12949 386 114 495 144 188 43 33 570 171 1732 112 2359 41 63 218 377 1150 84 64 33 49 1825 1216 2439 28 582 52 62 109 82 88 195 171 173 29 54 17 171 162 148 137 403 133 440 960 455 356 226 146 29 248 11254
internal_value=-0.0519102 0.16657 -0.0785538 0.0317927 0.251619 -0.0803024 -0.050278 0.135236 0.268849 -0.0813517 -0.0478806 0.271932 0.240821 -0.0566182 0.225565 -0.0779367 0.241016 0.29603 -0.0602281 0.200141 0.21078 0.0217499 0.291241 0.154215 0.29325 0.412877 0.0536736 0.150754 0.0228868 0.258415 -0.0099583 -0.0170503 0.204133 0.270647 0.113151 -0.0792816 -0.0118897 0.18996 0.123827 0.267082 0.0743335 0.244678 0.234834 0.214474 0.615168 0.752043 0.962175 0.20519 0.193245 0.227146 0.24188 0.209325 0.322038 0.256477 0.198314 0.223307 0.153563 0.182152 0.0182024 0.132139 0.188552 0.289896
internal_weight=19500.9 2119.64 17381.2 271.132 1522.5 17110.1 597.133 196.333 1326.17 16936 704.847 1310.05 501.687 587.318 98.6319 638.426 66.4204 41.2678 579.441 212.227 195.68 174.142 808.367 11.6815 796.686 21.7264 90.6453 25.1527 65.102 76.3273 98.2515 95.5372 189.886 289.46 22.3046 636.282 31.2027 12.0394 8.75725 73.9941 16.5476 130.52 118.633 87.0552 4.13388 2.54495 1.55214 105.688 94.163 50.7797 47.7275 33.942 13.7855 69.7646 76.3089 42.2121 43.3833 32.9268 16.1163 25.5434 14.5904 774.959
internal_count=408395 36151 372244 5280 23615 366964 12536 3496 20119 363459 14799 19819 7752 12373 1605 13626 1173 703 12229 3319 3060 3505 12067 177 11890 418 1704 470 1214 1218 2045 1996 2948 4433 387 13583 634 199 137 1185 259 1994 1799 1304 133 104 71 1792 1621 877 821 551 270 1103 1131 663 744 582 300 490 277 11472
is_linear=0
shrinkage=0.08


Tree=3
num_leaves=63
num_cat=0
split_feature=4 3 5 2 9 20 2 4 3 17 17 4 15 1 5 9 17 6 9 2 13 7 7 2 3 13 2 6 18 4 13 1 3 6 4 18 10 6 7 10 3 3 20 4 1 18 4 17 17 3 6 3 13 4 17 17 18 6 1 2 3 13
split_gain=14934.7 4197.93 489.802 692.997 311.747 276.508 153.113 128.644 747.936 113.851 102.603 75.1561 61.0888 44.8104 43.5343 34.2187 33.6322 30.3837 29.888 27.545 32.7452 30.7232 45.9215 27.2848 39.2216 25.9769 23.5076 23.2118 22.6489 21.2591 20.5779 19.5184 23.6563 19.4086 17.6137 27.7919 17.3025 17.9899 17.0306 19.0128 16.7295 16.287 16.2627 17.883 28.4907 15.8815 21.9491 15.8216 15.5902 16.1398 15.3851 160.721 15.1625 15.0862 15.0609 14.7635 19.2896 14.2994 14.176 13.9932 26.8292 25.2391
threshold=78.699101004759413 45.867486338797825 70.480385986993923 0.74100014994751839 1.0000000180025095e-35 -99.090909090909079 0.69128958503958515 66.288924558587482 86.526825332795497 0.8765243902439025 0.88516483516483524 93.629319886852798 1.0000000180025095e-35 0.56562756357670241 96.881944444444457 1.0000000180025095e-35 0.70871212121212135 0.8321298748046807 1.0000000180025095e-35 0.69128958503958515 0.82085561497326209 1.0000000180025095e-35 -1.0000000180025095e-35 0.69890410515410517 57.836257309941523 0.63818181818181829 0.86795163170163181 0.80953199448034274 0.82508741258741269 98.192705498094739 0.31414473684210531 0.55437352245862892 73.765182186234838 0.87241706506222649 87.528801843317993 0.92888748419721889 1.0000000180025095e-35 0.68264547485561999 1.0000000180025095e-35 1.0000000180025095e-35 81.302966101694935 21.132376395534298 -78.547459252157225 1.0000000180025095e-35 0.84292763157894746 0.98843892007484635 90.957190957190974 0.63373983739837414 0.83176100628930827 61.435897435897445 0.85725316196149548 61.435897435897445 0.60990338164251223 86.027512464708366 0.76043478260869579 0.8765243902439025 0.87548449612403112 0.86408966659301212 0.30860805860805868 0.8955610290093049 89.699381078691445 0.53950103950103967
decision_type=2 2 2 2 2 2 2 2 2 2 2 2 2 2 2 2 2 2 2 2 2 2 2 2 2 2 2 2 2 2 2 2 2 2 2 2 2 2 2 2 2 2 2 2 2 2 2 2 2 2 2 2 2 2 2 2 2 2 2 2 2 2
left_child=2 6 5 40 10 16 12 42 13 27 11 19 14 -9 25 48 -1 -15 38 30 26 22 28 24 -12 -2 52 -6 -22 -29 -3 32 -25 34 -30 -36 37 -13 39 47 -4 -16 43 44 -7 46 -11 -10 49 -5 -44 -52 -21 -32 -35 -17 -57 -20 -43 60 61 -33
right_child=1 4 3 15 9 7 -8 8 18 45 23 36 -14 17 41 55 -18 -19 57 20 21 -23 -24 31 -26 -27 -28 29 33 -31 53 59 -34 54 35 -37 -38 -39 -40 -41 -42 58 50 -45 -46 -47 -48 -49 -50 -51 51 -53 -54 -55 -56 56 -58 -59 -60 -61 -62 -63
leaf_value=-0.032020337833955859 -0.067956280905032362 -0.005985143150684903 -0.079379712167216079 0.4386657672372592 0.10601502372024552 -0.037854115123502459 0.22958063665428183 -0.080614522763631777 0.036026230773309083 0.14287172280182472 -0.026103571465073878 0.35688842143639887 0.16760471617036943 0.0025296127789731118 0.12012723663996223 0.02405980228325939 0.043068069154643458 0.28956146775315567 0.074334680016975657 0.15980534473357311 0.20185917369350193 0.31954917507112568 -0.059629015107592047 0.17837624949962774 0.24585096260004363 0.19011217308734082 0.34713455895415984 0.0077463691814710781 0.084404921462132285 0.18531054195339633 0.024988497976266108 -0.043938835151923296 0.32869467469434072 0.15303346914596261 0.20596671222961901 0.089143811567595654 0.23267743970094049 0.18849282324419342 0.42490667181286135 0.26209405733696522 0.25039234816209138 -0.015918680757316915 -0.082699153760381186 -0.083795466075598596 0.1494621804294303 0.077552411052507458 0.21597922720706961 0.1897644383996302 0.22525848697500905 0.13257462076151946 -0.08085793756281906 0.43925795619535529 0.35103213078400103 0.21490835823449267 0.23692300885507714 0.076380517182506213 0.27097586282243696 0.31794930978235308 0.25102601097657906 0.23122095773824197 0.35156916055018189 0.17678189655731166
leaf_weight=55.573707951232791 493.6673590624705 10.818100249394776 160.80519738979638 1.1618958227336431 28.763923518359661 26.207326618954539 12.238698663190005 580.98283956944942 4.9974942058324805 65.116497157141566 6.4187702368944866 4.1945143602788439 7.6756874769926062 10.91500938311219 7.7139583174139252 10.155319502577186 121.94467943161726 3.011464547365903 16.733635863289241 14.992238666862255 54.83263042755425 7.142917573451995 6.4348947182297698 9.0068199485540372 7.2023282367736101 2.5089953262358895 9.834818519651888 62.199550384655595 47.121162535622716 4.6370549611747256 4.1602762378752214 4.0343630462884965 26.166289947926998 53.821736553683877 28.112687675282359 24.296832332387567 167.89873898401856 126.80343967303634 2.3388861007988444 22.483385387808084 0.99060955829918285 38.071079509332776 14940.997772941366 33.642933942377567 6.4821025580167762 12.608509980142115 44.071233633905649 30.014924412593246 64.626925725489855 21.564193261787295 46.922764239832759 4.137652604840695 3.2244683112949124 7.5069681853055954 18.372088223695755 8.4800908043980581 5.2963130734860906 1.6985500995069731 1.3172377552837122 862.22159367240965 4.48786886781454 18.611671231687069
leaf_count=1189 11108 163 3670 26 498 634 181 13365 83 957 87 71 122 207 146 182 2316 54 263 204 793 110 117 120 107 48 161 1159 591 64 63 35 414 678 419 298 2227 1664 44 313 22 769 345894 778 185 188 652 438 860 321 1084 85 56 122 255 114 85 32 29 11163 75 237
internal_value=-0.0507465 0.139618 -0.077901 0.028332 0.200906 -0.0797245 -0.0502905 -0.0808449 -0.0466293 0.111272 0.213661 0.187508 -0.0565075 -0.0772152 -0.0596739 0.181997 0.019561 0.0645975 0.185855 0.158544 0.165675 0.156121 0.15111 0.230096 0.117696 -0.0666513 0.247464 0.0459257 0.157096 0.0200656 0.0734933 0.231752 0.290202 0.142803 0.119897 0.151808 0.215676 0.193885 0.213294 0.204686 -0.0773607 0.0138268 -0.0823745 -0.0428501 -0.000710504 0.162563 0.17238 0.167821 0.205217 0.148224 -0.0825493 -0.0387106 0.193654 0.147187 0.174382 0.0972442 0.151192 0.0967841 -0.00699142 0.229441 0.172874 0.137461
internal_weight=18490.5 2308.31 16182.2 273.081 1745.11 15909.1 563.193 15731.6 673.176 217.397 1527.72 589.569 550.954 594.909 543.279 111.285 177.518 13.9265 78.2669 290.672 268.186 240.135 232.992 938.15 13.6211 496.176 28.0515 95.6005 226.557 66.8366 22.4853 924.529 35.1731 171.725 99.5307 52.4095 298.897 130.998 59.8347 57.4958 161.796 47.1023 15058.4 66.3324 32.6894 121.796 109.188 35.0124 87.353 22.7261 14992.1 51.0604 18.2167 11.6672 72.1938 23.9317 13.7764 18.4322 39.3883 889.355 27.1339 22.646
internal_count=408395 36151 372244 5280 23748 366964 12403 363459 14799 3518 20230 7992 12222 13626 12100 1588 3505 261 1173 4030 3682 3261 3151 12238 194 11156 421 1721 3034 1223 348 12044 534 2241 1308 717 3962 1735 878 834 3692 944 348660 1597 819 1797 1609 521 1207 347 347063 1169 260 185 933 381 199 295 798 11510 347 272
is_linear=0
shrinkage=0.08


Tree=4
num_leaves=63
num_cat=0
split_feature=5 3 5 2 20 9 2 0 0 0 17 5 20 8 15 18 1 20 6 9 3 5 6 2 7 3 20 6 10 20 2 17 5 3 17 20 0 5 6 9 1 1 15 10 6 18 1 0 17 6 3 17 5 0 6 13 0 5 2 0 6 6
split_gain=12828.1 3042.42 261.978 970.538 269.229 236.725 128.525 118.488 113.106 72.9856 64.7113 64.4915 61.7594 60.7517 53.3121 50.4035 87.8069 311.299 48.6275 48.5474 44.9605 41.8553 37.2901 163.649 35.5013 34.2337 36.071 49.3076 33.4835 29.9307 29.8164 27.9399 27.2189 23.9773 23.5055 26.4491 22.7642 19.4827 19.4225 18.6153 17.6791 17.5554 17.0587 17.0321 16.997 17.8966 16.8823 15.4091 15.0704 14.8338 14.8325 14.5595 14.3907 16.0904 14.8494 14.3819 14.3454 14.0616 63.2376 13.3479 13.188 13.1476
threshold=72.473494796226063 45.867486338797825 62.871870397643598 0.74100014994751839 -99.090909090909079 1.0000000180025095e-35 0.71317913730194438 8.5000000000000018 5.5000000000000009 8.5000000000000018 0.97530487804878063 99.779735682819393 -33.879577977694488 1.0000000180025095e-35 1.0000000180025095e-35 0.44484995944849964 0.68819444444444455 -48.495432128708863 0.83491781930806341 1.0000000180025095e-35 75.768872320596472 91.368667518092821 0.85725316196149548 0.8732225274725276 1.0000000180025095e-35 86.526825332795497 -33.879577977694488 0.60369652247003636 1.0000000180025095e-35 -1.5384615384615363 0.89370913062596646 0.61470985155195701 1.0000000180025095e-35 19.292803970223328 0.97402159244264519 4.4869493990097071 17.500000000000004 85.973110345958375 0.84198324994625262 1.0000000180025095e-35 0.8190909090909092 0.32200460829493094 1.0000000180025095e-35 1.0000000180025095e-35 0.84638075584312156 0.89371116550555463 0.39339826839826847 4.5000000000000009 0.38956639566395673 0.76396751792114703 92.031746031746039 0.64365079365079381 92.814068537175473 17.500000000000004 0.79232550499217169 0.95974235104669903 9.5000000000000018 49.003311258278153 0.71317913730194438 28.500000000000004 0.62268719994894139 0.82221283707991222
decision_type=2 2 2 2 2 2 2 2 2 2 2 2 2 2 2 2 2 2 2 2 2 2 2 2 2 2 2 2 2 2 2 2 2 2 2 2 2 2 2 2 2 2 2 2 2 2 2 2 2 2 2 2 2 2 2 2 2 2 2 2 2 2
left_child=2 6 4 50 31 7 14 13 29 12 11 24 19 38 21 16 57 32 39 44 -12 46 -17 -24 28 60 27 -27 30 49 52 -1 40 -23 61 37 -30 -36 47 55 -18 48 -32 -20 45 -5 -2 -3 59 -7 -4 -49 53 -9 -54 -11 -50 -6 -59 -35 -19 -10
right_child=1 5 3 9 15 8 -8 10 34 18 20 -13 -14 -15 -16 22 17 25 43 -21 -22 33 23 -25 -26 26 -28 -29 36 -31 42 -33 -34 41 35 -37 -38 -39 -40 -41 -42 -43 -44 -45 -46 -47 -48 51 56 -51 -52 -53 54 -55 -56 -57 -58 58 -60 -61 -62 -63
leaf_value=-0.053200818311175617 -0.070904730254127121 0.1872882314440131 -0.080228402512939181 1.2731009500981472 -0.078156706774657747 0.20127012085586338 0.21235101433082232 0.11213565165204312 0.06436450306259113 0.32417632159786464 -0.033970938393187135 0.20508962370620928 0.17517448370155855 0.024962410932490402 0.14415884970697657 -0.082175085254779734 -0.037387452439396195 -0.030860925040516161 0.12390470182778081 0.11806597148393577 0.28178456449833311 0.10298720289002269 -0.07806835751947204 0.26154024549575339 0.26003059618332663 0.34548487111266629 0.20790482848453781 1.1861105687970812 0.1487439334965753 0.22535444203354257 0.28715974970974478 0.031617377270541133 -0.075316059700431884 0.1258726464615815 0.65001505740224474 -0.0023077471007432074 0.045338559968793553 0.18769961226912191 0.19910529459925894 -0.073574996351963906 0.1067611936468586 0.20332419990751002 0.033052165811272405 0.37494779648661619 0.43010996515544747 0.63982643355050361 0.24227304568291733 0.20811730034732512 0.20928772972010529 0.11418737222323597 0.21726706283758454 0.14046183117679931 0.25359722278021801 -0.0031939731020436107 0.12142560762003068 0.037200359322020683 -0.046624238053312075 -0.078931962462844674 0.22078006843945802 -0.068156021191882327 0.29354773105586979 0.0033900963956421865
leaf_weight=29.760986456647515 401.6225570179522 353.03381982818246 515.46586710587144 0.66041887737810545 640.40759548451751 14.324777519330381 11.774130675941704 36.780516540631652 34.140083659440279 1.2179890628904093 3.2230837084352997 56.804841835051775 110.58604046329856 14.157580399885772 8.4654068462550622 13294.631016178988 13.928367642685773 4.7688501272350541 3.801405567675828 0.95890632644295681 27.602720851078629 10.206947159022091 54.728911721147597 10.887636784464119 9.9080902226269227 2.3497648537158997 26.125025674700737 0.55135266855359066 109.02558946795762 22.935045592486858 1.7365220077335823 150.80335000902414 136.95841918885708 6.7675500959157926 1.0576973743736737 1.9659883584827182 15.571339806541799 1.3009115085005758 813.30602354370058 11.902200076729059 8.9405314922332746 2.0902392193675032 64.201724525541067 3.1735940333455801 0.47209641337394703 0.5032346211373806 1.1046444736421097 25.68342412263155 1.4261802844703186 99.307629669085145 1.0748257730156172 98.167876651510596 7.920379705727103 9.8064305819571 17.372781252488494 13.566990969702601 82.286510303616524 23.374537023715678 5.5813776534050694 3.4137602299451828 0.9641408547759055 67.14377073943615
leaf_count=643 9630 4131 12696 37 15880 188 151 506 565 30 35 687 1440 224 120 331316 351 101 66 26 397 213 1352 153 142 82 340 30 1302 314 30 2862 3442 165 30 31 179 23 9760 224 226 42 813 58 9 21 29 332 37 1304 19 1174 114 131 199 236 1811 567 93 73 15 1198
internal_value=-0.0496364 0.120708 -0.0771712 -0.0280167 -0.0794349 0.167814 -0.049005 0.178567 0.0939133 0.153468 0.137934 0.127553 0.184226 0.189781 -0.0549527 -0.0806672 -0.0619401 -0.0146376 0.0500496 0.570029 0.24877 -0.0582648 -0.0818782 -0.0217177 0.111379 0.202339 0.237623 0.505244 0.105766 0.141991 0.078595 0.0176375 -0.0618256 -0.0135859 0.0317417 0.214393 0.135821 0.395021 0.191589 0.000893156 0.0189671 -0.0259822 0.0397442 0.238128 0.834979 0.999234 -0.0700457 0.178771 -0.031087 0.125165 -0.0796094 0.154492 0.114234 0.0878591 0.162814 0.0608415 -0.0422644 -0.0756911 -0.0211612 0.0608155 0.0236962 0.0239429
internal_weight=17503.8 2435.64 15068.1 663.384 14404.8 1906.48 529.158 1664.3 242.176 146.843 359.954 329.128 113.181 1304.35 517.384 14224.2 863.95 194.586 33.6622 2.59466 30.8258 508.918 13360.2 65.6165 272.323 34.7591 29.0261 2.90112 262.415 136.567 137.818 180.564 159.827 106.191 105.608 4.3246 124.597 2.35861 1290.19 26.6872 22.8689 95.9842 65.9382 6.975 1.63575 1.16365 402.727 476.885 93.894 113.632 516.541 123.851 71.8801 46.5869 25.2932 14.785 83.7127 669.364 28.9559 10.1813 5.73299 101.284
internal_count=408395 36080 372315 14862 357453 23809 12271 20156 3653 2147 4535 4103 1533 15621 12120 353948 21127 4587 614 93 432 12000 332821 1505 3416 568 452 112 3274 1806 1793 3505 4019 2341 1847 84 1481 53 15397 490 577 2128 843 124 67 58 9659 5637 2086 1492 12715 1506 950 637 313 266 1848 16540 660 238 116 1763
is_linear=0
shrinkage=0.08


Tree=5
num_leaves=63
num_cat=0
split_feature=4 3 20 4 2 12 0 2 0 17 4 4 12 8 13 4 20 12 1 4 17 6 11 0 20 17 2 0 4 11 17 2 4 17 20 13 13 17 3 3 0 5 18 5 0 17 17 18 8 6 4 17 0 13 13 13 1 3 0 3 18 4
split_gain=11283 2918.17 256.213 245.493 620.411 218.094 108.117 103.213 87.7102 59.5219 63.0025 54.6774 42.2532 36.9743 30.2087 28.8974 499.325 93.24 33.0312 32.1403 24.2151 32.0339 52.5273 24.1194 23.7014 22.0634 21.5072 21.9511 20.7439 20.9883 20.0449 19.6715 19.6256 18.9189 18.8554 18.8052 26.0336 24.8506 35.5322 23.7377 18.7277 18.0362 32.5683 22.5368 17.8485 20.8569 18.8468 17.7037 17.3868 16.979 16.4969 19.633 15.7599 22.5625 30.7377 17.4303 16.4943 23.2902 15.9739 15.7097 15.3952 15.5171
threshold=76.011695906432763 45.867486338797825 -99.090909090909079 68.244631185807677 0.74100014994751839 1.0000000180025095e-35 8.5000000000000018 0.67777777777777792 4.5000000000000009 0.97182539682539693 98.192705498094739 93.629319886852798 1.0000000180025095e-35 1.0000000180025095e-35 0.43614130434782611 61.128803963198877 -22.443541507916965 1.0000000180025095e-35 0.73401360544217698 66.288924558587482 0.93649193548387111 0.85725316196149548 1.0000000180025095e-35 4.5000000000000009 11.160549308415165 0.61470985155195701 0.93603069053708454 17.500000000000004 96.884704968944121 1.0000000180025095e-35 0.38956639566395673 0.8732225274725276 98.192705498094739 0.84924242424242435 -78.547459252157225 0.92582417582417598 0.37668918918918926 0.76043478260869579 76.277056277056289 68.323556653288065 10.500000000000002 54.847926267281117 0.79180648769574946 62.871870397643598 15.500000000000002 0.40161290322580651 0.551981471950592 0.99683544303797478 1.0000000180025095e-35 0.82456124057187907 1.0000000180025095e-35 0.938137755102041 14.500000000000002 0.95974235104669903 0.52786377708978349 0.84962406015037606 0.45889639639639646 70.678733031674227 9.5000000000000018 91.73497267759565 0.93952455590386641 87.528801843317993
decision_type=2 2 2 2 2 2 2 2 2 2 2 2 2 2 2 2 2 2 2 2 2 2 2 2 2 2 2 2 2 2 2 2 2 2 2 2 2 2 2 2 2 2 2 2 2 2 2 2 2 2 2 2 2 2 2 2 2 2 2 2 2 2
left_child=2 7 25 15 -5 6 13 11 33 10 26 -2 48 28 44 34 17 19 -18 20 -17 22 41 -14 -11 -1 27 30 29 60 -8 59 52 -7 50 36 39 -37 -39 -32 -28 -22 43 -43 46 -46 -13 -35 49 -6 51 -4 53 54 -10 -56 57 -55 -59 -31 61 -3
right_child=1 5 3 4 12 8 9 -9 32 24 -12 14 23 -15 -16 16 18 -19 -20 -21 21 -23 -24 -25 -26 -27 40 -29 -30 31 35 -33 -34 47 -36 37 -38 38 -40 -41 -42 42 -44 -45 45 -47 -48 -49 -50 -51 -52 -53 -54 56 55 -57 -58 58 -60 -61 -62 -63
leaf_value=-0.049994408251023643 -0.071528336005030377 0.14149530820015685 -0.038885252171295639 -0.079521330497508633 0.12041737350355895 0.28195534381289034 0.238688450936031 0.14373433463680038 0.083077425244816039 0.24253335350018088 0.16778845672467249 0.1469223035309507 0.1119979393837575 0.036061291682524012 0.10773140172459277 0.28130731393468855 -0.081349311525698409 0.03211714564923239 0.20151250112069985 0.22394372789032069 0.27640462649375713 0.25194488386529423 1.1991076026853316 -0.018737802535332283 0.019344431724750456 0.027094678338142143 -0.015813173823415801 0.038467386487530612 0.18472926735471176 0.08163455718710054 -0.0076910989529725459 0.17657606490317421 0.15666839162591725 0.12431933978643962 -0.082359818420488978 0.069888984965973719 0.19198682956209145 0.051198516319275085 0.22206041014182051 0.14130929138615986 0.19323922767243218 1.3934290943693504 0.43775045545550428 0.62604676705200035 0.041450644420732895 -0.063042776266954884 -0.0051387548742793752 0.024974660393809241 -0.071030858448649301 0.18778697321525051 -0.083231695981671447 0.096030400839848262 -0.044953993910387346 -0.028601957978699025 0.75578584947883909 0.22310836758304714 0.014517761955367811 0.10769562228250523 0.53109659196588754 0.2145763601024045 0.1303325247172607 0.17332411635392678
leaf_weight=27.972303424030542 464.67550210375339 175.42811278253794 24.389886379241943 384.20689534489065 73.860403158701956 4.4943662248551837 7.0663489364087573 16.567593512125313 5.8623061813414088 30.24812538549304 87.90473042987287 6.4796634428203097 16.073139619082212 14.004807403311132 12.070999392308293 5.0584693625569361 661.54740745387971 9.3654728531837481 2.6527364440262309 9.8120163194835168 1.4755615778267381 2.2234006505459547 0.82784823980182398 20.614857034757733 3.3860345184803 157.83168213628232 18.957424139603976 35.694447034969926 317.03740484640002 24.819541634991765 10.864987548440697 510.65925942361355 7.1534246243536463 124.37541731074452 12370.371614408679 119.03870161436498 30.16058573871851 13.549677263945343 18.323515610769391 18.485407082363963 3.2064111046493045 0.47404674999415908 2.0807656235992908 0.50678190030157566 14.828245959244667 69.637704274617136 26.76022260542959 12.647818069905041 2.5020981058478347 35.425623163580894 28.475115142762661 9.6281271558254939 19.750931080430746 1.9417877867817868 0.76278646290302254 0.81130430102348328 84.327444927766919 1.0094065889716151 1.3108878955245016 7.3805606588721266 166.93977380171418 222.18032614700496
leaf_count=635 11895 1928 617 10203 939 71 101 228 103 401 1007 147 191 222 219 142 17748 218 60 160 47 30 41 357 38 2910 206 442 3674 242 147 5827 89 1474 332793 1347 400 144 258 222 45 29 62 13 331 1622 610 151 26 427 763 245 335 32 25 17 1403 20 36 91 1769 2549
internal_value=-0.0486024 0.100653 -0.0778212 -0.0790902 -0.0258502 0.145429 0.155215 -0.0532171 0.0775062 0.11825 0.108823 -0.0587062 0.113033 0.165414 -0.0127958 -0.0812503 -0.0653876 0.244168 -0.0802196 0.332595 0.416891 0.507271 0.613086 0.038538 0.220064 0.0154891 0.089998 0.0966133 0.166686 0.161521 0.106156 0.172752 0.0280728 0.120447 -0.0821384 0.101706 0.13979 0.0866873 0.149425 0.086152 0.0144301 0.50616 0.616893 0.996932 -0.0251561 -0.0446986 0.0245035 0.115149 0.137482 0.142256 -0.0383057 -0.00070004 0.0201273 0.0335135 0.167358 0.481238 0.0222783 0.175824 0.346903 0.112106 0.150721 0.159281
internal_weight=16558.2 2710.8 13847.4 13661.6 532.683 2099.78 1835.34 611.02 264.448 396.886 363.252 594.452 148.476 1438.45 129.777 13128.9 696.025 31.8244 664.2 22.4589 12.6469 7.5884 5.365 36.688 33.6342 185.804 275.348 253.184 1424.44 1107.41 217.489 542.859 122.93 141.518 12432.9 210.423 59.511 150.912 31.8732 29.3504 22.1638 4.53716 3.06159 0.980829 117.706 84.466 33.2399 137.023 111.788 109.286 62.4931 34.018 115.777 96.0259 7.4364 1.57409 88.5895 4.26208 2.32029 32.2001 564.548 397.608
internal_count=408524 39868 368656 365111 12143 24816 21060 15052 3756 4758 4319 14824 1940 16302 2929 352968 18550 742 17808 524 364 222 192 548 439 3545 3312 3061 16080 12406 2619 6160 2060 1696 334418 2518 769 1749 402 369 251 151 104 42 2710 1953 757 1625 1392 1366 1625 862 1971 1636 145 42 1491 88 56 333 6246 4477
is_linear=0
shrinkage=0.08


Tree=6
num_leaves=63
num_cat=0
split_feature=4 3 20 4 3 9 0 1 0 4 6 5 0 8 4 3 9 1 9 4 10 7 4 20 13 3 8 1 4 3 20 4 7 10 4 3 1 5 6 13 7 0 1 0 13 0 0 1 6 3 0 18 4 18 13 3 1 18 20 18 4 18
split_gain=10011.9 2323.2 248.747 240.084 526.907 181.143 93.3874 85.4809 66.2142 51.6696 44.3932 39.1613 37.4989 29.7077 29.441 385.948 44.4518 25.8901 24.5261 24.2727 20.3426 23.8783 21.4309 19.3278 17.6902 18.4616 16.2927 15.9859 15.6813 16.8435 15.6489 15.6152 15.1883 20.7622 14.6105 14.572 14.3785 13.9989 15.1159 13.654 13.4519 13.0281 19.9498 12.6549 12.5066 12.2821 12.2119 16.554 16.8175 12.4736 12.2373 12.1804 14.6552 12.7764 12.0956 12.0432 13.7648 11.837 18.4972 11.8257 10.8019 10.4354
threshold=76.011695906432763 45.867486338797825 -99.090909090909079 68.244631185807677 78.86762360446572 1.0000000180025095e-35 8.5000000000000018 0.33615819209039555 5.5000000000000009 93.629319886852798 0.88138333138333158 96.015873015873026 5.5000000000000009 1.0000000180025095e-35 61.128803963198877 86.72955974842769 1.0000000180025095e-35 0.79008567931456553 1.0000000180025095e-35 99.779735682819407 1.0000000180025095e-35 1.0000000180025095e-35 96.884704968944121 -78.547459252157225 0.39444444444444449 24.068965517241384 1.0000000180025095e-35 0.60208333333333341 1.0000000180025095e-35 87.585616438356183 -1.0000000180025095e-35 90.397787144362511 1.0000000180025095e-35 1.0000000180025095e-35 98.192705498094739 71.010186757215635 0.35805860805860806 82.785560344827601 0.8905029937382879 0.10263157894736842 1.0000000180025095e-35 17.500000000000004 0.5887605042016808 9.5000000000000018 0.56330128205128216 8.5000000000000018 14.500000000000002 0.51787994891443179 0.80001544022177795 62.418831168831176 8.5000000000000018 0.93952455590386641 88.944444444444457 0.84389334862385335 0.35038363171355502 63.702239789196319 0.33615819209039555 0.8738301408204322 -11.240969450729027 0.95670914542728647 65.633012820512832 0.78601953601953611
decision_type=2 2 2 2 2 2 2 2 2 2 2 2 2 2 2 2 2 2 2 2 2 2 2 2 2 2 2 2 2 2 2 2 2 2 2 2 2 2 2 2 2 2 2 2 2 2 2 2 2 2 2 2 2 2 2 2 2 2 2 2 2 2
left_child=2 7 27 14 12 6 13 9 30 44 11 41 -5 20 23 17 60 -16 26 32 21 22 51 28 25 39 40 -1 29 -4 37 -9 33 55 46 -35 -14 38 -7 -11 -6 42 -8 -27 -2 -20 47 49 50 -10 -49 52 53 -3 -23 -12 -57 58 -40 -13 -17 -44
right_child=1 5 3 4 18 8 10 31 34 24 19 59 36 -15 15 16 -18 -19 45 -21 -22 54 -24 -25 -26 43 -28 -29 -30 -31 -32 -33 -34 35 -36 -37 -38 -39 57 -41 -42 -43 61 -45 -46 -47 -48 48 -50 -51 -52 -53 -54 -55 -56 56 -58 -59 -60 -61 -62 -63
leaf_value=-0.044123509159493451 -0.072287321756507261 0.13787542705644668 -0.043360460290740734 0.19698548791686649 0.12542865989642246 0.10104010801379758 0.091682636166003778 0.044643311196646683 0.006264330551227818 -0.053518464005623143 0.13549630552809497 0.0017104835688914264 -0.080450086022075845 0.032169971461751726 -0.080564386006253791 0.27288831298441019 0.030481388749835518 0.30112332383227541 0.077361633384279802 0.16652129338882099 0.15675726307334109 -0.017132126803683569 0.1639550760965616 -0.082036553322419978 0.06093381235320805 0.18014878073634175 -0.080576179490514543 0.023371369311476181 -0.082973602400239099 0.073615257633509831 0.16331781020275504 0.19599021399829791 0.20309911575610856 0.072058877148910461 0.12965330476746664 0.13960464563546451 -0.01693768880731546 0.069770866664997988 0.060407575424243874 0.066057220156181332 0.24790132032199347 -0.0017909733019799412 0.10890498249569502 -0.048446543873639121 0.02168386935944043 -0.036002912800432711 -0.043064393490025811 0.12506913123440921 -0.0090958623617738293 0.1726536118956867 0.0059807094138582383 0.10766836465338704 0.15149286891457675 0.097399063675827388 0.18443852281530146 0.2159592997786936 0.021066055628062342 0.32433219786273065 0.31994262715360333 0.19512365742273929 0.17586530257499117 0.013744532064786166
leaf_weight=26.066885891370475 425.31712270900607 109.96275097131729 21.641970893368125 3.2416882570832959 96.900782316923141 44.77167490310967 90.518347637727857 8.4701086496934312 4.5007416848093262 8.7319865040481108 9.8468631319701654 2.2577424868941334 348.02155497763306 14.42420559749007 615.05795812606812 15.791063005104663 9.7149670310318452 1.1394655518233765 23.228997852653269 69.174183862283826 752.25223057717085 1.9534763172268856 116.62455329671502 11462.470708281733 18.009945881552994 1.5804588561877597 2.3449500538408747 162.22198969032615 26.364284109324217 12.387261528521774 22.639201615005732 8.997673135250805 10.482572942972181 27.387314908206463 7.647114496678113 80.592562057077885 24.412927110679448 79.115962259471416 5.1522853188216686 20.365624341182411 6.1010379120707503 18.884148681536317 8.8679566178470832 80.177174888551235 9.2615899499505741 8.3026129044592363 18.999702521599829 12.549284828826787 57.187255350872874 8.0247554592788202 9.8623975049704296 160.42978295683861 168.24741272255778 91.390173532068729 77.183999754488468 2.5005081593990317 32.003516279160976 3.5945689678192139 2.6673547327518445 19.47445603273809 13.728967314586042 43.814630100503564
leaf_count=618 11683 1190 568 50 1094 488 1094 146 75 169 121 18 9969 222 17777 329 219 27 286 793 8326 15 1304 332793 337 38 25 2927 763 294 274 131 130 283 87 865 502 891 51 442 82 244 117 1941 165 135 335 173 983 151 148 1606 1837 899 903 33 343 59 41 236 198 481
internal_value=-0.0475915 0.090506 -0.077249 -0.0786032 -0.0249681 0.128311 0.137082 -0.0516891 0.0678209 -0.0570925 0.103553 0.0741873 -0.0739288 0.146423 -0.0808606 -0.064368 0.178916 -0.0798586 0.109409 0.126821 0.147538 0.137984 0.132907 -0.0817987 -0.0126039 -0.0245511 0.127936 0.0140273 -0.0366605 -0.000779165 0.101757 0.122602 0.109954 0.103544 0.0226932 0.122473 -0.0762869 0.0914562 0.121992 0.0301734 0.132683 0.0606664 0.0689027 -0.0440276 -0.0702846 0.0475115 0.0153327 0.0273765 0.0139241 0.112866 0.0726635 0.126076 0.134066 0.119504 0.179463 0.0574602 0.03519 0.204173 0.148937 0.17503 0.227766 0.0297627
internal_weight=15645 2765.9 12879.1 12690.9 512.555 2184.99 1908.27 580.912 276.712 563.444 415.805 183.817 375.676 1492.47 12178.3 655.432 39.235 616.197 136.878 231.988 1478.04 725.792 646.655 11522.9 128.865 110.855 105.347 188.289 60.3935 34.0292 157.941 17.4678 162.813 152.331 118.771 107.98 372.434 135.302 56.1859 29.0976 103.002 162.085 143.201 81.7576 434.579 31.5316 111.124 92.1244 79.5989 12.5255 22.4117 530.03 369.6 201.353 79.1375 44.3509 34.504 11.4142 7.81964 21.7322 29.52 52.6826
internal_count=408524 39868 368656 365111 12143 24816 21060 15052 3756 14775 4758 2190 10521 16302 352968 18550 746 17804 1622 2568 16080 7754 6836 334418 2927 2590 1201 3545 1625 862 1804 277 1775 1645 1952 1148 10471 1530 639 611 1176 1936 1692 1979 11848 421 1865 1530 1304 226 321 5532 3926 2089 918 497 376 151 92 254 527 598
is_linear=0
shrinkage=0.08


Tree=7
num_leaves=63
num_cat=0
split_feature=4 3 20 4 2 12 2 17 4 4 17 8 4 3 12 4 12 2 1 2 7 10 2 3 2 1 15 10 14 20 17 4 7 10 7 2 17 10 6 15 18 4 4 4 14 17 14 20 17 5 1 3 15 17 2 1 17 14 2 2 5 6
split_gain=8943.24 1887.49 242.924 236.354 469.226 154.326 79.9516 74.3324 50.6502 46.4474 35.6789 35.4159 30.8681 327.866 40.3704 30.0096 26.1197 25.6099 24.3284 23.7372 20.804 19.721 18.1215 17.9098 33.4382 27.6105 20.4584 16.4696 16.1253 16.8311 15.6283 14.0717 13.975 16.0271 13.7471 13.6965 13.5662 12.9329 14.0039 12.9213 12.8521 12.5182 12.517 12.3048 11.9833 11.5622 19.4267 11.5543 10.7817 10.4837 10.116 9.80288 9.79171 9.59509 9.59373 11.889 9.49044 9.37607 23.5815 9.20231 9.17519 8.77831
threshold=76.011695906432763 45.867486338797825 -78.547459252157225 68.244631185807677 0.74100014994751839 1.0000000180025095e-35 0.67777777777777792 0.88516483516483524 93.629319886852798 98.192705498094739 0.89009661835748799 1.0000000180025095e-35 61.128803963198877 78.629976580796267 1.0000000180025095e-35 1.0000000180025095e-35 1.0000000180025095e-35 0.94167065390749616 0.26747967479674806 0.69128958503958515 1.0000000180025095e-35 1.0000000180025095e-35 0.91306418219461705 82.446311858076584 0.94001581027668002 0.72046511627906984 1.0000000180025095e-35 1.0000000180025095e-35 1.0000000180025095e-35 16.309308732141716 0.47114317425083246 88.944444444444457 1.0000000180025095e-35 1.0000000180025095e-35 1.0000000180025095e-35 0.86530166262309127 0.551981471950592 1.0000000180025095e-35 0.85725316196149548 1.0000000180025095e-35 0.99683544303797478 94.759725400457668 91.686991869918714 99.779735682819407 1.0000000180025095e-35 0.84924242424242435 1.0000000180025095e-35 -15.34007106462858 0.73123827392120078 70.480385986993923 0.46470099667774095 92.907444668008068 1.0000000180025095e-35 0.52679425837320581 0.66948048225138013 0.35805860805860806 0.81530214424951275 1.0000000180025095e-35 0.82340215109520198 0.53463841713841731 55.675960637300854 0.80001544022177795
decision_type=2 2 2 2 2 2 2 2 2 2 2 2 2 2 2 2 2 2 2 2 2 2 2 2 2 2 2 2 2 2 2 2 2 2 2 2 2 2 2 2 2 2 2 2 2 2 2 2 2 2 2 2 2 2 2 2 2 2 2 2 2 2
left_child=2 6 15 12 -5 7 8 9 52 11 43 19 -4 22 37 17 32 -1 30 31 21 28 -14 24 26 -25 35 34 29 -21 -10 -3 33 45 42 -9 -8 56 -39 -18 41 -12 -27 57 51 46 -6 -41 59 -23 -38 -29 -2 -51 55 -33 -15 58 -7 -20 -47 -59
right_child=1 5 3 4 16 10 36 23 18 -11 40 -13 13 14 -16 -17 39 -19 48 20 -22 49 -24 25 -26 27 -28 44 -30 -31 -32 54 -34 -35 -36 -37 50 38 -40 47 -42 -43 -44 -45 -46 60 -48 -49 -50 53 -52 -53 -54 -55 -56 -57 -58 61 -60 -61 -62 -63
leaf_value=-0.026918622787093321 -0.0707106485306358 -0.0091253035346609383 -0.081728720107847458 -0.078456116216208502 0.28964560301109143 0.026291341590209565 0.2036490019920402 -0.012781322974414127 0.026418983832438118 0.14257982496033519 0.080495458554420363 -0.054267761291725058 -0.081411692434562102 0.078961537139190449 0.0060469195761624931 -0.082736836964972901 0.23699230772846919 0.030088184265401545 -0.03601690064267303 0.093506367968351448 0.17930082028283015 0.18481806592854047 0.22952859447573473 0.19360121970537494 0.17472611202547808 0.10852878503828606 0.10170438370387169 0.032112603513809644 0.076255370243596257 0.20897759902264909 -0.041647068631736367 0.047372937535334947 0.21822535388842951 0.13996942279498434 0.16079443297424587 0.19412596483528963 -0.018707004173024275 0.34195352151788377 0.16403199242713967 0.045229289678565848 0.014270908799198557 0.14122141648549907 0.13592256615855383 0.17179374606920381 0.14871807039967458 0.013971212412195644 0.016760739041182068 -0.060217023025536741 -0.0020071687912959321 0.062585439348753019 0.13605780265684211 0.12995643595917836 0.050085645041931609 0.11584512751949247 0.003830835225513249 0.16061447199643311 0.17807942191881915 0.05007647647667729 0.26794335258718993 0.1784634097778926 0.11478674841976601 -0.0015880320755528447
leaf_weight=76.484840553253889 403.75799228996038 19.530773000791669 10619.439855598845 332.0066848071292 1.7904234714806104 11.144874381832777 6.9769895551726249 18.658315390348438 29.113094407133758 156.61441678926349 125.22847862355411 10.167794518172739 564.39323470648378 9.7013333309441823 12.320877199992536 24.404117800295353 1.8456113301217545 148.083665125072 1.5513233821839074 23.089158065617085 20.953629285097122 12.798101879656313 1.2021093340590585 55.689126286655664 31.849572502076626 247.48166801407933 60.166638446971774 10.105034962296488 246.80909826233983 12.426814522594212 83.534056272357702 12.075790926814081 6.7192829754203549 40.706485979259014 61.354779221117496 2.2999566029757252 5.2763600628823024 5.1287539638578874 6.3200191929936409 27.841419149190187 15.376881597563623 26.285875990986824 187.73101701587439 3.6279868334531775 486.97725386917591 6.7040885817259541 24.746964367106557 8.7378210574388486 5.4434820879250756 24.06006583571434 5.5420888178050518 18.645585522055626 4.3408566731959572 216.00491892546415 8.4674897938966733 11.665361857041715 17.04481312725693 29.79322119243443 3.3647373560816041 7.3274300238117576 41.801597528159618 71.703784991055727
leaf_count=1825 11838 263 332793 10203 31 190 94 190 619 1718 1372 160 17605 192 279 763 33 2582 28 236 245 152 28 676 370 2477 612 85 2608 157 2030 128 86 450 698 28 74 96 71 342 179 296 2016 42 5411 62 316 173 104 221 60 199 57 2202 69 139 279 415 53 148 447 1209
internal_value=-0.0466109 0.0822441 -0.0766801 -0.07834 -0.0241189 0.114889 -0.0501485 0.122923 -0.0556966 0.103665 0.0600567 0.0938045 -0.0807187 -0.0633099 0.131966 0.00151656 0.0880069 0.0106725 -0.0115692 0.0962813 0.101103 0.0980415 -0.0807508 0.135555 0.105264 0.138759 0.0779935 0.135742 0.0835081 0.133909 -0.0240557 0.0444517 0.106062 0.0995508 0.125343 0.00992464 0.11667 0.172584 0.243736 0.0304615 0.0839582 0.0910307 0.120345 0.0267139 0.145755 0.0776261 0.0351717 0.0200409 0.08664 0.114268 0.0605761 0.0955671 -0.0694258 0.110507 0.0769399 0.103015 0.142127 0.0221767 0.0823298 0.140989 0.100853 0.0135775
internal_weight=14772.4 2795.01 11977.4 11728.5 492.9 2242.15 552.864 1955.62 535.068 774.663 286.526 618.049 11235.6 616.111 50.5158 248.973 160.894 224.569 126.969 607.881 556.142 535.188 565.595 1180.96 112.974 1067.98 81.1249 1012.3 282.325 35.516 112.647 51.7394 122.469 115.75 496.567 20.9583 17.7954 38.1949 11.4488 38.4249 166.891 151.514 435.213 119.635 515.728 75.0431 26.5374 36.5792 14.3222 252.863 10.8184 28.7506 408.099 240.065 32.2086 23.7412 26.7461 116.007 14.5096 8.87875 48.5057 101.497
internal_count=408524 39868 368656 363486 12143 24816 15052 21060 14824 8298 3756 6580 351343 18550 917 5170 1940 4407 2929 6420 5821 5576 17633 12762 1200 11562 830 10886 3001 393 2649 599 1392 1306 5191 218 228 638 167 548 1847 1668 4493 1909 5695 856 347 515 280 2575 134 284 11895 2423 336 267 471 1867 243 176 509 1624
is_linear=0
shrinkage=0.08


Tree=8
num_leaves=63
num_cat=0
split_feature=4 3 20 4 2 12 0 2 4 4 0 17 4 3 0 17 12 4 0 3 2 1 14 3 7 10 10 2 17 0 0 1 6 0 0 1 20 2 4 1 18 14 7 20 6 4 17 6 17 5 6 17 15 18 15 15 1 2 0 2 0 1
split_gain=8026.89 1554.69 238.923 230.349 412.71 134.439 94.4896 69.2326 48.7533 46.1482 43.4653 35.8438 31.3375 285.797 29.8412 31.3616 29.3356 27.2925 26.6558 22.8523 21.4361 19.6893 18.6909 17.8957 16.3244 17.8564 15.3702 14.7212 14.6249 18.5974 16.1326 14.3277 14.2884 12.896 12.6675 16.1435 12.318 11.9283 12.0016 11.5336 11.3859 11.1508 11.1064 12.294 10.8382 10.8031 10.426 9.89555 9.73654 9.72598 9.67353 10.2904 9.26046 10.6192 9.0764 9.04019 9.02616 8.926 8.55675 8.34531 8.3312 8.29941
threshold=76.011695906432763 45.867486338797825 -78.547459252157225 68.244631185807677 0.74100014994751839 1.0000000180025095e-35 4.5000000000000009 0.67777777777777792 93.629319886852798 96.884704968944121 4.5000000000000009 0.97182539682539693 61.128803963198877 77.485187623436488 8.5000000000000018 0.72821969696969713 1.0000000180025095e-35 1.0000000180025095e-35 5.5000000000000009 92.907444668008068 0.94167065390749616 0.26747967479674806 1.0000000180025095e-35 85.215543412264751 1.0000000180025095e-35 1.0000000180025095e-35 1.0000000180025095e-35 0.91306418219461705 0.65058139534883741 17.500000000000004 9.5000000000000018 0.66969696969696979 0.75592784261388923 7.5000000000000009 14.500000000000002 0.65450928381962881 -0.83482931456948239 0.89370913062596646 86.027512464708366 0.84292763157894746 0.98757716049382727 1.0000000180025095e-35 1.0000000180025095e-35 -1.5384615384615363 0.74086478236837017 98.192705498094739 0.74133811230585434 0.65972879879532453 0.551981471950592 54.847926267281117 0.85725316196149548 0.41728855721393038 1.0000000180025095e-35 0.79928057553956855 1.0000000180025095e-35 1.0000000180025095e-35 0.3465463108320252 0.83555908449284144 7.5000000000000009 0.92942810457516345 6.5000000000000009 0.85239651416122009
decision_type=2 2 2 2 2 2 2 2 2 2 2 2 2 2 2 2 2 2 2 2 2 2 2 2 2 2 2 2 2 2 2 2 2 2 2 2 2 2 2 2 2 2 2 2 2 2 2 2 2 2 2 2 2 2 2 2 2 2 2 2 2 2
left_child=2 7 17 12 52 6 26 8 55 11 36 14 -4 27 15 58 44 20 -6 -13 -1 28 57 -24 25 37 42 -14 29 40 -30 46 -17 -22 35 45 39 38 -16 -7 -10 -37 43 -3 47 59 -25 49 -9 -15 -27 -52 -5 -54 -39 -2 -50 -20 60 -12 -8 -18
right_child=1 5 3 4 18 10 9 48 21 -11 34 19 13 16 24 32 61 -19 22 -21 33 -23 23 31 -26 50 -28 -29 30 -31 -32 -33 -34 -35 -36 41 -38 54 -40 -41 -42 -43 -44 -45 -46 -47 -48 -49 56 -51 51 -53 53 -55 -56 -57 -58 -59 -60 -61 -62 -63
leaf_value=-0.025402849558975572 -0.069672302802748526 0.10640922378688591 -0.081434021428234596 -0.0791486352003683 0.10398140446902641 0.20414039114230931 0.12554372400663844 0.17481987400954435 0.012168701534473922 0.12264883856255136 0.043145470612585744 0.074182278492146009 -0.081249051895026417 0.095398099600665601 0.0088431065368751987 0.026357005523744894 -0.043036357727781159 -0.082519509621914691 0.086585846014941126 0.18428304849428759 0.023869651861134291 0.074221172922424902 -0.037945119936056371 0.082940119641319823 0.15151387699930569 0.037848372937385646 0.13574276899582452 0.19514924332913061 0.23292181943038373 -0.025070599597854817 -0.060218177503725753 0.0053946357710964099 0.081704498257047439 0.20321901908072304 -0.03820336293654613 0.16901116362914567 0.1363676785301258 0.18806754675304976 0.077572321892529938 0.068337733096976022 0.14058064565925452 -0.0066918445971061126 0.14796717236052301 0.13766701417724744 0.19897715467887442 0.18830046454353799 0.26510608621763415 0.062326980240187076 -0.06303114704577481 0.2227124486532967 0.19511214943387234 0.080676450286156137 0.30006286912900665 -0.047456394216979295 0.0041777685507515148 0.044325893064461531 0.10096453870336936 0.29329210814015155 0.13501748808709946 0.18198317290041727 0.066649412399302846 0.091621568744052376
leaf_weight=74.643096826970577 378.04760284163058 386.53181065805256 9837.0228515584022 306.09808405861259 102.4701838567853 4.1220645233988753 30.499439222738147 7.4545264169573811 9.280714875087142 222.63462059386075 45.590402668341994 19.042911231517792 522.12855244427919 7.9315041601657885 24.184328000992537 41.018151096999645 8.338418626226483 22.584760209545493 2.9611446335911742 32.925953812897205 149.30960659030825 15.284108856692908 19.516543799079955 17.070326434448365 10.99644088000059 34.901161013171077 575.67340336367488 1.236171968281268 1.2304652370512474 40.192352859303355 51.093140276148915 18.112213211134076 109.65322913043201 2.6107417773455373 20.749009218998253 2.412812763825058 22.190794941037893 1.7626095116138447 49.629450455307961 137.95232367888093 8.4360793745145202 55.148484582081437 65.65662807226181 101.72232395038009 14.280758323147891 4.0041369237005702 2.2792590931057921 13.052888950332997 2.9615809228271228 7.444861008785665 5.3341422192752352 87.933490501716733 0.8770892964676017 1.5702111385762689 67.604959953576326 4.5051222043111911 7.818035451695323 2.4376040827482939 85.197677347809076 2.9501142483204594 30.994044400751591 4.5156531231477848
leaf_count=1825 11838 3895 332793 10124 1055 54 326 94 230 2374 732 189 17575 139 310 362 191 763 41 394 2525 280 342 228 126 355 6386 25 31 932 1292 201 1067 57 351 36 247 24 545 1395 164 838 748 1114 192 49 35 201 47 125 65 846 33 46 745 57 87 38 900 54 289 102
internal_value=-0.0456552 0.0752917 -0.0761167 -0.077889 -0.0233106 0.103911 0.111405 -0.048638 -0.0541348 0.0913296 0.0535337 0.0802912 -0.0803695 -0.0622815 0.0745854 0.0922719 0.110227 0.00134334 0.0788823 0.143939 0.00970312 -0.010871 0.0376506 0.0241708 0.0559583 0.052086 0.126589 -0.0805962 -0.0226693 0.00502921 -0.0533246 0.0565314 0.0666369 0.0269518 0.0191352 0.0299404 0.0809358 0.0326695 0.0550539 0.0722778 0.0733137 0.000673147 0.117076 0.112921 0.142117 0.062002 0.104398 0.113554 0.104522 0.157041 0.0737767 0.0872212 -0.0779094 0.0770912 0.00885035 -0.0683298 0.0559085 0.179916 0.118602 0.0515835 0.0958597 0.00426916
internal_weight=13943.8 2805.32 11138.5 10889.3 473.393 2279.02 1983.9 526.304 508.07 854.313 295.12 631.678 10416 578.929 579.709 297.363 55.5641 249.148 164.847 51.9689 226.563 125.517 62.3771 56.9783 282.347 271.35 1129.58 523.365 110.233 57.9091 52.3236 37.4618 150.671 151.92 130.855 110.106 164.265 143.181 73.8138 142.074 17.7168 57.5613 553.911 488.254 42.71 52.5447 19.3496 28.4293 18.2341 15.3764 128.169 93.2676 308.545 2.4473 69.3676 382.553 10.7796 5.39875 146.691 48.5405 61.4935 12.8541
internal_count=408524 39868 368656 363486 12143 24816 21060 15052 14824 8917 3756 6543 351343 18550 5960 2944 950 5170 1940 583 4407 2929 885 806 3016 2890 12143 17600 2649 1326 1323 464 1429 2582 2060 1709 1696 1624 855 1449 394 874 5757 5009 657 835 263 465 228 264 1266 911 10203 79 769 11895 134 79 1515 786 615 293
is_linear=0
shrinkage=0.08


Tree=9
num_leaves=63
num_cat=0
split_feature=4 3 20 4 2 0 9 2 9 4 4 4 3 17 0 17 0 4 9 7 3 2 17 1 13 11 7 0 11 2 2 6 0 17 13 7 4 18 0 1 17 0 11 13 13 6 13 4 13 6 13 0 5 1 13 18 5 17 13 3 0 4
split_gain=7230.45 1295.41 234.965 224.784 364.661 122.113 76.2088 60.2413 46.8128 46.7337 41.7266 31.675 253.103 31.2862 26.7973 29.6133 25.0529 24.8473 21.8121 19.7436 19.14 18.5724 17.2729 17.799 17.113 15.9665 15.2978 15.1875 13.896 12.7416 12.6871 12.5938 12.161 12.0328 11.2708 10.8035 11.5458 10.7326 10.6481 13.3897 10.3723 11.6815 11.2549 11.7394 12.1394 10.1595 9.72304 9.40378 9.21986 9.14138 9.13762 9.06494 12.0734 13.7998 8.45558 8.43027 8.68794 8.39232 8.20401 8.18458 8.86169 7.76562
threshold=76.011695906432763 45.867486338797825 -78.547459252157225 68.244631185807677 0.68094111207701469 4.5000000000000009 1.0000000180025095e-35 0.67777777777777792 1.0000000180025095e-35 93.629319886852798 98.192705498094739 61.128803963198877 77.485187623436488 0.97182539682539693 8.5000000000000018 0.72821969696969713 4.5000000000000009 1.0000000180025095e-35 1.0000000180025095e-35 1.0000000180025095e-35 92.907444668008068 0.92225829725829744 0.76043478260869579 0.24357284113381675 0.36700336700336705 1.0000000180025095e-35 1.0000000180025095e-35 17.500000000000004 1.0000000180025095e-35 0.93603069053708454 0.90834123972169523 0.75592784261388923 10.500000000000002 0.40161290322580651 0.86335403726708082 1.0000000180025095e-35 96.394209933258239 0.98009900990099019 14.500000000000002 0.69337606837606847 0.36451048951048953 17.500000000000004 1.0000000180025095e-35 0.95974235104669903 0.63818181818181829 0.72882406540181444 0.78416149068322993 98.192705498094739 0.3053613053613054 0.73439102547172108 0.39444444444444449 29.500000000000004 99.779735682819393 0.11814556331006983 0.64611005692599621 0.94756480754124117 93.528759082286413 0.94519519519519524 0.32345248474280741 92.031746031746039 7.5000000000000009 90.957190957190974
decision_type=2 2 2 2 2 2 2 2 2 2 2 2 2 2 2 2 2 2 2 2 2 2 2 2 2 2 2 2 2 2 2 2 2 2 2 2 2 2 2 2 2 2 2 2 2 2 2 2 2 2 2 2 2 2 2 2 2 2 2 2 2 2
left_child=2 7 17 11 -5 8 10 9 25 54 13 -4 30 14 15 46 -6 21 49 28 48 -1 23 27 -17 35 29 37 -18 40 -13 -26 -31 51 -10 36 57 -11 39 -8 -16 42 43 44 -42 -41 -7 -36 -15 -14 -25 52 -29 -54 -2 56 -33 58 -3 -48 -61 -43
right_child=1 5 3 4 16 6 38 -9 34 22 -12 12 18 20 26 24 19 -19 -20 -21 -22 -23 -24 50 31 -27 -28 33 -30 32 -32 55 -34 -35 47 -37 -38 -39 -40 45 41 61 -44 -45 -46 -47 59 -49 -50 -51 -52 -53 53 -55 -56 -57 -58 -59 -60 60 -62 -63
leaf_value=-0.0395959353089042 -0.068629484615906497 -0.0066694346301055451 -0.081150325023737993 -0.078806746735557653 0.094540814480034915 0.16777075092364416 0.047835204655363013 0.094342404227316407 0.18145762803498919 -0.0068774330979308245 0.11933812095489042 -0.081006116082910765 0.095839494271988346 -0.068159345784139028 0.12851704129153083 -0.036995857512976946 0.0080465729699314321 -0.08231995214761037 0.0037710509412387061 0.28434575482572266 0.16583615011533318 0.019567776776961213 -0.054415926975627554 0.028745811920876347 0.029024494521082397 0.12632598425630848 0.13745529691882655 0.013221031553753145 0.094438069199443975 -0.031833565464253477 0.14391451506509026 0.083481301488753767 0.12595789312540656 -0.063730041428222597 0.062348136040654416 0.13796660734404328 0.12827401012720047 0.10356782724051783 -0.036330601164785141 0.18148598914600275 0.050527929031628248 -0.030925655128032029 0.074850353624486637 0.024802425367813824 0.15769388338840923 -0.017788202510954615 0.029825203552341632 0.13298884632958119 0.090227418859585296 0.17127255072581196 0.14570544980827013 -0.072236809485003398 0.054520530727069465 0.41748435441702447 0.038436989709692851 0.0476024026431894 0.15359625215251402 0.09224581990445517 0.13104406445196445 0.083146167562682366 0.12393507218651319 0.045277955141700056
leaf_weight=41.497406924143434 354.07316781394184 2.9069132804870597 9111.1825248496607 281.33323285356164 100.3633300550282 16.190082032233477 71.34947064332664 18.550320928916335 5.8005381114780894 11.964029927738011 159.93005414307117 483.49637894053012 30.199543085880578 2.7028438448905971 11.396184328943489 10.648447211831806 56.540586055256426 20.896849360316992 12.906025633215902 1.9485488012433041 36.389484383165836 186.89614367298782 38.919928602874279 9.2857963936403412 39.773778300732374 569.335071220994 13.053356252610682 7.6381500549614412 15.09773550275713 20.058087026700381 1.610380183905362 68.041168140247464 3.7030392959713927 30.650979273952544 151.03274427354336 64.813743397593498 94.94652147591114 10.637980524450541 20.100484208203852 1.7084373030811537 24.447138445451856 17.232866303995252 115.27978446148336 89.003345891833305 9.3531231563538295 39.36683089658618 9.298546586185692 13.107388034462927 18.12875584885478 15.589347686618565 7.922411097213625 4.3873451985418788 1.576186588034034 1.1665399987250564 4.7846014862880102 33.756317917257547 13.565252376720307 335.262321960181 58.166995950043201 57.536389352753758 83.648345854133368 17.003238998353481
leaf_count=1106 11822 22 332793 10049 999 187 1080 228 69 305 1741 17568 458 22 128 79 884 763 293 28 429 3301 976 214 349 6386 146 161 183 200 32 663 43 804 1478 748 1059 200 351 26 273 212 1100 937 107 603 79 149 181 199 123 89 26 31 73 299 154 3307 621 556 866 166
internal_value=-0.0447213 0.0693514 -0.0755487 -0.0774405 -0.0225084 0.0947744 0.0738134 -0.047132 0.110999 -0.0525654 0.0824208 -0.0800309 -0.0612749 0.0741075 0.069137 0.0850499 0.0685441 0.00117849 0.0956302 0.0330877 0.130829 0.00881817 -0.0102579 0.00990681 0.0611098 0.116909 0.0526319 -0.00848139 0.0262535 0.0490309 -0.0802595 0.0678437 -0.00724264 -0.0351478 0.0718621 0.107267 0.103217 0.0451053 0.0172989 0.0268874 0.0537438 0.0506147 0.0568978 0.0400452 0.0801826 -0.00949982 0.108862 0.0679891 0.0696772 0.121522 0.0825923 0.0241737 0.0649204 0.208897 -0.067202 0.0812274 0.0951364 0.0972144 0.124489 0.102525 0.107313 0.00692059
internal_weight=13159.2 2799.59 10359.6 10110.3 455.283 2298.04 1002.66 501.557 1295.37 483.007 870.14 9654.98 543.802 710.21 652.988 332.458 173.95 249.29 58.6949 73.5869 57.2211 228.394 124.149 85.2294 165.785 1125.43 320.53 68.0212 71.6383 307.477 485.107 155.137 23.7611 45.4192 169.941 556.096 491.283 22.602 132.525 112.425 283.716 272.319 238.083 122.804 33.8003 41.0753 166.673 164.14 20.8316 45.7889 17.2082 14.7682 10.3809 2.74273 358.858 115.363 81.6064 396.336 61.0739 150.483 141.185 34.2361
internal_count=408524 39868 368656 363486 12143 24816 10977 15052 13839 14824 8917 351343 18550 7176 6544 3232 2094 5170 950 1095 632 4407 2929 1953 1544 12143 3312 1616 1067 3166 17600 1465 243 1111 1696 5757 5009 505 2060 1709 2923 2795 2417 1317 380 629 1688 1627 203 657 337 307 218 57 11895 1116 817 3950 643 1501 1422 378
is_linear=0
shrinkage=0.08


Tree=10
num_leaves=63
num_cat=0
split_feature=4 3 20 4 2 0 13 4 9 5 9 0 8 4 17 4 13 20 17 0 17 3 17 4 20 4 17 9 18 2 6 6 0 8 6 5 5 17 20 9 4 17 10 13 18 2 6 18 6 6 0 6 6 0 17 20 6 5 0 17 17 13
split_gain=6499.46 1154.47 249.99 192.439 432.129 120.03 70.8222 57.7048 57.1563 44.2712 41.5272 29.8048 27.4935 24.9004 24.8596 23.8336 19.7887 18.7174 18.6412 17.1341 26.3805 16.7683 20.7323 15.7546 248.31 41.915 64.0283 28.287 20.3955 17.1576 16.7247 46.1123 15.4976 14.6665 14.4408 13.6578 13.5494 14.0904 11.6527 11.5414 11.285 11.2295 10.9191 10.2651 10.0867 10.1945 9.91549 11.3435 35.0054 25.0595 11.3971 9.86284 9.83 9.73348 9.55815 11.7042 9.44648 10.6041 9.41227 20.8783 9.40505 9.30594
threshold=75.058685446009406 47.478813559322042 -78.547459252157225 64.624765478424024 0.74100014994751839 4.5000000000000009 0.43167701863354041 96.884704968944121 1.0000000180025095e-35 96.881944444444457 1.0000000180025095e-35 8.5000000000000018 1.0000000180025095e-35 1.0000000180025095e-35 0.96922348484848497 85.196142888450595 0.95974235104669903 7.2727272727272707 0.87026647966339421 8.5000000000000018 0.72821969696969713 78.346121057118509 0.81530214424951275 58.353269537480074 -29.285714285714278 61.128803963198877 0.8452991452991454 1.0000000180025095e-35 0.40824829931972795 0.95864438288255471 0.85725316196149548 0.69998567121948596 16.500000000000004 1.0000000180025095e-35 0.84198324994625262 58.234803171512034 85.22532021243363 0.5727513227513229 -2.7777777777777746 1.0000000180025095e-35 65.633012820512832 0.86285266457680254 1.0000000180025095e-35 0.36700336700336705 0.97633053221288524 0.92942810457516345 0.99912280701754397 0.98297841518180518 0.97104218880534676 0.87241706506222649 8.5000000000000018 0.75592784261388923 0.63438371526606829 11.500000000000002 0.95293466223698797 5.6538600666729453 0.85725316196149548 96.015873015873026 8.5000000000000018 0.65751879699248128 0.40161290322580651 0.21525096525096529
decision_type=2 2 2 2 2 2 2 2 2 2 2 2 2 2 2 2 2 2 2 2 2 2 2 2 2 2 2 2 2 2 2 2 2 2 2 2 2 2 2 2 2 2 2 2 2 2 2 2 2 2 2 2 2 2 2 2 2 2 2 2 2 2
left_child=2 6 13 23 -5 8 9 10 33 36 12 34 14 18 19 -8 -13 -16 -1 20 -7 -18 -23 -4 25 26 28 30 -25 -26 31 35 -11 42 40 52 -2 53 41 -17 -6 -10 -3 -22 45 -40 47 49 -49 50 -9 -45 -28 -38 58 -56 57 -21 59 -12 61 -34
right_child=1 5 3 4 11 7 15 46 38 32 54 16 -14 -15 17 39 21 -19 -20 56 43 22 -24 24 29 -27 27 -29 -30 -31 -32 -33 60 -35 -36 -37 37 -39 44 -41 -42 -43 -44 51 -46 -47 -48 48 -50 -51 -52 -53 -54 -55 55 -57 -58 -59 -60 -61 -62 -63
leaf_value=-0.017364128387793904 -0.073592003750287668 0.1026760699658457 -0.081232259861001896 -0.078698856280172355 0.17921728935501435 0.097984241947207201 -0.04096534192839555 0.097795253821732014 0.16823810162865444 0.07675433708055146 0.15576731680491118 0.17291661853956153 -0.055923113168145057 -0.082136597505219747 0.14759802882150333 0.089690904994134277 -0.074983424107432986 0.042252449752317317 0.02969054407193673 0.02863025358620928 -0.027691031521093108 0.0070067724106522046 0.23263281227005306 0.58429272432191026 -0.080340878675191157 0.099514591805273264 0.72947233215816443 0.23126890925941784 -0.0099694561799610285 0.34189799077767652 0.37712028975659279 1.7185175762648406 -0.022042894946112772 0.023032927093012218 0.12816854157491647 1.0038481073379031 0.21336903738796006 -0.061079304605019598 0.0072504477998813696 -0.032839711658988073 0.063499838852278889 0.047691966312845245 0.11858446886424739 0.022638067871394198 0.01029223152070171 0.15123912589346447 0.12401463146495247 0.115613597626143 -0.017751696002630241 0.12997442223948205 0.0050055225695779439 0.069488484591902225 0.27401822716644242 -0.0086820362853208995 0.17508972116241869 -0.0053192307226813638 0.061791422424816535 0.14808362354665089 -0.012457889931399482 0.010925668038088192 -0.050067803009588178 0.15093467866865085
leaf_weight=87.40877840295434 297.98254168499261 545.11527518182993 8133.7637417279184 427.87027607485652 5.6963839819654813 153.06479181349277 17.046027728356421 15.549351587891577 5.1223186664283267 17.880898932926357 7.589830955490469 4.368485868908464 12.045982643961905 19.686041470617056 38.684412486851215 34.157863736152649 14.692994356155394 14.971903216093777 140.48089076206088 138.23537642322481 9.9151641800999624 24.748706648126248 2.913269465789198 0.41987911984324755 554.98354746308178 22.816386332735419 0.58572294749319576 1.4253653604537246 3.0880782194435596 0.61659915000200172 0.87744886055588711 0.29544783197343338 4.5948483906686324 12.339999381452797 36.070608364418149 0.46409402042627323 1.3091638926416624 74.441665167920291 3.718660965561873 5.7476483704522243 101.4900429835543 143.48624606430531 559.59357698261738 39.816452946513891 5.6395178735256186 20.469257730990648 78.764086868613958 29.352698240429163 22.064139213413 74.589466251432896 18.612454162910581 103.54134755581617 0.62893616035580635 36.145464566536248 4.9620401393622142 4.2923108302056789 143.37641639634967 4.9256295561790457 66.758221995085478 39.605553407222033 18.955147317610681 3.5118152778595686
leaf_count=1992 10526 5666 320763 16544 104 1507 471 158 62 305 123 76 176 777 450 558 369 140 2404 1456 78 347 48 21 21734 356 29 63 125 14 15 24 71 139 411 30 36 2312 30 111 1081 1335 6389 338 50 241 920 313 184 832 148 954 30 1104 74 58 1366 55 1101 581 467 71
internal_value=-0.0437162 0.0628577 -0.0751587 -0.0772624 -0.0341175 0.0868844 -0.045883 0.0663675 0.10305 -0.056414 0.0558519 0.0662878 0.0638268 0.00418552 0.066058 0.0382185 0.0108036 0.118203 0.0116424 0.0613388 0.0744919 -0.00591667 0.030769 -0.0803194 -0.0676528 0.154205 0.314492 0.522272 0.0611598 -0.0798723 0.667727 0.79689 0.0189611 0.109766 0.0843841 0.63469 -0.0646788 -0.0409426 0.061006 0.0720426 0.0696496 0.051847 0.110735 0.0510314 0.106639 0.129102 0.100775 0.0893463 0.0583835 0.103985 0.0472404 0.0564762 0.493644 -0.000920612 0.0132237 0.0914133 0.0472767 0.0327402 0.00687383 0.0342187 -0.0192253 0.0528912
internal_weight=12413.4 2827.98 9585.39 9337.82 617.851 2316.2 511.773 1020.72 1295.48 454.822 781.785 189.98 658.577 247.576 646.531 56.9515 46.7235 53.6563 227.89 592.875 306.338 42.355 27.662 8719.97 586.202 30.6014 7.78497 4.27702 3.50796 555.6 2.85165 1.9742 44.9427 1117.05 143.257 1.67875 409.879 111.896 178.436 39.9055 107.186 148.609 1104.71 153.273 29.8274 24.1879 238.932 160.168 51.4168 108.751 34.1618 143.358 1.21466 37.4546 123.208 9.25435 286.537 143.161 113.954 47.1954 27.0618 8.10666
internal_count=408313 40956 367357 362184 18980 24924 16032 11012 13912 14892 8457 2436 6520 5173 6344 1140 840 590 4396 5754 2877 764 395 343204 22441 693 337 191 146 21748 128 113 914 12194 1596 89 13978 3452 1718 669 1185 1397 12055 1370 321 271 2555 1635 497 1138 306 1292 59 1140 1937 132 2877 1511 1805 704 609 142
is_linear=0
shrinkage=0.08


Tree=11
num_leaves=63
num_cat=0
split_feature=4 1 20 4 2 9 3 2 5 4 9 4 4 3 17 10 6 1 2 4 3 17 4 8 6 2 6 17 3 18 17 8 8 3 6 4 13 13 13 13 13 15 8 3 18 5 3 13 13 17 17 17 20 5 6 1 2 18 2 17 18 18
split_gain=5891.91 1048.19 248.048 151.305 340.555 104.957 95.6287 76.2701 48.2305 37.8487 24.3807 22.5841 21.3589 20.9812 20.5723 17.9207 17.9147 16.3241 16.3083 16.2417 205.363 23.6539 18.3716 15.9614 15.4628 17.6399 13.5928 13.4673 13.0833 13.0662 12.8958 12.7584 12.4495 11.2027 10.8265 11.9829 10.469 10.3694 10.336 10.1615 21.8971 11.4329 10.0877 9.73645 11.4181 10.5725 9.32937 25.5719 17.6971 16.3464 14.3593 10.45 9.27111 9.24739 9.13154 9.07386 9.01216 8.76258 8.74506 10.2565 8.33753 8.21778
threshold=74.099974099974119 0.29745817245817252 -78.547459252157225 64.624765478424024 0.68094111207701469 1.0000000180025095e-35 87.026647966339425 0.96160256410256417 87.528801843317993 91.686991869918714 1.0000000180025095e-35 1.0000000180025095e-35 97.375310002755597 19.292803970223328 0.95060975609756104 1.0000000180025095e-35 0.99912280701754397 0.11215932914046124 0.94167065390749616 58.353269537480074 83.935483870967758 0.92637759710930456 61.128803963198877 1.0000000180025095e-35 0.74086478236837017 0.93328658251519414 0.87241706506222649 0.32037735849056609 81.120250685468093 0.62272426348891108 0.8765243902439025 1.0000000180025095e-35 1.0000000180025095e-35 86.526825332795497 0.71824290849395289 59.748178650617682 0.39444444444444449 0.64611005692599621 0.12310606060606062 0.46862745098039216 0.82555780933062894 1.0000000180025095e-35 1.0000000180025095e-35 79.118217054263582 0.84234892787524374 83.589986575061218 81.892697466467965 0.95974235104669903 0.36700336700336705 0.65058139534883741 0.76253132832080206 0.84045454545454557 -1.5384615384615363 85.973110345958375 0.65646355358316255 0.66969696969696979 0.46884699121541235 0.82870012870012888 0.63504759129759136 0.54631217838765023 0.98518437225636535 0.36139516047382814
decision_type=2 2 2 2 2 2 2 2 2 2 2 2 2 2 2 2 2 2 2 2 2 2 2 2 2 2 2 2 2 2 2 2 2 2 2 2 2 2 2 2 2 2 2 2 2 2 2 2 2 2 2 2 2 2 2 2 2 2 2 2 2 2
left_child=2 6 11 19 -5 7 8 9 37 14 24 18 30 17 23 32 29 -10 -1 -4 55 61 34 26 25 -6 39 -15 -16 -11 -7 -26 52 -12 35 -23 -29 -2 -19 -3 41 -41 46 -42 45 -45 47 48 51 -49 58 -31 -9 -32 -37 -21 -40 -55 -48 -60 -14 -22
right_child=1 5 3 4 10 12 -8 15 13 16 33 -13 60 27 28 -17 -18 38 -20 20 21 22 -24 -25 31 -27 -28 36 -30 42 53 -33 -34 -35 -36 54 -38 -39 56 40 43 -43 -44 44 -46 -47 50 49 -50 -51 -52 -53 -54 57 -56 -57 -58 -59 59 -61 -62 -63
leaf_value=-0.021018466156871824 -0.070224736177338529 -0.0057740813019365013 -0.080992347248313931 -0.079623282584738317 0.0049593282936921616 0.011019235630498362 0.14238131918793437 0.088958090726011116 0.02163709626525025 0.15728759532450506 -0.053412258119434307 -0.081968117959912393 0.12918815473173237 0.07229245969136823 0.036283214765256144 0.11329996691109212 0.12040409682480428 -0.008917784144688478 0.024937489102353244 -0.080998570393094257 0.19992979764820384 0.10073659398162815 0.11571046240729507 -0.058978397642084034 0.12098328416038906 0.083227835116849488 0.069527303353805289 -0.042024701147169295 0.11888524525552743 0.068838641072799009 0.059355572975402428 -0.077591264503764565 0.010191189253420522 0.034070827335295532 0.41434841527080141 0.52174055600516922 0.020837748945512793 0.053824597076644179 0.45823805803959011 0.11421794376888585 0.0045176058876628504 0.32444437259187842 -0.063273101619001237 0.060592168578120456 0.031339372582268682 0.1527362695509209 0.16434554652257563 -0.04721548218444608 0.12226034554933449 0.047696664023909784 0.11036724150249477 -0.071774764358661938 0.1186738483963538 0.13911288859121035 0.14930635027833902 0.067039219117584745 0.18083813270342089 0.016255510177600484 0.034971352620563001 0.079943998844816774 0.0084016947080910193 0.016577794725089644
leaf_weight=71.863306486979127 349.50232828594744 28.78113741800189 7529.7556432550773 362.91757464688271 29.44221846293658 116.92765013966709 16.58868321403861 417.6777976192534 10.598907374776898 13.41703399736434 13.844985026866196 18.208342172205448 21.0071624070406 8.6437093298882228 16.684578184038401 485.70563359931111 80.045537816360593 1.1010482870042313 158.24474390223622 508.74883412849158 1.7552390815690184 2.8582587577402618 15.831755366176365 8.7431976068764907 45.050700230523944 49.267477754503489 147.91143021173775 97.955929826013744 46.402389273047447 10.745154338888822 112.37552688643336 2.1705205701291552 11.682630719617007 28.972169863060117 2.2901517134159803 1.0155639890581367 20.504173690453172 4.3665199819952241 1.1248687747865918 10.859086813405153 42.83549720607698 1.95345369540155 3.2489294894039622 51.638255184516311 105.42007199674845 9.4237135648727399 6.624316055327653 14.195029500871895 48.818276847712696 63.856353484094143 103.12750881910324 4.9365371111780396 80.07797709852457 3.9256180580705395 0.72007313836365927 2.6637586615979663 2.246410564519465 69.393242986872792 40.582570429891348 162.05183556303382 4.4284994173794976 14.393190179020165
leaf_count=1844 12918 438 320763 15199 527 1875 205 4266 201 158 363 777 253 164 165 5700 968 28 2552 21580 39 76 222 137 552 488 1482 2756 517 130 1096 20 128 365 53 35 371 62 32 152 397 31 43 517 977 111 79 95 538 572 1142 40 929 44 22 83 47 655 356 1603 44 331
internal_value=-0.0428106 0.0570661 -0.0750296 -0.0773026 -0.0359637 0.0797154 -0.0465635 0.0865396 -0.0528822 0.0711927 0.0579326 0.00379865 0.0377488 -0.0135272 0.0545276 0.102305 0.0854109 0.0757207 0.0105853 -0.0800227 -0.0667549 0.11053 0.163152 0.0479472 0.0756638 0.0539506 0.0502913 -0.0241097 0.0970395 0.0794715 0.0318308 0.111856 0.0918228 0.00578305 0.272256 0.20142 -0.0311439 -0.068694 0.203893 0.0389518 0.0447468 0.14627 0.0771928 0.0385325 0.0472845 0.0748128 0.078196 0.061237 0.0985102 0.0304352 0.0859349 0.0245741 0.0937387 0.0449353 0.367227 -0.0802275 0.273396 0.0228335 0.0738941 0.0709371 0.108159 0.0365071
internal_weight=11718.2 2858.14 8860.01 8611.7 531.666 2345.5 512.633 2017.45 496.044 1022.3 168.748 248.316 328.058 142.175 470.653 995.144 551.649 15.0712 230.108 8080.03 550.277 38.8642 22.7158 407.566 125.931 78.7097 398.823 127.104 63.087 471.604 302.622 47.2212 509.438 42.8172 6.88405 4.5939 118.46 353.869 4.47233 250.911 222.13 12.8125 458.187 209.318 166.482 61.062 454.938 142.551 64.5 78.0514 312.386 15.6817 497.756 185.694 1.73564 511.413 3.37128 73.3189 209.259 202.634 25.4357 16.1484
internal_count=408313 42422 365891 360718 17514 25638 16784 21671 16579 10648 2315 5173 3967 3599 4924 11023 5724 308 4396 343204 22441 778 408 4242 1587 1015 4105 3291 682 4756 3670 572 5323 728 186 133 3127 12980 107 2623 2185 183 4598 2002 1605 628 4555 1375 708 667 3180 170 5195 1795 57 21663 79 699 2038 1959 297 370
is_linear=0
shrinkage=0.08


Tree=12
num_leaves=63
num_cat=0
split_feature=4 3 20 4 2 0 4 9 4 13 9 0 7 10 4 0 17 2 4 20 17 10 4 0 10 2 13 7 10 6 7 4 17 20 3 17 0 6 9 4 18 20 6 1 6 6 13 18 1 0 6 18 6 6 0 3 13 4 0 17 0 0
split_gain=5350.25 894.994 243.45 149.088 307.988 107.787 66.631 54.136 49.8851 38.9758 30.2769 26.0986 25.0787 21.6133 20.5154 20.3147 21.8544 19.5425 16.8375 223.713 24.7087 16.1447 15.8853 15.2373 14.2585 13.6423 13.4146 12.8008 12.4061 12.3388 11.7604 11.3903 10.9691 16.0869 10.8931 13.5526 18.4451 10.8799 13.3229 11.5524 14.3306 10.3213 11.4997 9.97145 9.92214 9.92158 9.90017 9.85125 9.79577 9.51349 12.5413 9.50777 28.8193 21.7829 9.65884 9.42645 9.39234 9.14913 9.07284 16.3848 10.5047 8.73409
threshold=74.099974099974119 47.478813559322042 -78.547459252157225 64.624765478424024 0.68094111207701469 4.5000000000000009 88.944444444444457 1.0000000180025095e-35 96.884704968944121 0.43167701863354041 1.0000000180025095e-35 8.5000000000000018 1.0000000180025095e-35 1.0000000180025095e-35 1.0000000180025095e-35 11.500000000000002 0.47114317425083246 0.86957219704561217 57.078215901745324 -22.03586561415095 0.93142633228840133 1.0000000180025095e-35 60.766487166934759 22.500000000000004 1.0000000180025095e-35 0.94167065390749616 0.10263157894736842 -1.0000000180025095e-35 1.0000000180025095e-35 0.78182490796207949 1.0000000180025095e-35 95.782060785767243 0.98888888888888904 7.2727272727272707 81.302966101694935 0.79361054766734285 8.5000000000000018 0.76396751792114703 1.0000000180025095e-35 58.353269537480074 0.78277721604314132 -2.7777777777777746 0.75592784261388923 0.74322344322344336 0.84198324994625262 0.99912280701754397 0.47213622291021679 0.91440781440781449 0.34428879310344834 7.5000000000000009 0.87241706506222649 0.98297841518180518 0.97104218880534676 0.87241706506222649 8.5000000000000018 16.271373414230556 0.21525096525096529 90.957190957190974 8.5000000000000018 0.73993558776167478 7.5000000000000009 5.5000000000000009
decision_type=2 2 2 2 2 2 2 2 2 2 2 2 2 2 2 2 2 2 2 2 2 2 2 2 2 2 2 2 2 2 2 2 2 2 2 2 2 2 2 2 2 2 2 2 2 2 2 2 2 2 2 2 2 2 2 2 2 2 2 2 2 2
left_child=2 6 14 18 -5 7 17 21 10 15 12 44 13 27 25 -8 23 -2 -4 20 28 30 24 26 37 -1 -17 32 -20 -13 31 47 58 -34 56 36 49 38 39 40 -22 42 -9 -21 -6 51 -14 57 -11 50 -36 53 -53 54 -10 -18 -15 -3 59 60 -7 -27
right_child=1 5 3 4 11 8 9 41 45 48 -12 29 46 34 -16 16 55 -19 19 43 22 -23 -24 -25 -26 61 -28 -29 -30 -31 -32 -33 33 -35 35 -37 -38 -39 -40 -41 -42 -43 -44 -45 -46 -47 -48 -49 -50 -51 -52 52 -54 -55 -56 -57 -58 -59 -60 -61 -62 -63
leaf_value=-0.019727341682845134 -0.070861166395303835 0.07796563745231587 -0.080931363767751827 -0.079280613019043475 0.059658338398594836 0.037474098110164306 0.061977862345736393 0.093509965299175421 0.083895474370226625 0.040248616553173786 0.010006008290972132 -0.025849276925503064 0.037612498572888037 -0.03583449986129137 -0.081813229363892542 -0.051954644226673549 0.11778017001558139 0.15578508229912466 0.011155690843671812 -0.080681539728636675 0.9305129594936663 0.10619003219982749 0.10767241288603735 -0.035629535776879162 0.51041107496342686 0.018028468069146545 0.098586899978708523 -0.053401305218471584 0.20837924422298643 0.064250341080200057 0.12001030720818444 0.10672460516465292 0.14619299867886662 0.0039560958050769372 0.005974917722134784 0.11188322522930022 0.035578896802991172 0.50160490101836597 0.02567171902183742 0.19342776132322329 0.25284032209147961 0.093061481278809879 0.032862368154118637 0.12663406362140867 0.11385601254148597 0.1115808612906435 0.15248962021953552 0.060816478028385287 0.13312593643825316 0.12262737119163482 0.098029295093459701 0.10004202690494028 -0.020984598739986669 0.11401358003556743 -0.0013121201751061821 -0.055940039125222454 0.050892205891530901 0.1146766069478623 0.020466704852169663 0.019486207459220913 0.091342200166707438 0.10071450387649726
leaf_weight=70.499598671682179 291.17366846650839 182.51439034566283 6805.7313214242458 336.40516375377774 96.367100189439952 39.268479447811842 15.489360861480234 23.473660103976727 15.468392018228768 24.190648926422 129.33846128452569 32.210439525544643 6.182922542095187 8.7579427957534772 16.838948296383023 4.9533135183155563 2.0368623081594697 2.4553282856941214 17.686215613968674 631.73503730166703 0.33165218308568167 536.6450754404068 17.765463717281818 18.998800816945732 1.0833414075896142 152.94039389211684 16.107036353088915 10.019972901791332 2.3075819024816147 13.936526406556366 60.554829075932503 100.34915036335588 13.678663656115534 8.103832954540847 14.585910923779009 49.627006866037846 75.093080475926399 0.70153072290122498 2.5728408265858889 3.7800545115023851 0.50200383737683296 29.873445142060518 135.59287640452385 1.4883203273639072 27.870804751291871 74.218711081892252 21.485605038702488 154.91163556650281 10.388955568894742 34.37825570628047 27.014441817998886 29.181589998304844 22.150264319032431 74.149461118504405 18.938778720796108 107.73234015610069 91.363853476010263 57.021989639848471 153.00140173174441 75.863828454166651 56.509937938302755 8.6376012153923494
leaf_count=1844 11655 1832 313187 15199 1053 332 365 225 158 379 2000 722 59 83 777 118 53 29 481 28958 21 6457 237 511 24 2398 384 168 45 216 748 1178 157 68 112 550 631 22 86 83 27 323 1206 33 324 920 253 1486 124 372 278 313 184 832 148 3503 841 637 1575 625 550 154
internal_value=-0.0419045 0.0531501 -0.0744626 -0.0768892 -0.0348966 0.0738848 -0.0447123 0.0894536 0.0548625 -0.00908614 0.0455054 0.0527346 0.0522089 0.0490681 0.00345013 -0.0252422 -0.034259 -0.0689659 -0.0797321 -0.0677285 0.101188 0.0962946 0.151493 0.0163178 0.238267 0.00963662 0.0631801 0.035741 0.0339182 0.00136109 0.0867325 0.0826598 0.0383193 0.093276 0.0648596 0.075612 0.0636969 0.200891 0.171536 0.252877 0.522438 0.0499153 0.0418122 -0.0801943 0.0718167 0.0874082 0.126819 0.0765376 0.0681523 0.0914872 0.0657532 0.0761874 0.0478177 0.0896023 0.0369946 -0.0527165 0.043306 0.0867047 0.0346319 0.0472587 0.0692567 0.0224487
internal_weight=11064.2 2822.84 8241.39 7992.48 506.79 2329.32 493.526 1280.94 1048.38 199.897 814.274 170.385 684.935 657.267 248.917 165.318 149.828 293.629 7485.69 679.954 46.7307 1092 26.7369 40.0592 8.97142 232.078 21.0603 356.446 19.9938 46.147 555.352 494.797 346.426 21.7825 300.82 200.699 151.072 7.88808 7.18655 4.61371 0.833656 188.94 159.067 633.223 124.238 234.107 27.6685 394.448 34.5796 75.9786 41.6004 159.888 51.3319 108.557 34.4072 109.769 100.122 239.536 324.644 171.642 95.7784 161.578
internal_count=408313 42422 365891 360718 17514 25301 17121 14092 11209 5437 8654 2315 6654 6342 5173 4934 4569 11684 343204 30017 1026 12338 500 1013 263 4396 502 3475 526 938 5881 5133 3307 225 2867 1943 1393 239 217 131 48 1754 1431 28991 1377 2555 312 3955 503 762 390 1635 497 1138 306 3556 924 2469 3082 1507 882 2552
is_linear=0
shrinkage=0.08


Tree=13
num_leaves=63
num_cat=0
split_feature=6 1 3 20 6 9 3 0 20 13 10 18 20 6 0 17 8 6 2 20 8 3 15 20 13 13 2 17 3 15 13 6 10 20 18 20 18 2 3 17 17 20 2 18 3 9 3 20 9 17 17 13 17 1 18 0 1 0 0 0 20 3
split_gain=3466.1 1566.23 278.756 796.343 246.831 120.473 112.935 90.0559 63.6704 32.6237 30.7616 95.8623 40.9259 30.6787 22.4376 20.9242 20.7156 18.3255 17.134 24.448 16.291 16.2631 15.2944 14.6883 14.3802 39.3604 17.2967 14.3637 20.2323 18.2491 14.2207 13.4427 13.2327 13.4981 12.723 12.2411 16.578 12.2695 11.9499 11.5938 10.8369 10.6915 10.6311 10.5098 13.6993 10.4198 13.2665 10.1741 13.8744 10.1181 11.2871 9.92966 9.8849 10.9332 8.95673 8.83031 10.284 8.7026 8.62911 10.3134 8.57937 8.56535
threshold=0.71824290849395289 0.31622807017543864 84.889995848899972 -43.123055412579028 1.0000000180025095e-35 1.0000000180025095e-35 71.516754850088191 5.5000000000000009 69.946473775156463 0.55363984674329514 1.0000000180025095e-35 0.37810002049600333 -50.565179812859334 0.99912280701754397 5.5000000000000009 0.96922348484848497 1.0000000180025095e-35 0.83828443998280855 0.94167065390749616 -6.5920794181663736 1.0000000180025095e-35 89.699381078691445 1.0000000180025095e-35 -8.1832855616220765 0.94427244582043357 0.78416149068322993 0.95557280883367857 0.96490147783251246 88.2734912146677 1.0000000180025095e-35 0.10263157894736842 0.62536321577463916 1.0000000180025095e-35 -38.66961333423307 0.94756480754124117 -7.1223473963199941 0.92695630081300828 0.92000732600732615 75.768872320596472 0.55051020408163276 0.98888888888888904 53.678919483456262 0.93328658251519414 0.95670914542728647 69.282051282051285 1.0000000180025095e-35 19.292803970223328 -38.66961333423307 1.0000000180025095e-35 0.63373983739837414 0.88516483516483524 0.73030303030303045 0.90399385560675893 0.8021739130434784 0.62658634538152624 12.500000000000002 0.56562756357670241 9.5000000000000018 13.500000000000002 12.500000000000002 -30.724637681159422 80.322580645161295
decision_type=2 2 2 2 2 2 2 2 2 2 2 2 2 2 2 2 2 2 2 2 2 2 2 2 2 2 2 2 2 2 2 2 2 2 2 2 2 2 2 2 2 2 2 2 2 2 2 2 2 2 2 2 2 2 2 2 2 2 2 2 2 2
left_child=2 6 18 4 39 7 8 20 9 22 -6 -12 -13 15 35 16 17 54 -1 -20 24 60 41 31 25 26 43 28 -27 -29 -10 47 -26 -34 58 -7 37 -37 -17 -4 -16 -2 -42 44 -3 46 -32 48 49 -23 -51 -36 -33 -54 -9 -41 -57 -43 59 -19 -5 -56
right_child=1 5 3 21 10 14 -8 13 30 -11 11 12 -14 -15 40 38 -18 34 19 -21 -22 23 -24 -25 32 27 -28 29 -30 -31 45 52 33 -35 51 36 -38 -39 -40 55 42 57 -44 -45 -46 -47 -48 -49 -50 50 -52 -53 53 -55 61 56 -58 -59 -60 -61 -62 -63
leaf_value=-0.08007063625090817 -0.078694664359988273 0.15167250617069661 -0.059010335195934099 -0.064422274899855345 -0.079746122933176247 0.029100280757415515 0.10544053282465844 0.16521225007136525 -0.049481634199961509 0.023566254625271572 1.3495930704002301 -0.057720049383495058 0.66448959499485571 0.10966680886136368 -0.0035527746311272974 0.019518292907362806 -0.062068219573805282 0.072158307365343163 -0.060605239122209137 0.13846668381305979 0.0043157125865982155 0.030711084852904819 0.18360775093192749 0.11126511840541456 0.086452525100260844 0.072456550646211482 0.12649291242625896 0.12180042317819366 -0.13186658566930595 -0.036170135481986249 0.12265483402500595 0.028994267622878919 0.32657993717687755 0.10516296171828858 0.087231774066502885 -0.02225635227360263 0.031853122811987961 0.1302716995423624 0.12312620791722678 0.014920717486746423 0.04580995162398626 0.07238770784680866 0.28648143107920171 0.13416384621376681 -0.023416959515279629 -0.060249919963162944 0.021368402387220362 0.083205574575227634 0.014646762032157139 0.64492423362523055 0.26877278204795579 0.028784416446932241 0.20810919324384139 0.061737237044839625 0.0093685769909921598 0.030901324374003315 0.43112152748845417 -0.058026122199423345 0.037151639302264547 0.14195914180779962 0.035088239452086271 0.041225520623329334
leaf_weight=5358.6159340785816 594.80771946115419 3.5857816189527574 13.919976994395254 8.1120630893856305 1506.3076894027181 139.10220745299011 25.831485650036484 3.2329644220881155 15.25152879860252 22.938049643300474 0.37159116100519796 4.6749597359448671 0.56260470766574133 63.21700594574213 136.60844257147983 8.7950807092711312 10.801870686933396 208.94261917239055 14.20533284917474 5.4680189425125709 13.188607858493922 0.73072791751474087 1.4803648083470751 46.759353533387184 408.02355925785378 4.5486631803214541 48.254721516743302 8.9924807450734079 9.7497611269354802 9.7599855065345764 12.619040897116063 75.865183759946376 1.7684909980744112 487.438675314188 22.755892931949347 3.832183636724948 33.830574572086334 28.308784645050764 37.510845399461687 204.34879767522216 5.1087487414479247 3.3458291776478282 1.5253892019391058 6.0481805442832401 14.129064120352266 5.6764690186828366 24.048693667165935 73.504101287107915 1.7119008931331334 0.69099298026412737 1.9550868179649115 101.93780620349571 3.358312790747731 118.77996954973787 78.826052614487708 0.98027478717267402 0.70745843648910522 154.20685715181753 41.976743157021701 14.486898716539143 17.521990293636918 171.61178486282006
leaf_count=262900 27920 47 390 406 74915 1338 335 47 425 452 29 235 36 815 2436 95 183 2094 681 93 137 22 31 528 4506 49 613 112 61 84 279 935 30 6093 268 31 322 328 461 3524 72 108 23 77 115 165 576 817 58 31 48 882 46 1273 1256 29 27 5885 476 175 234 1654
internal_value=-0.0410124 0.0317918 -0.0701774 -0.0453142 -0.0675302 0.068617 -0.0593032 0.0770385 -0.0644035 -0.0704211 -0.0790498 0.107949 0.0198577 0.0562917 0.025591 0.0514774 0.047801 0.0496445 -0.079797 -0.00527511 0.0926492 0.0649337 -0.073281 0.0697961 0.0938115 0.0658095 0.0989802 -0.0064694 -0.0668666 0.0395824 0.0167546 0.0627856 0.0970907 0.105963 0.0605287 0.0425606 0.070942 0.112086 0.103448 0.0116519 0.00129632 -0.0737865 0.101148 0.0431112 0.0120241 0.0406115 0.0562257 0.090779 0.200174 0.294229 0.367 0.0394507 0.0516743 0.0657619 0.0329064 0.0164258 0.198664 -0.0552566 0.0704316 0.0766841 0.00359749 0.0311985
internal_weight=10447.3 2988.11 7459.15 2080.86 1731.87 2127.9 860.206 1779.58 834.375 776.779 1511.92 5.60916 5.23756 764.096 348.316 700.879 654.573 643.771 5378.29 19.6734 1015.49 348.99 753.841 323.356 1002.3 105.069 72.0177 33.0509 14.2984 18.7525 57.5957 276.596 897.231 489.207 390.1 205.074 65.9715 32.141 46.3059 219.957 143.243 752.36 6.63414 23.763 17.7148 42.3442 36.6677 78.5928 5.08871 3.37681 2.64608 124.694 198.003 122.138 253.671 206.037 1.68773 157.553 265.406 223.43 25.6341 250.438
internal_count=408313 61056 347257 83583 79185 24880 36176 20330 35841 34396 75215 300 271 8406 4550 7591 7035 6852 263674 774 11924 4398 33944 3758 11787 1158 852 306 110 196 1445 3230 10629 6123 3895 2019 681 359 556 3970 2531 33913 95 239 162 1020 855 976 159 101 79 1150 2254 1319 2957 3580 56 5993 2745 2269 640 2910
is_linear=0
shrinkage=0.08


Tree=14
num_leaves=63
num_cat=0
split_feature=4 1 20 4 3 0 3 9 4 4 7 11 0 13 17 0 11 6 0 17 1 13 3 3 9 7 9 4 13 3 17 4 20 11 17 1 13 1 3 0 0 7 3 17 1 18 17 17 18 18 17 0 0 18 18 17 0 4 0 6 1 3
split_gain=4452.66 692.974 237.033 124.02 273.076 96.6119 61.0749 50.7206 47.751 44.1078 30.0717 30.7709 27.8172 20.3362 18.8566 25.5775 17.5708 17.288 16.6811 26.9313 21.5141 16.3308 21.7325 15.7492 14.8853 12.824 12.1168 11.95 11.9178 12.2841 11.5989 11.1749 145.054 21.9652 11.5794 10.3673 9.8906 13.2659 9.61978 15.3302 14.0519 9.57068 9.50177 23.7628 15.1767 9.39523 9.25663 9.14509 9.11673 8.38492 8.28135 8.21619 9.54691 11.3384 11.4363 8.07711 8.03222 7.77707 7.76151 7.73612 7.57006 7.52917
threshold=73.36391437308869 0.29217479674796754 -78.547459252157225 62.75941033347646 78.346121057118509 4.5000000000000009 62.910052910052919 1.0000000180025095e-35 98.192705498094739 88.944444444444457 1.0000000180025095e-35 1.0000000180025095e-35 6.5000000000000009 0.95974235104669903 0.65571120689655182 9.5000000000000018 1.0000000180025095e-35 1.0000000180025095e-35 8.5000000000000018 0.95060975609756104 0.73993558776167478 0.46410256410256412 92.422502870264069 74.133811230585437 1.0000000180025095e-35 1.0000000180025095e-35 1.0000000180025095e-35 95.782060785767243 0.10263157894736842 19.292803970223328 0.87026647966339421 56.721845318860254 -22.03586561415095 1.0000000180025095e-35 0.93142633228840133 0.69631093544137035 0.43614130434782611 0.13680926916221034 92.907444668008068 6.5000000000000009 7.5000000000000009 1.0000000180025095e-35 77.871939736346533 0.81322674418604668 0.68819444444444455 0.98757716049382727 0.84924242424242435 0.46737588652482276 0.57707942464040041 0.31514294222751643 0.95060975609756104 10.500000000000002 14.500000000000002 0.85236587183308499 0.65235814296241723 0.61167800453514753 2.5000000000000004 98.192705498094739 9.5000000000000018 0.83491781930806341 0.11215932914046124 47.690120824449188
decision_type=2 2 2 2 2 2 2 2 2 2 2 2 2 2 2 2 2 2 2 2 2 2 2 2 2 2 2 2 2 2 2 2 2 2 2 2 2 2 2 2 2 2 2 2 2 2 2 2 2 2 2 2 2 2 2 2 2 2 2 2 2 2
left_child=2 6 17 31 12 7 9 16 10 -2 11 13 59 21 26 -16 25 30 20 42 38 22 47 -21 41 27 28 45 -11 60 -1 -4 33 34 49 -34 37 -31 39 -15 -40 -6 58 51 -45 -3 -9 -7 -35 -33 -13 -44 53 54 -53 -24 -36 -48 -20 -5 -30 -23
right_child=1 5 3 4 24 8 -8 46 -10 14 -12 50 -14 18 15 -17 -18 -19 19 23 -22 61 55 -25 -26 -27 -28 -29 29 36 -32 32 35 48 56 -37 -38 -39 40 -41 -42 -43 43 44 -46 -47 57 -49 -50 -51 -52 52 -54 -55 -56 -57 -58 -59 -60 -61 -62 -63
leaf_value=-0.015455355297790357 -0.070923941967334245 0.069115552431894781 -0.080540816537832766 0.048104110988356479 0.06279302548523924 0.20195864863232474 0.094088461556803837 0.13535829868734692 0.086676767186444362 -0.045660793830086845 0.11770246096884777 0.051132532798361274 -0.076949843231285259 0.072565686998779744 0.16912665224696452 -0.057560239528902754 0.096581623836988928 -0.081612402657013958 0.038818497828036619 -0.052887518377898103 -0.0054350676188715877 0.034157871172097259 0.037351732086459054 0.16940630980776447 0.0075614179037940231 0.11161927226867624 -0.060592978770423057 0.097045247741200866 0.05551885259507694 0.094290976308988084 0.021539326707711238 0.23217386851759833 -0.080781309960611072 0.45632245212461497 0.08801643879091417 0.13902872617632253 0.088791193234121282 -0.020896185358623399 0.027345493695336801 -0.014871390937011366 0.083842942878518692 0.17858552801448105 -0.021701168186313607 0.18779214342979805 -0.034847489712054529 0.023296973763900955 0.03445548702493597 -0.016383608526801104 0.1828664825438524 -0.013622203418927684 0.092745770192800836 -0.041435336881634317 -0.021143817166333272 0.012905841390028575 0.14997160721165179 0.12872321035247269 0.32082054473013799 0.10412042937974571 -0.054967810803903623 0.26563803288190024 0.19083548210146567 0.12217464420559748
leaf_weight=84.896016019396484 264.15531140239909 361.15065987221897 5814.6236607981846 3.5068266801536074 107.4185650460422 1.2746791150420893 19.565604251809418 6.520490836352109 157.66001925803721 15.279785340186207 30.028936955146492 300.62149740662426 384.22156787291169 21.066774008795619 3.3271464984863988 74.853342246264219 504.98440958932042 14.573386397212742 6.7275653388351193 2.636628456413745 70.21028565056622 8.1022602748125774 10.891633976250889 9.0108145810663682 34.396810188889503 57.452470883727074 15.023143930360673 95.447620294988155 6.5882291179150325 7.8357550548389545 150.20511452946812 0.95388029422611254 468.33634809032083 0.92242226656526227 15.959592275321485 1.377294142730533 9.9486156227067095 34.89745296863839 48.428182514384389 32.835603488609195 67.368414966389537 4.771294191479682 82.275852609425783 6.9080646336078626 2.7354685887694359 31.109246529638767 179.97176172956824 33.311347909271717 5.0630889143794775 12.907315509393809 34.076146906241775 2.5612697936594477 25.514796238392591 26.070348314940929 9.0807117540389282 14.349012164399026 1.0084256487898517 10.875499799847601 35.172944772057235 1.491189097985625 4.4217605507001281 26.77569174952805
leaf_count=1992 12168 3734 312003 77 1160 25 250 73 1849 455 362 2948 19801 219 76 2517 6501 777 81 26 712 127 108 110 482 758 472 1185 111 214 2404 20 25043 21 312 50 151 1040 480 297 701 62 991 95 29 270 1569 623 75 405 402 25 303 295 123 170 30 143 396 26 84 305
internal_value=-0.0400962 0.045959 -0.0736277 -0.0764156 -0.0394614 0.0637256 -0.0441884 0.0788366 0.0460366 -0.0503889 0.0389803 0.0362879 -0.0745106 0.0245332 -0.0188836 -0.0479131 0.0858298 0.00293923 0.0174218 0.000881642 0.0318098 0.058219 0.032854 0.119086 0.0536018 0.0758702 0.00526181 0.071659 0.0177897 0.0330116 0.00818039 -0.079548 -0.0681515 0.0847667 0.0575386 -0.0801368 0.0169502 0.000225056 0.0472193 0.0193018 0.0602147 0.0677175 -0.0061054 0.00302408 0.124639 0.0654818 0.0416278 -0.00833653 0.225009 0.00329265 0.0553692 -0.00503619 0.0166495 0.0422191 0.107862 0.0892953 0.101852 0.0384254 -0.0399094 0.113007 0.109864 0.101728
internal_weight=9875.74 2769.1 7106.63 6856.96 535.806 2313.21 455.896 1247.51 1065.69 436.331 908.035 878.006 389.22 543.308 172.175 78.1805 1050.14 249.675 448.604 208.694 239.909 94.7046 59.8267 11.6474 146.587 545.16 93.9947 487.708 78.9716 63.6918 235.101 6321.15 506.528 36.8147 30.8292 469.714 52.6818 42.7332 169.699 53.9024 115.797 112.19 197.047 155.147 9.64353 392.26 197.368 34.586 5.98551 13.8612 334.698 145.503 63.2271 37.7123 11.642 25.2406 16.968 190.847 41.9005 4.99802 11.01 34.878
internal_count=408313 43573 364740 359567 21608 26035 17538 14233 11802 17288 9953 9591 19904 6241 5120 2593 12448 5173 4883 2474 2409 1358 926 136 1704 5947 2527 5189 2055 1600 4396 337959 25956 863 767 25093 1405 1254 1697 516 1181 1222 2338 1861 124 4004 1785 648 96 425 3350 1737 746 443 148 278 342 1712 477 103 195 432
is_linear=0
shrinkage=0.08


Tree=15
num_leaves=63
num_cat=0
split_feature=4 3 20 4 0 0 4 9 4 3 13 9 7 0 4 6 10 4 20 9 13 20 20 3 13 6 6 13 15 20 18 10 7 20 18 6 4 13 9 13 6 9 0 0 6 7 0 3 6 20 3 0 20 18 5 18 6 6 6 18 6 4
split_gain=4098.39 561.293 224.848 133.732 234.488 81.4109 58.8067 46.6371 39.5433 28.9402 24.434 23.3855 19.702 19.189 17.2842 15.0911 14.9817 13.1977 137.132 15.0582 11.2485 11.2458 11.0894 10.7905 12.3567 10.5583 10.5098 10.4024 12.3264 10.293 12.1184 10.1936 10.9763 9.73141 13.9569 10.3473 9.28406 9.03526 8.85033 8.8121 8.56113 8.53461 7.95112 7.87188 14.1071 7.82426 7.73114 7.64061 7.54145 8.40583 7.49641 7.38995 7.24454 7.09408 7.0138 7.14141 12.7901 10.0401 9.9407 7.00379 6.96739 6.74426
threshold=74.099974099974119 45.29775943396227 -78.547459252157225 63.656746840603347 8.5000000000000018 4.5000000000000009 88.944444444444457 1.0000000180025095e-35 97.375310002755597 78.346121057118509 0.43167701863354041 1.0000000180025095e-35 1.0000000180025095e-35 13.500000000000002 94.189797449362359 1.0000000180025095e-35 1.0000000180025095e-35 57.078215901745324 -18.749346097509939 1.0000000180025095e-35 0.61803713527851467 20.031923892218014 69.946473775156463 83.935483870967758 0.21525096525096529 0.85124359300829899 0.83828443998280855 0.91287878787878796 1.0000000180025095e-35 -41.533897875361284 0.95475020475020489 1.0000000180025095e-35 1.0000000180025095e-35 -10.278526836836472 0.98843892007484635 0.77210196893416083 87.528801843317993 0.47213622291021679 1.0000000180025095e-35 0.31414473684210531 0.723033549286349 1.0000000180025095e-35 8.5000000000000018 8.5000000000000018 0.7477534634180607 -1.0000000180025095e-35 3.5000000000000004 81.557067271353006 0.86408966659301212 -16.666666666666664 91.024165707710026 16.500000000000004 32.526067122841319 0.91388579903596601 99.779735682819393 0.98297841518180518 0.87241706506222649 0.82016632160110436 0.98186147186147199 0.99683544303797478 0.63095276822505209 86.027512464708366
decision_type=2 2 2 2 2 2 2 2 2 2 2 2 2 2 2 2 2 2 2 2 2 2 2 2 2 2 2 2 2 2 2 2 2 2 2 2 2 2 2 2 2 2 2 2 2 2 2 2 2 2 2 2 2 2 2 2 2 2 2 2 2 2
left_child=2 6 15 17 26 7 20 14 11 -6 13 12 16 -8 31 46 27 -4 19 29 -2 54 -15 24 -18 36 -5 28 61 30 -19 32 48 35 -35 -9 -25 50 -11 -23 60 -12 -38 44 -13 51 -1 -28 49 -3 -14 -29 -41 -51 55 56 57 -10 -57 -60 -31 -7
right_child=1 5 3 4 9 8 10 33 21 38 41 43 37 22 -16 -17 23 18 -20 -21 -22 39 -24 25 -26 -27 47 45 -30 40 -32 -33 -34 34 -36 -37 42 -39 -40 52 -42 -43 -44 -45 -46 -47 -48 -49 -50 53 -52 -53 -54 -55 -56 58 -58 -59 59 -61 -62 -63
leaf_value=0.017632221327103476 -0.069800234060199459 0.045262918325314309 -0.080254422614878709 0.040757231490319124 -0.076993854518301388 0.0072694594707759233 0.035500061840399048 0.069070512664203651 0.078831396089815001 0.036297269766469291 0.073657617207239817 0.12779788987654978 -0.039992065470137811 -0.052157257121457939 0.094829774888201407 -0.081509893528003891 -0.047669838048860838 0.28454277204464495 -0.080348853989268748 -0.015839123701713285 0.047303166276209757 -0.036855733028089824 -0.00014727657904384497 -0.0047464102841333154 0.041398548412481279 0.075101254194098771 0.20820345727715431 0.027707358631844203 0.15792724992342805 0.097906793470696279 -0.089809209033440793 0.085273460992199068 0.10843935823652291 0.070249493092736606 -0.013583747757889311 0.0077668541566025739 0.093029856782590112 0.13335235598609493 -0.056391834189376218 0.020500267262538379 0.14357317589616697 -0.047317288563539867 0.012129979066426337 -0.011464847020562283 0.012279697905118047 -0.053480308393476887 -0.01229685501371261 0.079841642432886786 0.038071791967636319 0.088493772042487637 0.12957559957841408 -0.02837888617265175 0.082753357505717939 0.056581231771019758 0.10943866088873362 0.081023880718781152 0.11556589727403191 -0.044372421866309172 0.054886318108277578 -0.084689856631331897 0.012416769586153431 0.065084484867324224
leaf_weight=147.33702962007374 231.23702036729082 81.327515359967947 5397.1839545145631 106.51906614145264 325.81481189653277 19.403293587267399 31.378218455705792 22.665634840726852 11.523017663508655 19.833158477209508 27.402132480405275 7.8037499394267789 4.1456697974354055 78.951222309842706 372.61761827766895 13.193681556731461 10.989899881184099 2.9421231113374229 459.45782876433805 12.403604248538612 5.3716488368809214 7.0866987593471995 39.29551965277642 23.090199261903763 107.27044604718685 143.55461353808641 3.317248786333951 291.4627533024177 7.0281554404646149 10.641747375950219 0.68165740557014931 262.128677777946 33.515680782496929 80.255832854658365 15.101246085017918 79.174168117344379 19.959277417510748 21.332452993839979 9.8759890329092759 19.633282382041216 8.0960836401209217 4.3207748774439088 12.736956458538769 75.096630541607738 50.866020618006587 8.3919263593852502 88.367611793801188 28.173853926360607 75.132190333679318 114.42363797128201 2.7925485670566559 15.852973733097313 30.6264174785465 73.038380216807127 59.734083984047174 12.646649181842804 36.719892244786024 6.6914034821093074 3.9092161804437637 5.5923945046961308 14.299778979271649 38.606007369235158
leaf_count=2230 11442 791 312977 1227 18079 270 821 205 118 247 411 95 33 3058 4964 758 108 96 26514 360 83 57 1002 180 1006 1477 65 2640 81 175 15 3403 447 788 134 642 205 263 174 187 107 70 102 1251 718 149 2136 325 749 1272 36 147 332 728 854 133 452 49 34 39 288 409
internal_value=-0.0391724 0.0443081 -0.0728488 -0.0757503 -0.0357447 0.0600334 -0.0408705 0.0741995 0.0437873 -0.0701015 -0.00659401 0.0364281 0.0420871 -0.0201152 0.0811337 0.001751 0.0394366 -0.0790936 -0.066773 0.060355 -0.0671417 0.0763977 -0.0348734 0.0522661 0.0331214 0.0636238 0.0527608 0.0287347 0.0578688 0.0861336 0.214125 0.0731542 0.0647375 0.0386074 0.0569732 0.0214107 0.0340892 0.10756 0.00548533 0.0466593 0.0720947 0.0571804 0.061515 0.00568865 0.0276449 0.022733 0.00641156 0.0933632 0.0604786 0.0667418 0.0282569 0.0248141 0.058435 0.0760601 0.0888625 0.0729173 0.0883788 0.0335702 0.0345681 -0.0272645 0.0488926 0.0457462
internal_weight=9330.02 2681.88 6648.14 6399.24 493.534 2263.93 417.957 1209.38 1054.55 355.524 181.348 860.384 726.617 149.625 1012.18 248.898 698.347 5905.71 508.523 49.065 236.609 194.163 118.247 317.601 118.26 199.341 138.01 380.745 65.0375 36.6614 3.62378 639.566 377.437 197.197 95.3571 101.84 55.7864 28.2707 29.7091 57.3464 33.0376 31.7229 32.6962 133.766 58.6698 315.708 235.705 31.4911 343.922 268.79 6.93822 307.316 50.2597 187.462 136.817 77.0826 54.9343 18.2144 22.1483 9.50161 24.9415 58.0093
internal_count=408208 42435 365773 360649 20117 25548 16887 14123 11425 18500 5362 9170 7106 4881 12354 5124 6774 340532 27555 1041 11525 2255 4060 3078 1114 1964 1617 3696 760 681 111 7390 3987 1769 922 847 487 332 421 576 570 481 307 2064 813 2936 4366 390 3540 2791 69 2787 519 2000 1679 825 619 167 206 73 463 679
is_linear=0
shrinkage=0.08


Tree=16
num_leaves=63
num_cat=0
split_feature=4 1 20 4 2 0 3 5 9 4 9 10 7 17 0 4 0 10 6 13 15 2 3 17 17 0 2 4 10 4 6 4 17 4 10 4 18 10 7 3 18 13 15 6 9 4 6 13 0 2 17 4 2 3 17 5 0 0 2 17 17 3
split_gain=3736.85 509.824 222.922 115.339 232.603 77.6973 64.3137 45.6987 45.3754 38.1327 23.01 19.6754 19.5703 18.583 24.1183 17.1653 14.9273 13.9805 13.7975 11.9555 14.1725 13.845 11.5363 11.3941 11.1423 10.9187 10.6375 148.832 36.2947 57.6123 32.9416 26.1886 26.6406 26.6271 19.1179 44.6745 17.2488 10.3738 10.9976 9.9531 9.50751 9.45586 9.33686 8.61192 10.9779 9.20782 8.56275 8.4998 8.47254 24.3703 8.43439 8.2573 25.425 8.95955 13.6365 8.20744 7.83474 7.59988 10.3783 13.7192 8.99729 8.69566
threshold=73.36391437308869 0.29745817245817252 -78.547459252157225 62.345301757066473 0.74100014994751839 4.5000000000000009 62.910052910052919 85.22532021243363 1.0000000180025095e-35 97.375310002755597 1.0000000180025095e-35 1.0000000180025095e-35 1.0000000180025095e-35 0.43826219512195125 13.500000000000002 94.189797449362359 8.5000000000000018 1.0000000180025095e-35 1.0000000180025095e-35 0.91287878787878796 1.0000000180025095e-35 0.84943242925320972 16.271373414230556 0.59594926350245514 0.95505050505050526 24.500000000000004 0.93045514518726313 51.628047857034687 1.0000000180025095e-35 57.800816672853593 0.57742498816381282 58.353269537480074 0.75235849056603787 54.84792626728111 1.0000000180025095e-35 47.836488454337434 0.51010204081632671 1.0000000180025095e-35 1.0000000180025095e-35 90.366769774635458 0.40824829931972795 0.10263157894736842 1.0000000180025095e-35 0.73439102547172108 1.0000000180025095e-35 60.766487166934759 0.99912280701754397 0.61803713527851467 13.500000000000002 0.85475620870357727 0.73993558776167478 94.189797449362359 0.41151635720601248 22.903981264637007 0.38138528138528144 55.106575963718825 6.5000000000000009 8.5000000000000018 0.94549415725886321 0.88047619047619052 0.95742753623188415 81.302966101694935
decision_type=2 2 2 2 2 2 2 2 2 2 2 2 2 2 2 2 2 2 2 2 2 2 2 2 2 2 2 2 2 2 2 2 2 2 2 2 2 2 2 2 2 2 2 2 2 2 2 2 2 2 2 2 2 2 2 2 2 2 2 2 2 2
left_child=2 6 18 26 -5 8 7 47 15 10 12 16 17 25 56 37 42 19 23 20 21 39 -16 -1 -10 41 -4 34 30 -30 31 32 -29 -34 -28 36 -36 38 -3 50 -32 -9 -6 44 -42 -45 -11 -2 -25 -50 -7 52 -43 -54 -55 -44 -15 58 -21 -60 -59 -62
right_child=1 5 3 4 11 9 -8 13 24 46 -12 -13 -14 14 22 -17 -18 -19 -20 57 -22 -23 -24 48 -26 -27 27 28 29 -31 40 -33 33 -35 35 -37 -38 -39 -40 -41 43 51 55 45 -46 -47 -48 -49 49 -51 -52 -53 53 54 -56 -57 -58 60 59 -61 61 -63
leaf_value=-0.052759738792920424 -0.069446163540187372 0.056400117425574124 -0.080654247277994376 -0.077780256939935968 0.16132228141358348 0.040768863891825109 0.098375261934813593 -0.044120228497333942 0.083774556814868201 0.061123055078173102 0.0028678246646738101 0.090302089420305473 0.10596348160073951 0.27684660520453791 0.14289967617687446 0.090938080262261897 -0.023293444201415232 0.048605446155520732 -0.081392351413493297 0.041771457402173799 0.15453411713375764 0.12264457479104315 -0.051631494816957474 0.0098765639133466549 0.028014468041244873 -0.025786176249449167 -0.079289044590342236 0.074069023900321621 0.74892254011625659 0.12877439103660943 0.24869304061559663 0.093130634985057054 0.39510130777638774 1.234571457559632 0.45253926857241239 0.98568617087863841 -0.081368908350570937 0.081469279020254096 0.10485735133437762 0.071376754763791392 0.032908614262375541 0.66828385543312763 -0.0076286475588195467 0.20090189254726248 -0.073278250421115396 -0.051051879309426555 0.097839952260373453 0.048071968462186671 -0.082848458430203928 0.61180280086035166 -0.04569171615192396 0.060228902817854646 -0.018081421350143855 0.44342706406599447 0.071665266641156064 0.04621366022472128 0.032073471177685671 0.0010348239453798066 -0.015489027265052618 0.14568468542358462 -0.034723950307683812 0.15262938903772078
leaf_weight=19.476159792393446 247.65578893152997 344.79143869504333 4537.8859022012912 338.55133030610159 3.784989559557288 13.603376321494581 20.56941600702703 4.0359669290483025 26.393013015389442 125.30846817325801 136.1199675318785 34.744803002104163 26.668131833896041 0.86581852333620446 1.9952770909294475 358.92755810171366 33.746058677788824 316.75235028099269 12.196178002282975 133.42080350406468 8.3239923752844316 11.21231861039996 88.021268362179399 216.09690968040377 175.08271712809801 11.74311564164236 813.14577218377963 0.52926180092617803 1.2281723129563022 4.3704493287950754 1.1375016001984466 2.0892125694081187 0.52858135709539056 0.44574342714622617 0.47001369576901186 0.34048444731160987 2.1996071934700012 256.16752395033836 32.829198818653822 17.424496036022902 18.536930408328772 0.59605521056801336 23.833992151543498 2.8738383953459552 9.3860716973431426 1.3712642937898634 60.168874993920326 4.0025966372340909 0.75886587798595317 0.56304984074085951 15.390820210799573 15.431661855429409 1.9383863806724546 0.99231363134458694 1.73655345197767 75.568480499088764 25.062768075615168 134.49020371772349 41.838431716896594 3.677104089409112 2.3364489451050749 4.9327743574976921
leaf_count=586 12795 3585 284012 20570 55 227 269 101 266 1333 2127 427 330 18 41 4974 821 3164 758 1195 97 130 3078 3734 1526 298 50948 20 44 56 23 30 34 27 23 19 134 3442 457 178 622 30 267 82 458 15 873 61 24 22 212 226 53 41 62 807 631 1326 322 44 18 60
internal_value=-0.0382606 0.0407708 -0.0725456 -0.0756718 -0.0393158 0.0559701 -0.0396153 -0.0466396 0.069934 0.0401139 0.0330648 0.0365366 0.0386949 -0.0120699 -0.0277372 0.0769592 0.0228944 0.0361446 0.00158844 0.0259363 0.056956 0.0428623 -0.0473196 0.00586058 0.035319 0.0377339 -0.0791092 -0.0709439 0.0750169 0.264817 0.0462185 0.276363 0.530962 0.77915 -0.0785441 0.122697 0.012631 0.0690427 0.0606128 0.023591 0.021392 0.0678955 0.0379996 0.0133543 -0.00278517 0.119515 0.073034 -0.0675771 0.0111117 0.213028 -0.0051265 0.089741 0.176268 0.113433 0.206851 0.0333037 0.040247 0.0195568 0.0305184 -0.00246814 0.00572046 0.0924109
internal_weight=8826.37 2670.51 6155.86 5906.77 510.23 2245.86 424.647 404.078 1194.19 1051.67 866.191 171.678 730.071 152.419 115.945 992.716 136.934 703.403 249.091 386.651 65.955 57.631 90.0165 236.895 201.476 36.4741 5396.54 858.653 42.497 5.59862 36.8984 3.5928 1.50359 0.974325 816.156 3.01011 2.66962 633.788 377.621 46.4187 33.3056 24.7309 103.187 32.1681 27.923 4.2451 185.477 251.658 217.419 1.32192 28.9942 20.695 5.26331 4.66725 2.72887 99.4025 25.9286 320.696 178.936 45.5155 141.759 7.26922
internal_count=408208 43590 364618 359494 22947 25886 17704 17435 14250 11636 9430 2377 7303 4579 3768 12458 1950 6973 5124 3809 844 747 3119 4366 1792 811 336547 52535 1411 100 1311 111 81 61 51124 176 157 7484 4042 617 1200 513 1129 1177 1080 97 2206 12856 3780 46 439 412 186 156 103 1074 649 2965 1561 366 1404 78
is_linear=0
shrinkage=0.08


Tree=17
num_leaves=63
num_cat=0
split_feature=4 3 18 4 2 2 0 4 9 4 0 13 4 10 2 0 17 5 17 3 2 0 3 5 13 13 0 4 0 6 0 4 3 17 3 3 6 17 3 4 10 15 0 17 17 0 10 3 13 3 1 6 3 17 13 18 2 1 0 17 6 1
split_gain=3409.54 441.078 174.68 111.078 184.838 73.8411 72.7184 55.9974 43.1687 33.8105 20.0405 18.8324 17.1263 16.7788 15.1094 14.6782 18.2198 14.665 13.819 15.1224 13.7077 15.786 13.6158 13.4358 12.7901 15.6787 12.5826 12.2911 12.2038 11.9864 12.9797 11.458 103.461 11.4102 11.7036 11.115 11.1147 10.6897 12.9671 10.5796 10.4323 10.2083 10.1551 10.0044 9.99405 9.96605 13.0884 12.5886 9.6988 9.68627 9.5542 9.51316 8.92792 8.89355 8.70168 9.8941 8.57232 8.25426 8.06192 8.01315 7.772 7.34222
threshold=73.36391437308869 45.29775943396227 0.31514294222751643 63.656746840603347 0.68888888888888899 0.91997849462365611 4.5000000000000009 88.944444444444457 1.0000000180025095e-35 94.759725400457668 18.500000000000004 0.43167701863354041 94.189797449362359 1.0000000180025095e-35 0.84795769405453936 13.500000000000002 0.40161290322580651 31.334292393454422 0.95293466223698797 92.907444668008068 0.94785328624203313 8.5000000000000018 93.419913419913442 99.779735682819393 0.92582417582417598 0.37668918918918926 7.5000000000000009 1.0000000180025095e-35 8.5000000000000018 0.73439102547172108 8.5000000000000018 57.078215901745324 77.485187623436488 0.90399385560675893 54.201977401129945 92.031746031746039 0.82016632160110436 0.78647416413373872 76.5331664580726 64.136540400403291 1.0000000180025095e-35 1.0000000180025095e-35 10.500000000000002 0.37617924528301894 0.95505050505050526 7.5000000000000009 1.0000000180025095e-35 87.585616438356183 0.35038363171355502 17.467581998474454 0.61620294599018022 0.57284208846708851 84.292763157894754 0.84045454545454557 0.95974235104669903 0.85019685039370085 0.66384297361808631 0.69631093544137035 13.500000000000002 0.58411949685534603 0.84198324994625262 0.36055555555555563
decision_type=2 2 2 2 2 2 2 2 2 2 2 2 2 2 2 2 2 2 2 2 2 2 2 2 2 2 2 2 2 2 2 2 2 2 2 2 2 2 2 2 2 2 2 2 2 2 2 2 2 2 2 2 2 2 2 2 2 2 2 2 2 2
left_child=2 7 5 31 -5 -1 8 14 12 10 18 15 40 28 41 -9 -17 27 20 48 21 22 -8 29 25 58 -24 -7 -6 -11 45 -4 57 54 -35 -22 53 43 -39 -19 -3 -2 -27 -26 -10 46 -31 -47 -20 -18 -40 -29 61 -34 -32 -56 -44 -33 59 -23 -42 -25
right_child=1 6 3 4 13 17 9 11 44 23 -12 -13 -14 -15 -16 16 49 39 19 -21 35 24 26 52 37 42 -28 51 -30 30 33 32 36 34 -36 -37 -38 38 50 -41 60 -43 56 -45 -46 47 -48 -49 -50 -51 -52 -53 -54 -55 55 -57 -58 -59 -60 -61 -62 -63
leaf_value=-0.065446112311147248 -0.06999701798699294 0.056540139709951157 -0.080108273689800474 -0.077636038102590177 0.034560590267257732 0.011437002456191678 0.022192702810279186 0.029232648796546887 0.078212984130082097 0.12154786759264076 -0.033517065979273675 0.049778958805074956 0.087275743805852374 0.084793534939218027 0.12303222693020051 0.028803224881043761 0.080518858412185687 0.27243331710795238 -0.068974041791201132 0.10877128124107693 0.12650044671537086 0.181674851949432 0.035193661929805276 -0.043369106745143951 0.086884092200439231 0.013874243192344135 0.081406949693436884 -0.060579604194339262 -0.023506679278549308 0.011681723508805451 0.050104203951263512 -0.080650707769465382 -0.018854681718193926 -0.094922143203075376 0.12381014060072239 -0.012858870786525114 0.14095585352897363 -0.0083486042091921852 0.15675824968763694 0.036661694587612051 0.052147065392784651 0.076584790389685506 0.042817163511299494 -0.0016119607293750189 0.025518310960053428 0.00090945942132128325 0.0805176343036548 0.10553080252473095 0.048266471342303316 -0.054633921703364598 0.040692135455392887 0.19155170513151143 0.10502630591460738 0.057347529800936714 0.07512850246489923 -0.005610087605935443 0.15115655548817056 0.24403465465841642 -0.029839897348247161 0.025421548609681696 0.085637162647360571 0.071879268840414234
leaf_weight=138.4751846017316 218.31191530451179 371.73875246569514 4513.3828337471932 252.63008192321286 91.654237750917673 207.55351648805663 98.316563680768013 32.789353256579489 26.486707381904125 14.013637406751512 33.502519697882235 32.343338038772345 343.82397815957665 32.174236815422773 2.6831665225327006 24.7476598136127 3.5392459761351338 2.2544537186622611 5.375689795240759 28.448721148073673 3.860588062554597 2.5460514342412379 69.147100763395429 4.9660457931458977 8.5492919404059631 8.0055871866643447 82.927499102428555 22.354180848225955 30.998200009576976 37.454049272462726 42.842436116188765 389.8442536983639 15.705149967223404 1.7897804081439961 12.497180137783287 71.506651933304965 6.5274433000013223 12.991987835615875 8.7134083397686499 2.6495868302881718 57.983016610145569 3.0836339201778165 6.6574454572983113 187.05477624200284 176.75847654417157 8.7133426479995233 33.481102518737316 47.414127858355641 28.234198639169335 82.585085936821997 9.4745734240859729 1.0006181788630772 52.634155407547951 26.078776529990137 11.274581231176851 70.174901328980923 15.690375095233319 0.50175462663173576 15.743744275532661 12.0034385882318 188.60094622150064 12.30147925019264
leaf_count=8111 12344 4036 305588 16560 962 3435 918 821 264 166 501 481 4964 421 31 588 76 78 51 374 47 36 675 42 90 74 868 1267 785 361 426 26297 465 12 170 727 93 145 112 27 702 43 79 1980 1526 77 384 587 295 3396 110 46 834 463 122 601 190 20 215 154 2733 162
internal_value=-0.0373496 0.0381866 -0.0719149 -0.075605 -0.0354542 -0.0190765 0.0520996 -0.0391432 0.0658858 0.0369185 0.0268764 -0.00537271 0.0729624 0.0333736 -0.0656685 -0.0177893 -0.0316956 0.00815301 0.0298728 0.0658472 0.026232 0.0307096 0.0453943 0.0572794 0.0179173 0.0505508 0.0603941 0.0052456 0.0198851 0.049438 0.0456339 -0.0789086 -0.0665651 0.0287008 0.0964087 -0.00572037 0.0438721 0.00919045 0.0526933 0.145049 0.0650034 -0.0679554 0.0911867 0.00225595 0.0323854 0.0641016 0.044172 0.0892892 0.0295146 -0.0490799 0.0962965 -0.0497772 0.0886505 0.0287057 0.020918 0.00556609 0.118882 -0.0802334 0.00983414 0.0527647 0.0777621 0.0387345
internal_weight=8357.57 2623.78 5733.78 5359.5 407.457 374.288 2223.7 400.083 1165.39 1058.31 708.75 176.005 962.147 154.827 224.079 143.661 110.872 235.812 675.248 62.0586 613.189 537.822 250.391 349.557 287.431 60.6466 152.075 230.908 122.652 279.655 265.642 4952.04 438.657 138.579 14.287 75.3672 48.3114 226.784 31.18 4.90404 618.323 221.396 30.3534 195.604 203.245 127.063 70.9352 56.1275 33.6099 86.1243 18.188 23.3548 69.9017 41.7839 124.292 81.4495 22.3478 390.346 30.2932 14.5495 246.584 17.2675
internal_count=408208 43590 364618 351654 18728 12964 25810 17780 14225 11585 7641 5362 12435 2168 12418 4881 4060 4853 7140 720 6420 5646 2461 3944 3185 748 1543 4748 1747 2906 2740 332926 27338 1331 182 774 1021 2437 367 105 7471 12387 343 2070 1790 1409 745 664 346 3472 222 1313 1038 928 1149 723 269 26317 405 190 3435 204
is_linear=0
shrinkage=0.08


Tree=18
num_leaves=63
num_cat=0
split_feature=4 3 4 0 4 4 2 2 9 4 0 2 7 4 17 11 13 6 17 3 2 0 0 2 4 11 4 6 11 5 4 17 11 7 15 17 13 13 3 0 6 0 17 3 3 0 11 17 17 0 3 5 18 17 3 17 2 0 13 17 18 0
split_gain=3112.99 465.292 179.569 69.6316 61.6876 60.8446 139.243 56.9521 44.6387 32.726 20.0702 19.9372 18.6945 17.6523 17.4085 15.438 13.9835 13.3567 12.7994 14.6898 13.6747 14.8169 12.506 11.4242 130.436 23.313 20.6276 18.8512 16.0328 15.9976 14.6564 11.392 11.1174 12.1304 10.9257 10.9081 10.7975 13.6791 10.5816 15.132 9.63558 10.2113 9.82652 10.211 9.58486 9.34932 11.2454 10.8639 9.0616 9.03611 8.82724 8.66745 8.27281 8.00398 12.8376 8.73073 8.55036 7.92239 7.53137 8.67194 8.3401 8.20611
threshold=70.2866502866503 45.867486338797825 1.0000000180025095e-35 4.5000000000000009 88.944444444444457 62.345301757066473 0.71317913730194438 0.91997849462365611 1.0000000180025095e-35 94.759725400457668 18.500000000000004 0.84795769405453936 1.0000000180025095e-35 94.189797449362359 0.8021739130434784 1.0000000180025095e-35 0.43167701863354041 0.99912280701754397 0.95293466223698797 78.346121057118509 0.94785328624203313 8.5000000000000018 13.500000000000002 0.93045514518726313 51.628047857034687 1.0000000180025095e-35 58.851017042330959 0.60808389682658703 1.0000000180025095e-35 54.589800443458991 44.397954439795448 0.89323708206686947 1.0000000180025095e-35 1.0000000180025095e-35 1.0000000180025095e-35 0.40161290322580651 0.92582417582417598 0.46862745098039216 93.419913419913442 7.5000000000000009 0.73439102547172108 8.5000000000000018 0.90399385560675893 54.201977401129945 16.271373414230556 7.5000000000000009 1.0000000180025095e-35 0.77003205128205143 0.8218253968253969 10.500000000000002 92.031746031746039 60.044843049327362 0.72104203935599298 0.78647416413373872 76.5331664580726 0.37617924528301894 0.8732225274725276 11.500000000000002 0.95974235104669903 0.74754901960784326 0.80569039913700113 9.5000000000000018
decision_type=2 2 2 2 2 2 2 2 2 2 2 2 2 2 2 2 2 2 2 2 2 2 2 2 2 2 2 2 2 2 2 2 2 2 2 2 2 2 2 2 2 2 2 2 2 2 2 2 2 2 2 2 2 2 2 2 2 2 2 2 2 2
left_child=2 4 7 8 11 23 -7 -1 13 10 12 34 18 32 16 31 22 40 20 -20 21 38 -6 -4 28 27 -27 29 -25 -26 -30 -8 33 -3 -2 -24 37 -23 -5 -40 -11 45 58 -44 -37 46 -42 -47 -10 -39 -22 -33 -53 55 -55 -38 -56 -16 59 61 -60 -43
right_child=1 3 5 9 14 6 15 -9 48 17 -12 -13 -14 -15 57 -17 -18 -19 19 -21 50 36 35 24 25 26 -28 -29 30 -31 -32 51 -34 -35 -36 44 53 49 39 -41 41 42 43 -45 -46 47 -48 -49 -50 -51 -52 52 -54 54 56 -57 -58 -59 60 -61 -62 -63
leaf_value=-0.064264005138131172 -0.070373267456984551 0.048358817221910072 -0.08038457273495532 0.01948456020451619 0.050782040670120952 -0.078551600857491855 -0.015122096792180547 0.010417682965334829 0.13997735439500511 0.10953311613598914 -0.035067567589904307 0.12674934042766534 0.10499209456038471 0.083901632385131 0.0080801389764191909 0.094559840056771982 0.060957300222450668 0.088655794694714171 -0.0012436265439389562 0.086301418850404238 0.11178892798333934 0.011893447678542914 0.02630941024775792 -0.078820481846656923 0.10059121321456362 0.38934941778797416 0.092743401180125126 0.010336895546608106 -0.01374855524664878 0.41582443501434962 0.34519155811811886 -0.00045761139550346984 0.074360636212627465 0.10009865365365027 0.066675568659863307 0.12630823991391396 0.078003021028694455 0.0081486698658430629 0.025477524410431131 0.075549016982441805 0.01098294248132828 -0.067423086049008471 -0.091663969057602032 0.1169229291096409 -0.042724387227952916 0.10110217342715397 0.074324221674233484 0.0098416866935894815 0.026103075983924268 0.11795842442413282 -0.016536502295324648 0.1516721491874681 0.047858953268038296 -0.016323863798290098 0.19120792322758209 -0.003966654735165968 0.057919437444508469 -0.069761278154134618 0.10577377583307734 -0.023109540332337971 0.00047150365218687971 0.075934642311016973
leaf_weight=94.972024378366768 259.4306228030473 354.37733752839267 3822.2958064880222 100.11519157653674 21.535660070832819 232.32708565844223 39.58248979318887 209.54537373362109 4.5696814060211173 14.788111712783573 35.178463070653379 3.3934731744229785 19.064049530774355 329.53609075769782 11.381308671087025 20.038852103985846 26.876674018800259 58.436401218175888 17.435198639519513 41.381429694592953 3.6010629348456851 35.89948391309008 25.430524181108922 703.97751550935209 6.8565935371443612 2.4055273281410328 3.9890446215867996 30.250079073477536 2.4390957728028293 1.2125168326310811 1.0378401977941392 18.613549922592938 245.78590472787619 31.585311733186245 3.7770826155319801 2.2311450373381367 8.6947351060807687 6.5008301287889507 70.745481198653579 85.083098916336894 38.347970996052027 2.7662775516510001 1.7084846235811699 12.428706251084803 56.902339495718479 45.314061904326081 33.704242467880249 10.233738530427216 209.92248322442174 18.28811399359256 72.504425500519574 6.1559922480955747 24.326669031754136 13.545080222189428 3.9152333736419704 191.01009759679437 14.442220728844402 31.604151595849544 5.1333583742380133 8.8992583230137807 77.293420262634754 33.538133079186082
leaf_count=5700 16189 3741 279504 949 495 16511 831 3435 52 176 609 41 240 4963 213 266 381 929 182 508 43 522 589 51442 180 52 48 1096 140 35 39 234 3548 472 54 43 89 54 672 892 371 19 12 175 2357 570 395 101 1810 216 733 82 280 163 51 2055 167 1312 59 73 683 365
internal_value=-0.0364238 0.0333431 -0.0724877 0.0480575 -0.0416576 -0.0761808 -0.0435836 -0.0128738 0.0615283 0.033392 0.0238999 -0.0659225 0.026854 0.0688915 -0.00489352 0.0311424 0.00941303 0.053823 0.0246735 0.0603502 0.0213125 0.0257238 -0.00364392 -0.0786111 -0.0695988 0.0629146 0.204321 0.0393171 -0.0779741 0.14796 0.0933925 0.0168119 0.0610618 0.052593 -0.0684066 -0.0175044 0.013417 0.0434544 0.0397785 0.0528168 0.0466597 0.043208 0.0284307 0.0917151 -0.0363467 0.059626 0.0406124 0.084289 0.0285291 0.0891611 -0.0104646 0.0425577 0.0688241 0.00554622 0.0427553 -0.000397865 0.0863469 -0.0491511 0.0214209 0.0476629 0.0070295 0.0650113
internal_weight=7918.36 2698.34 5220.03 2255.77 442.563 4915.51 341.045 304.517 1175.78 1080 737.404 266.601 702.226 961.285 175.962 108.718 132.976 342.592 683.162 58.8166 624.345 548.24 106.1 4574.46 752.168 44.7138 6.39457 38.3192 707.454 8.06911 3.47694 88.6787 631.749 385.963 263.208 84.564 292.296 60.6884 255.944 155.829 284.156 269.368 141.768 14.1372 59.1335 127.6 72.0522 55.5478 214.492 24.7889 76.1055 49.0962 30.4827 231.607 31.9025 199.705 18.3575 42.9855 127.63 45.2037 82.4268 36.3044
internal_count=408208 48333 359875 26659 21674 350740 18204 9135 14586 12073 8145 16284 7536 12724 5390 1693 3865 3928 7296 690 6606 5830 3484 332536 53032 1411 100 1311 51621 215 179 1427 7761 4213 16243 2989 3317 792 2513 1564 2999 2823 1386 187 2400 1437 766 671 1862 270 776 596 362 2525 381 2144 218 1525 1199 457 742 384
is_linear=0
shrinkage=0.08


Tree=19
num_leaves=63
num_cat=0
split_feature=4 1 20 10 4 2 5 0 0 20 9 3 4 20 13 0 0 3 10 8 4 13 2 4 9 13 10 6 6 0 4 4 6 0 2 3 2 6 18 2 3 13 13 13 13 13 3 1 1 0 2 20 18 6 3 18 4 5 5 0 1 20
split_gain=2848.57 406.595 220.774 63.6802 60.7345 128.936 57.9524 37.6896 30.1747 28.2319 21.3465 18.5334 18.4954 17.5988 17.0211 13.2863 13.8458 22.5944 13.2599 12.69 12.1936 13.6963 12.0463 121.415 26.603 16.3476 15.0673 12.8903 11.9089 11.8069 11.6741 11.5363 10.9013 9.99528 9.80471 9.70415 12.0768 9.61143 9.16669 9.15606 13.8709 13.0495 9.14183 9.09875 15.2277 9.0972 9.05837 14.2911 8.77527 8.76394 8.60764 8.55398 12.1854 8.77052 8.48872 8.44645 10.2385 8.14202 8.03529 7.86479 16.0766 7.75926
threshold=70.2866502866503 0.29745817245817252 -78.547459252157225 1.0000000180025095e-35 62.345301757066473 0.71317913730194438 81.093535932245615 5.5000000000000009 4.5000000000000009 32.06426635694929 1.0000000180025095e-35 91.024165707710026 99.779735682819407 69.946473775156463 0.92582417582417598 8.5000000000000018 7.5000000000000009 95.74275362318842 1.0000000180025095e-35 1.0000000180025095e-35 85.196142888450595 0.74179894179894201 0.93045514518726313 49.324200913242016 1.0000000180025095e-35 0.90454545454545465 1.0000000180025095e-35 0.60669142211389959 0.84198324994625262 9.5000000000000018 96.394209933258239 57.800816672853593 1.0000000180025095e-35 6.5000000000000009 0.84795769405453936 92.907444668008068 0.87458228905597335 0.68264547485561999 0.93360881542699736 0.84667014977359811 88.2734912146677 0.82555780933062894 0.39444444444444449 0.94427244582043357 0.78416149068322993 0.21525096525096529 78.346121057118509 0.66333333333333344 0.77638888888888902 8.5000000000000018 0.65866589550800081 -10.278526836836472 0.98843892007484635 0.77210196893416083 69.282051282051285 0.92888748419721889 90.957190957190974 67.750749162700529 59.656494176618025 16.500000000000004 0.46470099667774095 39.527551732155317
decision_type=2 2 2 2 2 2 2 2 2 2 2 2 2 2 2 2 2 2 2 2 2 2 2 2 2 2 2 2 2 2 2 2 2 2 2 2 2 2 2 2 2 2 2 2 2 2 2 2 2 2 2 2 2 2 2 2 2 2 2 2 2 2
left_child=2 6 32 7 22 -6 11 10 28 -8 19 -2 39 29 20 16 34 -18 33 30 21 35 -4 -24 25 -25 27 -27 57 -11 45 37 -1 58 -16 36 -9 -28 -36 40 61 -41 -31 44 -30 -3 -17 59 -19 -43 -15 53 -53 -12 -47 56 -56 -5 -7 60 -48 -10
right_child=1 3 4 8 5 18 9 14 12 13 51 -13 -14 50 15 46 17 48 -20 -21 -22 -23 23 24 -26 26 31 -29 43 42 -32 -33 -34 -35 38 -37 -38 -39 -40 41 -42 49 -44 -45 -46 54 47 -49 -50 -51 -52 52 -54 -55 55 -57 -58 -59 -60 -61 -62 -63
leaf_value=0.0050502745817630644 -0.069734137837069124 -0.073542094665233912 -0.080195018855042072 0.10960441271438295 -0.078251924666759384 -0.0021914720489579066 0.092483677761006439 -0.055546433456804691 -0.01304775568386622 0.11043145069238883 0.050112689055032016 0.16938708755133852 0.088006301835790474 0.014490474141807801 0.097228556964558885 -0.028783754337403114 -0.026799913577105549 0.069198130809644792 0.087734660688454424 -0.012272390341782832 0.063008842106673971 0.16461163011600533 -0.078601241318893345 0.48709598850506985 -0.038747592999949058 0.13909285206950223 0.18500071116014447 0.019535707095727009 0.083854411823300001 -0.049201892247684162 0.084844252517104535 0.091534873475412781 -0.081117990400934453 -0.018201046859696 0.020147163303329784 0.072481705110658143 0.14403013678931564 0.47469576253268114 -0.023272534954106656 0.12068915116205764 0.082787116396559488 0.057353246673865946 0.0034792450606059007 0.088310248905541497 -0.02425641480948516 0.12096239226729522 0.0986383425234197 -0.027762800170087233 -0.047528832316154006 0.026888137832267116 0.18298931402262 0.054042328475123108 -0.020258414648677964 -0.00079298087121814275 0.050257520489949074 0.035077656338439546 0.084879542506580002 0.037431327230993919 0.061172727983836238 -0.024287594744538538 0.01693546111286123 0.042262829456078663
leaf_weight=238.36913298536092 227.1824500830844 3.6595695987343779 3593.6456937612966 11.869372576475142 215.253495126497 20.77285734936595 16.271423565223813 20.477986724115915 52.832901293411851 3.537266351748257 28.314558412879705 2.0935469511896363 60.465853221714497 51.993503598496318 7.6807848662137976 54.503936499357224 21.72638353984803 88.938358770683408 19.876673929393291 17.367602206766605 85.468921780120581 3.1278354153037062 639.61819354118779 0.62313191359862585 17.22905374225229 7.6856955690309432 1.9713400825858109 23.174147290177643 23.938571974635124 97.343835439998657 82.56349865719676 4.3571353890001774 9.782086404040454 34.52162865223363 85.218304628506303 6.7795315291732541 2.1436283849179736 1.1668013930320738 49.018066182732582 14.851435270160435 17.572343125939369 132.39282804355025 26.909254049882293 309.35466546192765 12.794973287731407 11.49270101264119 18.280063821002841 51.280092264525592 4.3222241625189772 111.1855326294899 2.0155207086354485 89.459186652675271 16.77553516626358 92.174395134672523 213.56172630563378 138.71948204562068 73.471597090363503 63.644373454153538 33.406556904315948 20.230813983827829 98.290850695222616 23.431604348123074
leaf_count=4366 14737 24 284012 167 16511 229 223 544 511 73 247 28 945 1255 86 673 198 973 266 151 1041 38 50401 25 910 218 30 871 384 4540 1282 54 758 846 854 76 25 26 453 192 211 1406 637 5056 157 158 227 630 36 978 28 866 147 731 2346 1483 984 829 352 237 1127 339
internal_value=-0.0354948 0.031288 -0.0718535 0.0450471 -0.0758074 -0.0423999 -0.0401686 0.0345295 0.0625069 -0.00847263 0.0463661 -0.0675507 0.0471303 -0.0175084 0.0198162 0.0133605 0.0260393 0.046672 0.0286761 0.0550041 0.0471435 0.00545784 -0.0783295 -0.0686949 0.0440351 0.0806265 0.0740228 0.0493116 0.0775599 -0.03369 0.0572362 0.175765 0.00165353 0.015442 0.00932181 -0.0114737 -0.0366345 0.292713 0.00429193 0.040114 0.0187101 0.0478859 -0.0377928 0.0838404 0.0461974 0.0520664 -6.65687e-05 0.00825534 0.0637883 0.0434469 0.0207786 0.0257607 0.0423095 0.0111697 0.0531177 0.0512863 0.0591197 0.0487756 0.0368783 0.0217567 0.0297477 0.00394594
internal_weight=7508.18 2646.73 4861.45 2219.38 4613.3 323.831 427.347 1385.05 834.334 198.071 767.56 229.276 412.732 181.799 617.488 499.49 256.904 114.987 108.578 540.836 117.998 32.529 4289.47 695.825 56.2073 38.9783 38.3551 30.8598 421.602 127.79 523.469 7.49528 248.151 88.701 141.917 29.4011 22.6216 3.13814 134.236 352.267 93.8368 258.43 124.253 346.088 36.7335 440.905 242.586 188.082 93.2606 243.578 54.009 226.724 106.235 120.489 437.246 425.753 287.033 75.5137 54.1794 136.802 116.571 76.2645
internal_count=408208 48333 359875 26812 354751 18204 21521 15637 11175 6756 8419 14765 4582 6533 7218 5494 2600 1207 1693 6428 1724 683 336547 52535 2134 1224 1199 1089 6593 5250 6277 110 5124 1427 1393 645 569 56 1307 3637 1061 2576 5177 5597 541 4995 2894 2221 1009 2384 1283 1991 1013 978 4971 4813 3330 996 581 1591 1354 850
is_linear=0
shrinkage=0.08


Tree=20
num_leaves=63
num_cat=0
split_feature=4 1 20 10 4 2 7 2 4 0 0 4 10 13 2 6 17 4 13 17 13 20 9 17 3 20 6 5 6 0 17 13 6 3 13 13 2 9 13 13 17 3 1 5 20 7 3 15 0 2 0 20 3 20 6 3 6 20 4 5 13 1
split_gain=2604.74 357.729 218.892 67.9583 58.66 178.208 48.733 48.4227 39.4819 35.6171 27.942 22.7884 17.7638 16.9753 17.9994 17.0861 15.686 15.5558 15.5537 15.0818 12.771 14.5423 12.113 11.4609 10.6829 10.5857 10.1248 9.85021 15.7496 9.76099 10.8965 9.81154 9.55726 9.09461 8.91088 10.7376 8.85325 8.24058 7.84394 7.53887 7.51919 21.8295 13.6287 7.50922 8.43866 7.50462 7.4811 7.32651 7.15671 7.15387 7.11572 6.83932 6.83311 6.71832 6.89856 6.52941 6.10313 9.80793 9.32422 6.2206 6.01971 5.97157
threshold=70.2866502866503 0.29745817245817252 -78.547459252157225 1.0000000180025095e-35 58.353269537480074 0.83555908449284144 1.0000000180025095e-35 0.69404997176736327 88.944444444444457 4.5000000000000009 8.5000000000000018 97.375310002755597 1.0000000180025095e-35 0.78416149068322993 0.89057420536452803 0.80953199448034274 0.97402159244264519 99.779735682819407 0.92582417582417598 0.75893997445721595 0.95974235104669903 -19.178227452481181 1.0000000180025095e-35 0.73123827392120078 71.516754850088191 9.153515688297114 1.0000000180025095e-35 82.785560344827601 0.85725316196149548 6.5000000000000009 0.65571120689655182 0.097619047619047619 0.83828443998280855 52.479508196721319 0.94427244582043357 0.78416149068322993 0.95557280883367857 1.0000000180025095e-35 0.64611005692599621 0.93541666666666667 0.8190909090909092 77.871939736346533 0.63211600429645554 68.663122157453088 -12.199924609791777 1.0000000180025095e-35 83.438818565400865 1.0000000180025095e-35 22.500000000000004 0.87778619847585382 9.5000000000000018 1.0000000180025095e-35 92.422502870264069 -11.7574660311196 0.85725316196149548 52.479508196721319 0.87241706506222649 -15.34007106462858 87.528801843317993 61.34151329243354 0.53950103950103967 0.12060606060606062
decision_type=2 2 2 2 2 2 2 2 2 2 2 2 2 2 2 2 2 2 2 2 2 2 2 2 2 2 2 2 2 2 2 2 2 2 2 2 2 2 2 2 2 2 2 2 2 2 2 2 2 2 2 2 2 2 2 2 2 2 2 2 2 2
left_child=2 7 26 6 -4 -6 10 8 38 32 11 13 20 14 19 46 18 56 23 -3 25 45 29 49 -18 -7 -1 28 37 -10 31 -31 43 50 35 -34 -37 -17 -2 47 -20 -42 -43 -5 -45 -22 -15 -8 -33 -12 -32 -48 -21 -29 -55 -19 58 -58 -11 -60 61 -50
right_child=1 3 4 9 5 12 39 -9 22 17 16 -13 -14 15 -16 27 24 55 40 52 21 -23 -24 -25 -26 -27 -28 53 -30 30 33 48 34 -35 -36 36 -38 -39 -40 -41 41 42 -44 44 -46 -47 51 -49 60 -51 -52 -53 -54 54 -56 -57 57 -59 59 -61 -62 -63
leaf_value=0.0050977930601759959 -0.068041864656730275 0.10427810233002995 -0.078990619790114444 0.11101792938745154 -0.078327874473227602 0.28095694346439565 0.062539539437662287 0.091958240100324856 0.28542570846274151 -0.0027074727138741901 0.044131666496831048 0.071624090377361699 0.092417836805992262 0.0052693730078539301 0.12478308342881901 0.039709966389187654 -0.091251919098370105 0.007333010861763337 -0.013463985361682062 -0.065984684147375655 0.021340070352493745 -0.050055126246248145 -0.065985856594088371 -0.014917683188350097 0.11427040477177997 -0.029201042200539696 -0.081012956895263638 -0.021962888288751849 0.053583589159335906 -0.04830786117311954 0.08377288325981655 0.04583540218802272 0.077700228343876382 0.079128677788427512 0.087677819736621934 0.062332420944856227 -0.073718818346844225 -0.032277038711859017 0.05205767832340872 0.10495874798859245 -0.04077334522857539 0.1845676788464925 0.016494641216608204 -0.0021463531657378919 0.060908447378498702 0.18420815608664332 0.038914165962349964 -0.1088887576843206 0.059337234204710314 0.14969580130204962 -0.049492898424524701 0.096527810580778181 0.051654154148145962 0.055119232998592373 0.0062427153663604041 0.091581308254133825 0.10429173520019931 0.040383959142615937 0.13691997925997398 0.036307610034536919 0.11402287478590101 -0.048654412896198852
leaf_weight=237.86340555455536 228.87478995043784 9.5692165344953555 3769.2763527818024 11.307209763675926 380.6058610570617 2.0562331322580572 12.389412199147042 17.190293022431433 0.73706457391381164 51.971176222898066 52.195524374954402 94.43083106353879 23.024274590890855 41.754879492335021 24.364537082612514 16.046369953081012 1.8558417279273243 6.640681453049182 194.04318198096007 9.275450252927838 87.495829269755632 20.463181245140731 24.60051599284634 22.621034723706543 12.664233926683664 1.0711229927837846 9.0721243405714613 47.713727870956063 80.876973185688257 13.689187295269219 2.7054584613069883 41.496125133708119 22.898682285100222 4.2548374757170668 295.70855180174112 5.4141011424362642 7.0433891490101814 27.824766250327229 3.5341616622172287 62.909350987523794 12.702621258795263 6.8018691316246969 5.6546634621918201 20.286836575716734 41.110440902411938 1.8489201185293485 417.60614820569754 1.8314111009240157 4.1814566375687781 4.4595833308994761 49.132060589734465 13.616870459169148 4.7930156625807276 20.784199988469481 166.81667070277035 51.910185780376196 16.537217203527689 217.59491430874914 4.2117389496415845 59.398120212368667 2.2119134049862614 15.151997154112903
leaf_count=4345 15971 118 321142 169 31624 41 177 247 13 558 769 1355 312 377 331 165 27 68 2325 88 1148 960 1015 414 164 16 764 425 823 453 47 1004 381 57 5092 78 76 230 73 1023 153 88 60 242 581 27 4245 18 85 56 1983 168 47 227 1670 872 200 2254 54 564 24 490
internal_value=-0.0347575 0.0293201 -0.071306 0.042197 -0.0755258 -0.050244 0.0312991 -0.0394491 -0.0452328 0.0605241 0.0276015 0.0342749 0.0283743 0.0302718 0.0765315 0.0276062 0.00680372 0.0438621 0.00285366 0.0267963 0.0153176 0.0107776 -0.0143997 0.0332206 0.0880022 0.174727 0.00193418 0.0144748 0.032648 -0.004898 -0.00650907 0.0130822 0.0773717 -0.0333087 0.0831395 0.0451824 -0.0145901 -0.00594697 -0.0662156 0.0930673 -0.00812877 0.0330197 0.108271 0.0511073 0.0400739 0.0247105 0.0376027 0.0404624 0.0264128 0.0524411 -0.0425376 0.0407335 -0.0259061 0.00484061 0.0116577 0.0820261 0.0374724 0.0448979 0.0224307 0.0429694 -0.0109948 -0.0252979
internal_weight=7118.17 2585.4 4532.78 2177.64 4285.84 516.565 1365.6 407.76 390.57 812.033 1288.47 975.474 135.96 881.043 48.0022 833.041 312.999 408.264 298.478 23.6377 112.935 109.808 158.161 79.2761 14.5201 3.12736 246.936 360.063 124.748 133.56 132.823 76.7307 403.769 56.0924 331.065 35.3562 12.4575 43.8711 232.409 77.1302 219.202 25.1592 12.4565 72.7045 61.3973 89.3447 472.978 14.2208 63.0415 56.6551 51.8375 431.223 14.0685 235.315 187.601 58.5509 349.713 234.132 115.581 63.6099 21.5454 19.3335
internal_count=408573 48194 360379 26732 355270 34128 15543 21462 21215 11189 14325 10269 2504 8914 584 8330 4056 4570 3865 253 2192 2135 5171 1239 191 57 5109 3540 1218 4156 4143 2056 6619 2087 5627 535 154 395 16044 1218 2626 301 148 992 823 1175 4790 195 1603 825 2030 4413 135 2322 1897 940 3630 2454 1176 618 599 575
is_linear=0
shrinkage=0.08


Tree=21
num_leaves=63
num_cat=0
split_feature=5 3 20 18 1 9 2 10 5 5 10 7 8 3 6 10 18 6 7 5 2 2 7 5 7 20 3 9 5 6 20 2 15 6 18 5 20 3 6 2 18 6 13 13 6 3 13 17 18 6 20 18 10 5 6 2 2 18 5 1 17 1
split_gain=2295.06 208.619 280.907 198.011 197.244 52.2368 40.9097 30.3288 26.4282 20.7638 19.9193 19.6535 16.0509 15.3715 15.3011 14.7286 15.7542 17.4104 14.7071 14.1566 13.7382 12.7362 12.5407 12.4028 12.178 12.7787 12.1776 10.9472 10.4916 10.059 10.0446 11.5516 15.4512 10.9256 9.75039 9.71724 9.07562 8.86708 8.84924 17.3644 8.48606 8.26097 11.7434 10.9091 8.17093 8.03968 7.97859 7.90232 7.80285 10.4963 7.30757 7.254 8.18565 8.45482 9.66633 7.20547 7.05338 9.79996 9.49382 8.2078 8.1825 7.97272
threshold=69.58437081018964 84.292763157894754 -47.511875014069915 0.24602774274905426 0.26598639455782319 1.0000000180025095e-35 0.95864438288255471 1.0000000180025095e-35 85.22532021243363 99.779735682819393 1.0000000180025095e-35 1.0000000180025095e-35 1.0000000180025095e-35 89.512961508248239 0.83828443998280855 1.0000000180025095e-35 0.47352849579570228 0.68588990707862718 1.0000000180025095e-35 62.871870397643598 0.94167065390749616 0.6860928362573101 -1.0000000180025095e-35 61.776661884265913 1.0000000180025095e-35 -1.5384615384615363 54.201977401129945 1.0000000180025095e-35 47.921466973886332 0.94091693330823767 -8.7287157287157218 0.87620421245421254 1.0000000180025095e-35 0.7477534634180607 0.93533452807646367 90.636241007194258 -6.5920794181663736 19.292803970223328 0.87241706506222649 0.68094111207701469 0.43384860195498981 0.94091693330823767 0.10668563300142249 0.15099715099715103 0.80001544022177795 83.438818565400865 0.23303167420814483 0.53410852713178303 0.82870012870012888 0.88138333138333158 -15.34007106462858 0.78964130070398941 1.0000000180025095e-35 96.015873015873026 0.82934995466484718 0.46263497039359108 0.71317913730194438 0.98156642881413536 96.015873015873026 0.6478537360890303 0.50384615384615394 0.31622807017543864
decision_type=2 2 2 2 2 2 2 2 2 2 2 2 2 2 2 2 2 2 2 2 2 2 2 2 2 2 2 2 2 2 2 2 2 2 2 2 2 2 2 2 2 2 2 2 2 2 2 2 2 2 2 2 2 2 2 2 2 2 2 2 2 2
left_child=1 20 3 -3 8 6 9 11 26 18 12 13 24 44 50 -5 -17 -18 22 -9 38 27 51 -13 25 34 -2 37 40 30 33 45 -33 -7 35 -8 -15 41 -1 -40 -22 42 -10 -44 -4 -32 -39 55 49 -34 -12 -6 53 -53 -55 -48 60 58 -58 -59 61 -54
right_child=4 2 7 15 5 29 10 19 21 -11 14 23 -14 36 -16 16 17 -19 -20 -21 28 -23 -24 -25 -26 -27 -28 -29 -30 -31 31 32 48 -35 -36 -37 -38 46 39 -41 -42 -43 43 -45 -46 -47 47 -49 -50 -51 -52 52 56 54 -56 -57 57 59 -60 -61 -62 -63
leaf_value=-0.078906276072114451 -0.061601085065501548 0.0055750481141473912 -0.054654029327182448 -0.078855112945546452 0.051078957937035416 0.057095818864924819 0.043921778737889737 0.12063864425667531 -0.066665502251548187 0.079125490152483907 -0.018293919949803665 0.39215075308141589 -0.028309726175132829 0.020560223408483208 0.081916135949715904 0.3334011728449589 -0.066441576310415751 0.57158278512685945 0.086966469146259953 0.037448446688250751 0.16147519137906077 0.086709609421042985 -0.051417315618495739 0.089319328434165096 0.09260413911838572 0.084426828129526524 0.049783329919398572 -0.073606964496186894 0.12142749659276707 -0.018798430509647551 -0.021448721915776525 0.16722017655779703 0.030550399451423599 -0.0027448607527833821 0.021902954670672034 0.093142481259534851 0.11909493680502591 -0.037463832920972905 -0.057152189283606242 0.17703885281164336 -0.080927399948129794 0.0057048619344591076 0.46101735249636072 0.13058605287409927 0.16671540716719258 0.093222893537807133 0.17051128841925647 -0.017894527001385465 0.025447742533997696 0.13584147288780588 0.051625282459387307 0.01507269361235305 0.0033366028314011456 0.093721524827208844 0.019379653278367368 0.029017281903238167 0.043170232493600906 -0.018728711919086854 0.10084760015320859 0.050952927104646398 -0.0042572754612848554 0.1797270306425493
leaf_weight=3137.8351195154246 134.08278516167775 234.29585175518878 22.800391142955053 798.05983462557197 96.006053750868887 22.510729610919952 171.83964497968554 31.803660853533074 1.6172574982047105 62.110965537838638 12.649598404765127 1.3779055629856878 16.852703284472227 179.16958959633484 277.00800500437617 1.0633801659569133 3.4366734176874165 0.29741243598982681 29.235139141790569 22.251230593770742 1.0874643512070159 8.6959765292704088 12.159454454667864 2.327859740704298 41.184028591960669 49.652624778449535 6.5907289795577517 16.763493085280061 3.6719662542454898 56.899903762154281 28.558098123874515 6.6030463501811019 13.247457897290589 147.31738975644112 112.68158643320203 30.178226210176945 6.1890832372009745 46.548861689399928 10.967038132250307 2.4855022840201846 6.1601755702868104 10.844754246063529 0.75814235489815462 4.0844956152141094 1.119524860754608 4.5342488773167124 2.6763563542626825 28.001630270387977 63.083948323503137 11.167618742212651 39.252754915505648 329.95949884690344 3.2714427942410103 19.878577632829547 25.621068100444973 16.528499506879598 222.02656705677509 28.59797702729702 19.901768680661917 17.401548203080893 42.351798963267356 3.2884878609329462
leaf_count=283776 9402 4543 1393 73482 1164 234 1947 467 49 1099 145 31 143 3046 4963 35 232 15 430 285 39 120 191 32 740 810 114 763 74 647 625 91 140 1446 1229 419 88 1827 872 35 549 142 24 98 16 57 67 981 680 167 563 3330 57 245 249 385 2401 228 282 201 621 47
internal_value=-0.0338081 -0.0672147 -0.0402924 -0.0591318 0.031228 0.0399238 0.0458629 0.0328778 -0.032048 0.0344736 0.0596854 0.0192955 0.0481906 0.0160617 0.0744472 -0.078015 0.0617388 -0.0156242 0.0312096 0.0863941 -0.0783183 -0.00697301 0.0292229 0.20192 0.0513697 0.0467088 -0.0563826 -0.0133463 0.0112595 0.0120159 0.0179189 0.0349183 0.0492152 0.00518703 0.0407577 0.0512746 0.0238503 -0.00425055 -0.0786287 -0.0138829 -0.0445564 0.0483655 0.119983 0.182317 -0.0442933 -0.00573664 -0.013962 0.0092124 0.04031 0.0787112 0.0345846 0.030436 0.0276536 0.0195306 0.0518593 0.0487356 0.0367079 0.0414793 0.047915 0.00763174 0.00862048 0.091761
internal_weight=6760.62 4466.4 1304.19 1037.15 2294.22 2017.03 1663.11 267.039 277.193 911.81 751.299 212.984 422.389 209.279 328.91 802.857 4.79747 3.73409 849.699 54.0549 3162.21 136.519 820.464 3.70577 405.536 364.352 140.674 127.823 10.9196 353.922 297.023 127.194 94.1021 169.828 314.699 202.018 185.359 111.06 3151.29 13.4525 7.24764 17.3046 6.4599 4.84264 23.9199 33.0923 93.7553 47.2065 87.499 24.4151 51.9024 808.305 712.299 375.459 45.4996 19.2049 336.84 287.928 241.928 45.9995 48.9117 6.55993
internal_count=408573 369010 83665 78307 39563 25591 21504 5358 13972 10545 10959 4606 5288 4543 5671 73764 282 247 9446 752 285345 4456 9016 63 5145 4405 9516 4336 662 4087 3440 1760 1078 1680 3595 2366 3134 3573 284683 907 588 313 171 122 1409 682 3260 1433 987 307 708 8825 7661 3824 494 452 3837 3112 2683 429 725 104
is_linear=0
shrinkage=0.08


Tree=22
num_leaves=63
num_cat=0
split_feature=4 2 20 4 10 4 2 7 20 0 0 20 14 4 10 17 17 0 7 2 0 9 7 14 20 5 18 17 3 1 0 2 2 1 18 5 18 14 15 1 1 18 4 18 3 14 15 1 17 17 2 4 9 18 5 5 4 18 4 10 18 18
split_gain=2187.23 270.357 211.35 65.0611 62.1696 59.7443 156.989 41.1118 31.353 26.5132 20.3711 19.7781 19.6058 16.0081 13.2303 13.0586 11.9309 11.453 9.7722 9.66481 9.37284 9.29308 10.4582 9.28043 10.8692 9.03257 8.88886 8.78873 10.7239 12.5149 10.5291 17.4581 8.049 8.01788 7.37498 7.78991 7.18305 6.96833 11.4444 6.96045 6.80075 6.79519 9.73709 7.05802 6.77601 6.67655 7.29686 6.46062 6.41293 6.35068 6.11817 68.5909 24.0406 13.5184 15.4292 10.3551 7.21262 18.5668 10.1575 6.90766 10.8767 6.25402
threshold=70.2866502866503 0.68094111207701469 -78.547459252157225 85.196142888450595 1.0000000180025095e-35 58.353269537480074 0.83555908449284144 1.0000000180025095e-35 9.5862614051468551 4.5000000000000009 4.5000000000000009 -1.5384615384615363 1.0000000180025095e-35 99.779735682819407 1.0000000180025095e-35 0.8021739130434784 0.87138130686517801 22.500000000000004 1.0000000180025095e-35 0.86957219704561217 12.500000000000002 1.0000000180025095e-35 -1.0000000180025095e-35 1.0000000180025095e-35 -19.178227452481181 97.698500979924788 1.0000000180025095e-35 0.85857142857142865 80.322580645161295 0.66333333333333344 8.5000000000000018 0.93045514518726313 0.94334422657952077 0.8190909090909092 0.92511682242990667 90.636241007194258 0.76370794559770949 1.0000000180025095e-35 1.0000000180025095e-35 0.74322344322344336 0.25211864406779666 0.98297841518180518 95.258532597588399 0.37810002049600333 96.362433862433875 1.0000000180025095e-35 1.0000000180025095e-35 0.70412457912457926 0.73606811145510853 0.36451048951048953 0.94167065390749616 49.324200913242016 1.0000000180025095e-35 0.73427610759493678 48.198949644732785 53.452248530112833 55.825758470074383 0.56679790026246735 53.363499245852196 1.0000000180025095e-35 0.44484995944849964 0.55143622869708642
decision_type=2 2 2 2 2 2 2 2 2 2 2 2 2 2 2 2 2 2 2 2 2 2 2 2 2 2 2 2 2 2 2 2 2 2 2 2 2 2 2 2 2 2 2 2 2 2 2 2 2 2 2 2 2 2 2 2 2 2 2 2 2 2
left_child=2 3 26 -2 7 50 -7 10 -5 37 11 16 19 41 18 17 -3 -10 23 36 -17 22 34 33 -25 27 -1 30 -29 -30 31 44 -13 -8 35 -18 48 38 -6 -33 -19 42 43 -11 -14 46 -9 -46 -12 -32 -4 59 53 54 61 -55 57 -56 -59 -52 -61 -53
right_child=1 4 5 8 9 6 14 45 15 13 12 32 25 -15 -16 20 21 40 -20 -21 -22 -23 -24 24 -26 -27 -28 28 29 -31 49 39 -34 -35 -36 -37 -38 -39 -40 -41 -42 -43 -44 -45 47 -47 -48 -49 -50 -51 51 52 -54 55 56 -57 -58 58 -60 60 -62 -63
leaf_value=0.0044928346408778935 -0.064898855119454549 0.078943858032179584 -0.079931978685152186 0.089032086183307838 0.06173681534338904 -0.077743489290113113 0.28301030426562146 0.059955660601208147 0.010175981084901253 0.15886743083582705 0.16606448562935874 0.025370895851235253 0.0055587501608943416 0.086799976211326374 0.080930021106927527 0.00031360636703222213 0.040227199449145011 -0.049259207799506016 0.18603736955604006 0.10742261945204798 -0.066992495022268519 0.011535684046688564 -0.030717138320143358 0.017875860904714984 -0.049975762346050001 0.06735846196229732 -0.080920029216088402 0.0004679778859709128 0.12005725735274504 0.025501708378080589 0.053186122451528858 0.010344681689408962 0.080863170342078294 0.029925370457081771 0.021103485460428548 0.088594526415571501 0.025550199093302268 0.075954284405653591 -0.04644951147703294 -0.028410340245833825 0.044986225005515149 0.005972942518594225 0.070091564131853981 0.030850813435310986 0.04910432123162474 0.099660586838264453 -0.11648777698194125 0.18228691319494222 0.037224304918385007 -0.015595492765614128 -0.078445317839987705 0.1551315038999263 -0.050850633803065363 -0.0086402447808988352 0.97867582387501673 0.16229059742045102 0.19195591287369698 0.13490938386973164 0.61691324793042834 0.30259494816566052 -0.063166216829669442 -0.062245088043112622
leaf_weight=239.23180369008332 194.25360332801938 28.495200961828232 2781.112703067949 21.408781608566642 31.752000130712986 326.96512503386475 1.4571763589046889 9.8614274598658049 135.89948457758874 2.7919131563976398 4.7889739908277971 21.73135994374752 25.772473026998341 44.159820277243853 22.406949734315276 19.888274412136525 182.16146208718419 37.76507621537894 2.0652583006303749 15.314173746854065 39.622208821121603 188.54442797601223 15.439256723970173 89.144636211451143 18.193396200658754 15.71319932118058 8.0606757747009379 38.062973003834486 14.187643967568873 24.30604243837297 9.0088844895362836 68.553484659641981 72.664816278964281 1.7794634718447921 122.48153457790613 24.134767763316631 55.254703991115093 329.5413972735405 7.7940157465636721 52.276520611718297 5.6308601791970423 43.38063558191061 55.153178488835692 216.2265588408336 61.398578116670251 56.655809585005045 1.7691588699817664 2.423086864873766 5.1114754602313042 185.3152246074751 423.95220134942792 3.6114999467972693 9.1077586505562085 6.6972538491245341 0.34020255482755635 3.4299145499244332 1.1476470557972787 0.77135833958163835 0.43909541284665465 0.78311023674905245 1.5506546394899485 1.1066096322610972
leaf_count=4345 14478 317 277402 352 535 31624 38 144 4013 39 74 251 250 794 312 435 2097 1542 32 190 1876 1519 125 1148 957 200 764 379 182 246 94 655 1157 17 1360 351 624 5987 93 508 131 386 668 2135 633 1025 17 32 66 2234 42109 81 679 431 16 125 29 57 25 18 121 49
internal_value=-0.0328411 0.0259148 -0.0698928 -0.0298656 0.038389 -0.0746834 -0.0477733 0.0279037 -0.00371286 0.0570616 0.0245577 0.0342077 0.0136016 0.0416692 0.0247882 -0.0120274 0.0285094 -0.00124965 0.0136201 0.0502354 -0.0444989 0.0258119 0.0336317 0.0103998 0.00637526 0.00767042 0.00170874 0.00572178 0.0305785 0.0603521 0.00102022 0.0134199 0.068088 0.143867 0.0366535 0.0458857 0.036794 0.0721464 0.0404147 -0.00642249 -0.0370303 0.0353932 0.0400482 0.0324827 0.04018 0.0883267 0.0331164 0.0541608 0.0995459 -0.0124068 -0.0785278 -0.0699056 0.0546018 0.109347 0.191409 0.0492514 0.343991 0.456513 0.309758 -0.0776897 0.0595674 0.104147
internal_weight=6430.05 2486.69 3943.35 454.468 2032.23 3696.06 462.012 1301.43 260.215 730.8 1233.14 655.653 577.487 361.712 135.047 238.806 561.257 179.295 112.64 80.4693 59.5105 532.761 344.217 110.575 107.338 497.018 247.292 481.305 76.5567 38.4937 404.748 210.424 94.3962 3.23664 328.778 206.296 65.1552 369.087 39.546 120.83 43.3959 317.552 274.172 219.018 89.5941 68.2864 11.6306 63.8217 9.90045 194.324 3234.05 452.937 26.6513 17.5436 7.41641 10.1272 2.6983 1.55066 1.21045 426.286 2.33376 4.71811
internal_count=408573 48194 360379 22827 25367 355270 34128 14730 8349 10637 13544 7177 6367 4022 2504 7997 5769 5686 2192 954 2311 5452 3933 2160 2105 5413 5109 5213 807 428 4406 2078 1408 55 3808 2448 764 6615 628 1163 1673 3228 2842 2174 915 1186 161 665 140 2328 321142 43740 1492 813 257 556 127 98 82 42248 139 130
is_linear=0
shrinkage=0.08


Tree=23
num_leaves=63
num_cat=0
split_feature=4 3 20 10 4 4 3 7 1 4 6 4 13 9 7 17 13 20 3 3 2 3 13 7 6 4 4 20 5 3 13 9 1 2 17 3 5 2 20 13 2 17 6 17 3 6 13 5 17 13 1 17 6 3 13 13 2 13 5 6 6 4
split_gain=2004.47 271.189 212.759 53.6771 43.9886 39.1462 140.155 38.8189 32.6659 20.2945 15.8679 14.933 14.8042 14.1125 16.2926 11.3783 10.9455 11.558 10.5946 10.1455 10.0916 9.7105 9.65229 8.94528 8.19263 10.4609 8.14782 7.80133 8.23715 7.6154 9.48364 7.46511 7.11787 6.79511 8.9215 7.72012 7.11286 6.69391 6.56753 6.51779 8.12921 7.4346 8.04477 6.5672 8.96164 6.3403 8.78645 7.55361 6.29954 6.26281 6.18768 6.18119 6.45538 6.11195 6.01417 5.99855 5.87511 13.8009 5.77692 10.1789 11.6909 9.64203
threshold=68.244631185807677 41.223155929038292 -78.547459252157225 1.0000000180025095e-35 88.944444444444457 57.078215901745324 74.352159468438558 1.0000000180025095e-35 0.75235849056603787 98.192705498094739 0.84198324994625262 99.779735682819407 0.43614130434782611 1.0000000180025095e-35 -1.0000000180025095e-35 0.85584415584415596 0.94427244582043357 9.153515688297114 92.907444668008068 51.47186147186148 0.84795769405453936 19.292803970223328 0.93541666666666667 1.0000000180025095e-35 0.94091693330823767 90.397787144362511 1.0000000180025095e-35 -12.199924609791777 62.871870397643598 84.292763157894754 0.39444444444444449 1.0000000180025095e-35 0.76043478260869579 0.69128958503958515 0.46737588652482276 84.889995848899972 62.303319878078931 0.91306418219461705 58.235239809813976 0.82085561497326209 0.86957219704561217 0.84292763157894746 0.73439102547172108 0.75893997445721595 88.2734912146677 0.87241706506222649 0.78416149068322993 97.698500979924788 0.40161290322580651 0.90454545454545465 0.31622807017543864 0.92052631578947375 0.723033549286349 77.871939736346533 0.10668563300142249 0.57518796992481214 0.85212269756387415 0.86335403726708082 84.384031791907532 0.86408966659301212 0.79232550499217169 81.897262842144741
decision_type=2 2 2 2 2 2 2 2 2 2 2 2 2 2 2 2 2 2 2 2 2 2 2 2 2 2 2 2 2 2 2 2 2 2 2 2 2 2 2 2 2 2 2 2 2 2 2 2 2 2 2 2 2 2 2 2 2 2 2 2 2 2
left_child=2 4 26 7 20 -4 37 9 11 13 27 33 21 14 15 -3 17 18 -12 -17 38 54 -9 31 25 56 -1 28 -10 30 -13 -8 45 34 50 -36 -35 -7 -2 40 43 42 -41 -38 55 46 -11 -48 -23 -20 -5 -33 -53 -43 -6 -45 -15 -58 59 60 -59 -61
right_child=1 3 5 8 12 6 23 22 10 32 16 29 -14 24 -16 19 -18 -19 49 -21 -22 48 -24 -25 -26 -27 -28 -29 -30 -31 -32 51 -34 36 35 -37 39 -39 -40 41 -42 53 -44 44 -46 -47 47 -49 -50 -51 -52 52 -54 -55 -56 -57 57 58 -60 61 -62 -63
leaf_value=0.0041171300445546804 -0.071855882495119192 0.015789417146435746 -0.078658492558487517 0.033500760045458378 -0.046641116565986296 -0.078743425575289086 0.037415913573584383 0.024925792281372483 0.1043583868216738 0.099625173160075922 -0.077675718138985217 -0.064715959226385941 0.049237386724958587 -0.035512143683847829 -0.036300465707303844 -0.053284401057616407 0.081011360272828042 0.093388174886122929 0.063040965939814841 0.036551427478048626 0.14467721572276024 0.012539558352028848 0.098113104559795827 0.22942399243686507 -0.024922182062285303 0.034390878352977133 -0.080848956890781809 0.055577500939343931 -0.015906344767044125 0.095211288987081241 0.065493050413550524 -0.056582879156632314 0.080379745625885485 0.10076072263452034 -0.018223671424278144 0.10151937167933202 0.075780703579328784 0.06589185383069382 -0.030674202903513432 -0.041247063020974577 0.11888172306232854 0.024569867864737804 0.02303908578526203 -0.065884401839794882 0.09507337422713158 0.059932957662416159 -0.045099403089307835 0.085415269399268509 -0.038926419051591589 -0.11638902227622958 0.24705163358152007 -0.024610170524642119 0.088403375375852647 0.081374213651553881 0.052937291530397501 0.070492761185560374 0.14082229368940483 0.019930372695258741 -0.020763852963463322 0.082151386939058463 -0.03185994971073082 0.010402536024740018
leaf_weight=240.13825728837401 180.81800179067068 361.94138090359047 2917.9228099205066 2.0737573243677612 5.0701387552544501 341.85845579113811 78.193477594293654 14.607172008603809 4.2769258990883854 4.9803139911964562 7.9375489950180116 4.7972056297585395 24.330941871739924 24.421834825770929 27.497696284204721 8.1966908015310747 270.10511770471931 11.992053747177122 10.466510739177464 436.31634994596243 1.462354477494954 18.656607834622264 54.797732841223478 1.3931982475332905 49.009075852110982 84.4867227608338 7.4472175659611812 43.057937886565924 24.663083080202341 35.82100772485137 14.10808530077338 11.310712155885994 43.383402556180954 9.6330003449693304 42.070249058306217 3.7533346042037001 15.966731019318102 2.0602556979283682 28.720831043552607 13.407972998917101 10.971986569464205 23.730846874415874 175.89262269437313 8.9315647277981061 4.8534745723009101 32.761275217868388 14.861685503274204 3.5078969150781623 82.661065108608454 1.4130511283874501 1.4939531181007621 7.5187395876273513 5.6772461757063866 24.782428983598948 16.56077675241977 2.6845889613032332 4.7440835610032073 63.007132803089917 50.51440142095089 20.698358718305826 50.057515406981111 28.48258313164115
leaf_count=4345 15921 3883 313562 47 137 36139 1223 225 70 73 89 57 367 787 336 241 5280 229 180 5091 20 467 1043 24 577 944 764 663 295 746 208 398 786 123 879 53 185 30 2235 99 162 226 1679 67 80 440 114 46 3742 13 26 152 97 352 274 31 58 692 498 231 481 291
internal_value=-0.0318866 0.0231022 -0.0700132 0.0338535 -0.0413302 -0.0752779 -0.0532601 0.0244061 0.0507887 0.0213144 0.0677362 0.0347449 -0.00777811 0.0184572 0.0242555 0.0263202 0.0757841 0.0313971 -0.0061159 0.0348949 -0.0647497 -0.0190612 0.0827099 0.0280726 0.00557694 0.0101562 0.0015614 0.0339883 0.00186709 0.0735312 0.0324526 0.0253411 0.0560449 0.0285064 0.0010714 -0.00841572 0.0331652 -0.077877 -0.0662112 0.0308498 0.0593565 0.0256464 0.0184858 0.0392214 0.00377844 0.03723 0.00537645 -0.020176 -0.0294495 0.0416981 0.122924 -0.0131859 0.0240111 0.0535877 0.0295968 -0.0343665 0.00169285 0.0058703 0.00286117 0.0102167 -0.00299894 0.0405989
internal_weight=6118.96 2505.44 3613.52 2147.16 358.281 3365.93 448.012 1378.27 768.885 1308.87 373.912 394.973 147.28 1209.37 833.952 806.454 301.914 31.8092 19.8171 444.513 211.001 122.949 69.4049 104.093 375.422 326.413 247.585 71.9979 28.94 54.7263 18.9053 102.7 99.4946 340.247 49.3913 45.8236 290.855 343.919 209.539 281.222 43.4083 237.814 189.301 32.4364 16.4696 56.1112 23.3499 18.3696 101.318 11.8796 3.56771 24.5067 13.196 48.5133 21.6309 11.6162 241.926 217.504 212.76 162.246 113.065 49.1809
internal_count=408573 51839 356734 28676 23163 351625 38063 16837 11839 15569 6819 5020 4987 14110 9551 9215 5791 511 282 5332 18176 4620 1268 1894 4559 3982 5109 1028 365 1011 265 1870 1459 4009 1005 932 3004 36169 18156 2881 525 2356 1778 363 178 673 233 160 4209 193 73 647 249 578 411 98 3038 2251 2193 1695 1173 522
is_linear=0
shrinkage=0.08


Tree=24
num_leaves=63
num_cat=0
split_feature=4 1 20 10 5 4 3 0 0 20 2 1 4 3 17 0 9 9 2 14 17 17 6 15 0 14 20 3 15 2 1 3 1 6 4 17 3 3 18 20 18 4 9 4 2 17 6 18 15 5 17 17 1 17 2 3 2 18 0 17 20 17
split_gain=1836.73 236.48 208.759 48.0962 45.5223 39.855 131.337 33.709 22.1889 23.3376 21.334 13.4171 13.006 12.7032 28.3206 16.5988 12.5922 12.5425 10.502 10.4463 14.687 10.2953 10.0896 9.28466 9.13174 8.50089 8.85097 8.4843 8.32331 7.87195 8.73864 7.66196 7.62628 7.52304 7.47286 7.355 7.24248 7.24026 7.11753 8.07647 7.07787 13.7982 7.07508 7.0685 13.3825 8.92229 6.96923 6.71324 6.68194 6.5698 6.51952 6.22172 11.3298 6.74807 6.20533 6.12309 6.05624 6.05311 5.89511 5.77744 5.85303 5.71756
threshold=68.244631185807677 0.29745817245817252 -78.547459252157225 1.0000000180025095e-35 80.082644628099189 57.078215901745324 74.352159468438558 4.5000000000000009 6.5000000000000009 -1.5384615384615363 0.65866589550800081 0.66333333333333344 99.779735682819407 81.557067271353006 0.80707196029776684 8.5000000000000018 1.0000000180025095e-35 1.0000000180025095e-35 0.6156915741337029 1.0000000180025095e-35 0.73123827392120078 0.8021739130434784 0.84198324994625262 1.0000000180025095e-35 13.500000000000002 1.0000000180025095e-35 10.417254846602679 54.201977401129945 1.0000000180025095e-35 0.94334422657952077 0.53410852713178303 74.352159468438558 0.45368782161235 0.96187226822121419 1.0000000180025095e-35 0.43826219512195125 92.907444668008068 84.292763157894754 0.87815482502651132 -15.34007106462858 0.91901828298887134 91.686991869918714 1.0000000180025095e-35 94.189797449362359 0.40660497397339512 0.38956639566395673 0.87241706506222649 0.91188235294117659 1.0000000180025095e-35 59.656494176618025 0.42462121212121218 0.45889639639639646 0.11010101010101016 0.72456896551724148 0.91306418219461705 85.215543412264751 0.59723715651135023 0.9303336703741153 15.500000000000002 0.95293466223698797 29.032258064516135 0.87026647966339421
decision_type=2 2 2 2 2 2 2 2 2 2 2 2 2 2 2 2 2 2 2 2 2 2 2 2 2 2 2 2 2 2 2 2 2 2 2 2 2 2 2 2 2 2 2 2 2 2 2 2 2 2 2 2 2 2 2 2 2 2 2 2 2 2
left_child=2 4 34 8 27 -4 54 22 9 16 17 13 59 19 15 -15 40 21 -17 20 31 24 38 33 51 26 36 -2 -13 30 -11 32 48 -22 61 43 -24 -14 -5 57 41 49 -8 44 45 47 58 -26 50 -3 -10 -6 53 -53 -7 -23 -46 -40 -29 -9 -61 -1
right_child=1 3 5 7 10 6 42 12 11 29 -12 28 37 14 -16 18 -18 -19 -20 -21 23 55 25 -25 35 -27 -28 46 -30 -31 -32 -33 -34 -35 -36 -37 -38 -39 39 -41 -42 -43 -44 -45 56 -47 -48 -49 -50 -51 -52 52 -54 -55 -56 -57 -58 -59 -60 60 -62 -63
leaf_value=-0.013454148323965161 -0.067332020530459918 -0.013564864453372497 -0.078427327061390453 0.067701267676742519 -0.037661840308817619 -0.07851928843977872 0.036924366037216771 0.024089173291502557 0.14057843243210777 0.15708980075014167 0.074670703321250351 0.054518493549142899 0.029092064659485939 0.055450095881342649 0.10776659648639358 0.11050507413733832 0.0097411599471168061 -0.067331727787045562 0.00014806337695219123 -0.017885001807636851 -0.0615100522083427 -0.053935603511816838 -0.054860025295906445 0.074839253406467313 0.63769009948984579 0.07903182921972339 0.08892893523260359 0.095415407545056466 -0.013763202772048551 0.077363775816700175 0.031560372417808201 -0.045719256707199424 0.11707874354897874 0.12001680689328993 -0.08078340332059844 -0.024557424399285602 0.043702462700893306 0.093577111235934346 0.029660356301198613 0.03436547386045221 0.020439655804426127 0.079552386602176436 -0.012412638219338116 -0.001690777239366183 0.022667034055904547 -0.015003629849893167 0.17511647846168615 0.23037412313509165 0.10177248933499634 0.036740919302338283 -0.0030919496067983751 0.14803156476262838 0.043499017106696715 0.42587332969942748 0.059120119313774401 0.11130031605255432 0.2677207237263392 -0.11871863245914176 -0.075064470863884222 0.073279174626681778 -0.047400473434525268 0.012588316420213642
leaf_weight=81.558150831609964 184.27094330568798 18.066555492579937 2701.2054180323612 30.909703273326159 3.7160266358405378 316.4400786459446 80.819411354139447 314.91011445829645 2.3020958770066562 3.7836652491241685 17.893574643880129 12.366820905357597 17.059313587844372 60.132688637822866 27.128135537728667 5.7662790715694419 221.36109113879502 26.851668429095298 128.63398803211749 83.29819964338094 19.001240110024817 31.84008585754782 8.3321220576763206 4.9138839896768323 0.50307490257546195 242.07760664448142 11.990681821480392 1.9363779088016588 150.06899475399405 81.144285432994366 57.280092848464847 4.5469761081039897 11.993048856034873 1.5828561298549164 6.880000637844204 54.497971676755697 11.165005613118408 32.133053947240114 2.928743537515401 29.32346960157156 173.78494285233319 48.99186834692955 24.164155848324299 23.357181132771075 8.4424946345388854 0.40444291103631247 1.4847627133131025 0.53370920661836863 7.970740614924579 206.77217331528664 16.580986247397959 2.2317232494242485 12.097899659536777 0.74661860428750504 2.1103084767237297 1.5030520223081101 0.69887773320078928 4.4078556001186371 3.9385985834524035 26.144085025414828 2.8527926141396156 159.41316458396614
leaf_count=1969 17086 160 313562 493 57 36139 1247 3299 34 51 293 148 230 665 380 98 1917 1555 1453 1056 447 1517 98 56 29 5119 249 34 1582 1407 636 48 163 24 764 2479 190 710 38 453 2013 771 647 390 393 15 24 26 93 2407 392 55 319 29 30 28 23 42 139 396 30 2376
internal_value=-0.0309089 0.0216765 -0.0692442 0.0322342 -0.0366286 -0.0748497 -0.0520327 0.0487074 0.023258 0.0316051 -0.00835807 0.0106321 0.0327391 0.018973 0.0311923 0.0205138 0.0253488 -0.0172318 0.0048828 0.00117597 0.0242229 -0.00766192 0.067108 -0.0239645 0.00441074 0.0739457 0.0348438 -0.0639679 -0.00856467 0.0610358 0.0393385 0.0525375 0.0640384 -0.0475512 0.0014269 -0.00635092 0.00158166 0.0712145 0.0394246 0.0155834 0.0330673 0.0410814 0.0255684 0.0228837 0.0771229 0.303693 0.0202613 0.428015 0.0403503 0.0326987 0.0144234 0.0550559 0.0779092 0.217682 -0.0776075 -0.046487 0.0414019 -0.0594863 -0.0188747 0.0272356 0.0614064 0.00377409
internal_weight=5831.25 2458.66 3372.59 2081.71 376.949 3124.74 423.534 734.235 1347.47 811.185 185.318 536.287 393.099 373.851 221.661 194.533 668.977 167.425 134.4 152.19 68.8918 140.573 341.135 25.498 107.23 273.565 31.4878 191.631 162.436 142.208 61.0638 43.3938 38.8469 20.5841 247.851 88.4378 19.4971 49.1924 67.5698 36.6601 447.616 273.831 104.984 33.9398 10.5826 1.44123 7.35974 1.03678 26.8538 224.839 18.8831 18.7923 15.0762 2.97834 318.55 33.3431 9.14137 7.3366 5.87498 343.907 28.9969 240.971
internal_count=408573 51839 356734 27348 24491 351625 38063 11347 16001 9362 7208 6639 4665 4909 2596 2216 7268 6915 1551 2313 1257 5360 6682 527 3815 5656 537 17283 1730 2094 687 730 682 471 5109 3355 288 940 1026 533 5351 3338 1894 876 486 70 197 55 519 2567 426 460 403 84 36169 1545 416 80 173 3725 426 4345
is_linear=0
shrinkage=0.08


Tree=25
num_leaves=63
num_cat=0
split_feature=4 20 1 4 4 4 3 0 10 7 20 7 0 20 13 20 10 0 1 0 2 13 13 0 13 2 4 10 13 13 13 2 15 3 1 13 18 4 3 4 18 2 18 4 18 20 20 18 2 18 4 2 20 4 1 0 0 1 0 2 13 20
split_gain=1701.8 202.609 202.023 47.4412 45.4466 42.9318 127.982 34.5011 21.1714 15.5564 14.1791 13.9596 13.5745 13.0085 9.9249 9.67028 9.12925 9.0144 8.82221 8.23734 7.96952 14.5308 10.5208 9.94045 7.82969 7.54698 7.17128 7.05639 6.98703 6.65888 21.0206 6.71231 6.2618 6.25199 6.2359 6.05044 6.01893 19.667 79.1559 13.2918 17.2766 7.06451 8.14675 5.96935 5.92801 7.56969 9.50705 6.93114 5.90948 5.84687 6.03504 5.56123 5.44232 9.15513 5.38693 7.1308 5.38487 5.30357 5.23971 5.18535 12.3471 6.80053
threshold=68.244631185807677 -78.547459252157225 0.28708791208791212 96.884704968944121 85.196142888450595 57.078215901745324 77.485187623436488 4.5000000000000009 1.0000000180025095e-35 1.0000000180025095e-35 33.041086392958341 1.0000000180025095e-35 5.5000000000000009 69.946473775156463 0.25946704067321186 1.0000000180025095e-35 1.0000000180025095e-35 7.5000000000000009 0.65450928381962881 8.5000000000000018 0.8921487995172207 0.78416149068322993 0.95445134575569368 1.0000000180025095e-35 0.91287878787878796 0.92942810457516345 1.0000000180025095e-35 1.0000000180025095e-35 0.10263157894736842 0.93541666666666667 0.82085561497326209 0.95557280883367857 1.0000000180025095e-35 96.362433862433875 0.22611077297626295 0.12310606060606062 0.44484995944849964 41.565737633153368 86.526825332795497 49.418526031102104 0.31514294222751643 0.95001847745750201 0.36139516047382814 76.964212258329908 0.87815482502651132 -15.34007106462858 -16.202987042770324 0.93926218708827414 0.83998108775282698 0.93360881542699736 88.944444444444457 0.65866589550800081 -9.7640097459101955 86.027512464708366 0.33615819209039555 21.500000000000004 3.5000000000000004 0.9177927927927928 24.500000000000004 0.85212269756387415 0.72363636363636374 -6.0331825037707345
decision_type=2 2 2 2 2 2 2 2 2 2 2 2 2 2 2 2 2 2 2 2 2 2 2 2 2 2 2 2 2 2 2 2 2 2 2 2 2 2 2 2 2 2 2 2 2 2 2 2 2 2 2 2 2 2 2 2 2 2 2 2 2 2
left_child=1 26 4 7 15 36 17 8 9 20 34 16 -5 14 -12 -2 18 -7 19 52 -4 -22 32 43 -20 -21 -1 54 -15 30 -10 -32 57 56 -6 -30 37 -3 -39 40 -40 42 -42 -24 -31 46 -46 -48 -13 50 -26 -37 53 -9 55 -8 -25 -23 -16 61 -61 -18
right_child=2 5 3 12 10 6 27 11 29 -11 13 48 -14 28 58 -17 59 -19 24 25 21 22 23 33 49 -27 -28 -29 35 44 31 -33 -34 -35 -36 51 -38 38 39 -41 41 -43 -44 -45 45 -47 47 -49 -50 -51 -52 -53 -54 -55 -56 -57 -58 -59 -60 60 -62 -63
leaf_value=0.0038070464257387942 0.063039761564793684 -0.073454218612217959 -0.050078059840461667 0.076488232841035078 0.13376792307916949 0.028910510428447937 0.37082375647020704 0.028142091148666101 0.061877120333928851 0.084288961331448503 -0.051880005571692138 0.0087392198769128335 0.043455710413885393 -0.037193606352883844 0.0059384116610819116 -0.067744347936382177 0.080011768340719491 -0.078397207590876899 0.047327268333278889 0.0028098112230773914 0.10009186368230644 -0.055730760387519722 -0.0011777517561520185 0.046500261887337961 -0.01246789199084742 0.08059921585686268 -0.080749916019979523 0.077758781767298127 0.21746127899153475 0.074393150820843773 0.0030180358127187656 -0.14790747254776451 -0.1055755645563172 0.074249786134992612 0.021574427041901583 0.020967102233129475 -0.079141792720216236 -0.068770079982296436 1.1423529888475639 0.22657018611324214 0.6778159990922068 0.62160344149022007 0.044581876047167145 0.024777069508604265 0.029827869964650131 0.057307681801842952 0.0062194603421071902 -0.21262620964874887 0.10126893856792596 -0.029417728574136558 0.022647012764255563 0.15783390208068709 0.020811503963101077 0.11603891859707892 0.016182141288221315 -0.02909886042222308 -0.0074442594684774478 0.11695028643370149 -0.058492088917177172 0.11269456453096444 0.025640248364491035 -0.00090702975806134097
leaf_weight=237.96650752704591 3.6991704588290295 123.512910064077 8.782989474013446 147.62314623966813 5.9321320019662362 5.097885549766942 0.63216931372880825 20.993414346128702 20.915641557425264 30.350197188556194 59.465012722183019 6.0522985728457597 172.83882991876453 11.905396380461751 47.056699616601691 165.58335281861946 7.3029150236397973 291.27986126299948 16.375500116497278 211.60102192685008 16.767097152769566 2.708381596952675 66.550203565508127 48.524408604949713 94.7216069214046 8.2949142381548864 6.5971082947216919 15.071664922870694 1.094096035696565 104.73993375524879 3.0416232943534833 4.9635464623570442 6.2530218176543713 38.081069592386484 6.8109295349568129 42.772358488757163 2360.7720793362241 14.131770282750951 0.25153716281056349 2.1777374004013836 0.1835047132335601 0.54975568968802691 0.44618468265980482 383.60400089621544 16.327686265110973 101.22551907226443 1.7179654091596597 2.0096978768706322 16.352973137050867 67.865173293277621 46.800785502418876 1.988329593092202 74.459080879576504 11.873297635465859 86.125503120478243 0.5201005982235074 15.666572157293556 1.9635764025151727 9.7520953950006497 10.983904913067816 205.70795947685838 74.0042559877038
leaf_count=4291 61 15178 69 3049 98 313 24 194 386 647 3539 88 2435 408 1891 16600 97 35873 167 3171 262 25 563 545 982 111 787 204 27 2137 41 44 48 437 96 1010 296606 1769 31 83 16 46 52 4073 285 2093 30 20 262 688 498 28 770 141 1427 26 152 28 404 158 2062 961
internal_value=-0.0295788 -0.0684012 0.0207939 0.0303768 -0.0348648 -0.0742968 -0.0499169 0.0251881 0.0364235 0.0284353 -0.00765509 0.0139424 0.0586724 -0.0136196 -0.0290351 -0.0648864 0.0123013 -0.0765514 0.00621858 0.0146118 0.0255568 0.0267019 0.0245176 0.026055 -0.00594655 0.00574418 0.00152612 0.0272101 0.0174126 0.0558267 0.0196825 -0.0905622 -0.0532235 0.0485693 0.0738026 0.0315902 -0.078182 -0.062141 0.0166239 0.351027 0.540432 0.412062 0.22912 0.0209399 0.0604516 0.0484115 0.00350981 -0.111767 0.076274 -0.0101129 -0.000855559 0.0270469 0.0327803 0.0598953 0.018481 0.190311 0.0333345 0.0168453 -0.00512207 0.0235887 0.0300529 0.006361
internal_weight=5569.42 3145.32 2424.1 2068.04 356.06 2900.75 398.727 1747.58 874.193 619.252 186.777 873.389 320.462 174.034 116.274 169.283 850.984 296.378 552.985 327.222 588.901 580.118 563.351 552.426 225.763 219.896 244.564 102.349 57.7602 254.942 28.9208 8.00517 10.925 102.272 12.7431 45.8548 2502.03 141.253 17.7405 3.60872 1.43098 1.17945 0.629689 450.154 226.021 121.281 20.0553 3.72766 22.4053 209.388 141.522 44.7607 107.326 32.8667 87.2778 1.15227 64.191 4.67196 56.8088 297.999 216.692 81.3072
internal_count=408607 356726 51881 27719 24162 351648 37867 22235 11885 6849 7501 10350 5484 7307 5834 16661 10000 36186 6722 4387 6202 6133 5871 5770 2335 3282 5078 1681 1473 5036 471 85 101 1134 194 1065 313781 17175 1997 228 145 114 68 4636 4565 2428 335 50 350 2168 1480 1038 1105 335 1477 50 697 53 2295 3278 2220 1058
is_linear=0
shrinkage=0.08


Tree=26
num_leaves=63
num_cat=0
split_feature=4 20 1 5 4 4 3 0 9 9 8 0 17 17 20 7 10 3 6 13 13 18 6 1 0 6 7 13 17 13 1 0 17 17 3 1 3 13 13 18 4 6 18 6 18 6 6 13 17 13 18 1 3 10 13 3 1 17 17 4 3 18
split_gain=1558.18 198.442 174.888 45.8803 43.8272 43.6885 119.575 33.0429 21.8029 15.8032 14.8473 13.0347 18.5434 12.7668 12.5076 10.927 10.7861 12.142 11.0704 17.7479 14.9561 11.5935 9.50001 9.35998 8.96719 10.0748 8.36424 8.82882 17.7169 11.0836 10.7958 10.5648 12.0756 9.64783 21.1906 14.6617 8.25378 7.67442 7.52386 7.37173 14.0235 7.07972 8.33846 6.76353 10.7154 14.751 11.7568 6.7238 6.65177 6.6409 6.59904 6.57827 6.50453 6.4075 6.35988 6.34581 6.91492 10.888 6.27096 6.26759 6.24889 6.22529
threshold=68.244631185807677 -78.547459252157225 0.28708791208791212 80.082644628099189 98.192705498094739 57.078215901745324 77.485187623436488 6.5000000000000009 1.0000000180025095e-35 1.0000000180025095e-35 1.0000000180025095e-35 13.500000000000002 0.43826219512195125 0.97402159244264519 8.2457577500749846 1.0000000180025095e-35 1.0000000180025095e-35 63.702239789196319 0.84198324994625262 0.94427244582043357 0.82085561497326209 0.66542288557213947 0.73439102547172108 0.94201680672268917 8.5000000000000018 0.85124359300829899 1.0000000180025095e-35 0.92582417582417598 0.77459677419354855 0.31414473684210531 0.55437352245862892 8.5000000000000018 0.65751879699248128 0.79795918367346952 68.801229508196727 0.50396825396825407 91.73497267759565 0.52786377708978349 0.10263157894736842 0.93774224806201556 90.957190957190974 0.65331487992143733 0.66046390860308135 0.99912280701754397 0.98843892007484635 0.95203030303030312 0.84198324994625262 0.93541666666666667 0.55051020408163276 0.77171215880893307 0.80442955214122269 0.35339366515837106 81.892697466467965 1.0000000180025095e-35 0.78416149068322993 66.360856269113157 0.89039039039039047 0.91010101010101019 0.96490147783251246 1.0000000180025095e-35 62.593283582089562 0.44484995944849964
decision_type=2 2 2 2 2 2 2 2 2 2 2 2 2 2 2 2 2 2 2 2 2 2 2 2 2 2 2 2 2 2 2 2 2 2 2 2 2 2 2 2 2 2 2 2 2 2 2 2 2 2 2 2 2 2 2 2 2 2 2 2 2 2
left_child=1 48 3 37 7 61 24 8 10 11 15 -5 38 26 -15 16 17 -4 21 20 55 -18 41 43 25 -7 27 28 29 30 -9 32 52 -33 -35 -36 49 -2 -13 40 -19 -8 -43 44 46 -46 54 -17 -1 -30 -31 -45 -29 -37 -6 -20 57 -57 -22 -50 -14 -3
right_child=2 5 4 9 23 6 22 13 -10 -11 -12 12 60 14 -16 47 18 39 19 -21 58 -23 -24 -25 -26 -27 -28 31 36 50 -32 33 -34 34 35 53 -38 -39 -40 -41 -42 42 -44 51 45 -47 -48 -49 59 -51 -52 -53 -54 -55 -56 56 -58 -59 -60 -61 -62 -63
leaf_value=-0.055435643812011728 -0.066763701819281207 -0.061144940056284736 0.12165521600070937 0.048778245742671186 0.087920061850409875 -0.020169020750465085 0.034381460288572051 -0.018837444917344383 0.012519011149791821 -0.062071769452816006 -0.025060358518178082 -0.052294167610467304 -0.0366613615567545 0.085632508413675645 -0.020680964901600696 0.001149127754126972 0.10023941077662783 0.026476808169503329 0.10156796587435549 0.067190052292427013 -0.15999836363211437 0.010408146886346099 0.067391694807219016 0.088153899336367886 -0.078649082943542753 0.29741612202528345 0.067873614469319526 -0.074809425197120125 -0.043446116258466463 0.12034422952987817 0.070121310437057077 -0.011536297343310157 0.0037317429686239069 -0.053719282236954706 0.14658151094168798 0.0011918610947001188 0.091077987597431423 0.027560298044435303 0.049903773433379345 0.014251969776802797 0.066520805170434197 0.088175306956680743 -0.027683324221298662 -0.0033189744794194288 0.059053997947482409 -0.078881103379288109 0.076022648970072382 0.095910124551294121 0.0064826621776951044 0.080552571631011483 0.051611443544786355 0.086841745390740785 0.046769243951711816 0.095269290414389987 -0.011403895821215409 0.043947009713538085 0.07295499098990639 -0.11804358077846486 -0.021183161477503779 -0.080702291255797517 0.06050757077467548 -0.078968051387931656
leaf_weight=12.507547814399002 160.87097050691955 133.06358820572495 9.3167168851941806 33.826648708898574 5.1860057953745153 7.0482966618146738 40.114327512681484 27.44839202426374 246.71253616176546 26.376297104405239 22.114299062639475 5.3149911286309353 71.42755991127342 26.968793112784624 9.6046441104263049 5.5837494805455199 10.75537161901593 224.30482139252126 6.7336833421140936 211.96007728390396 4.051548980176447 63.367469310760498 25.293946085497737 65.482114169746637 267.12072973139584 0.7030538641847669 15.255836913362144 2.9267247915267935 32.046332165598869 10.667603243608026 12.803380176424978 278.46573768835515 160.23396073747426 14.124832481145857 9.6093262787908298 15.951228069141509 3.8202875815331927 5.7167085267137727 34.776571990223601 140.5193973146379 74.581291284412146 4.5143058039247981 33.319244883023202 5.8956140186637631 9.4939676132053155 10.394559122622011 48.868251649662852 33.805462853983045 226.91200317721814 3.025163833051919 55.198946549091488 42.616741547361016 74.655253179371357 6.5302199348807326 20.184199877083302 5.820804715156557 6.8550086915493003 4.8833135887980461 4.2861011475324631 5.4027742599137119 4.502742711454629 2183.8710203161463
leaf_count=520 16766 17175 153 882 76 536 596 608 2169 1567 198 194 3628 449 107 82 198 2465 143 4479 30 877 380 1543 35628 22 245 20 607 234 146 3038 1557 171 128 178 46 279 784 1564 1095 78 627 88 147 79 791 766 3863 32 771 1012 815 77 211 86 142 43 53 695 62 296606
internal_value=-0.0285826 -0.0675652 0.0194506 -0.0334254 0.0283227 -0.0738297 -0.048616 0.0243767 0.0333964 -0.00497014 0.0396101 0.00508088 -0.00765927 0.0115996 0.0577133 0.0413826 0.0392734 0.0312804 0.050527 0.0587348 0.00381124 0.0234428 0.0247909 0.0631143 -0.0761877 0.00863621 0.00926617 0.00800243 0.0256034 0.0425319 0.00945877 0.00346495 0.0162755 -0.00591826 0.0279324 0.0638716 -0.0205869 -0.0635268 0.0363553 0.0293641 0.036469 0.010967 -0.0138591 0.0516193 0.039113 -0.0130365 0.0530839 0.082477 0.00139535 -0.0327504 0.0627433 0.0758847 0.0421828 0.0285187 0.00889924 0.0355412 0.0102209 -0.0299545 -0.0886382 0.00445507 -0.0308991 -0.0779445
internal_weight=5325.79 2939.87 2385.92 342.812 2043.11 2695.05 378.114 1834.99 1075.65 176.225 828.939 149.849 116.022 759.337 36.5734 806.825 767.436 448.722 318.713 244.591 32.6305 74.1228 103.242 208.121 274.872 7.75135 722.763 707.507 145.01 106.118 40.2518 562.497 237.816 324.681 46.2156 32.0908 38.8918 166.588 40.0916 439.406 298.886 77.9479 37.8336 142.639 94.127 19.8885 74.2385 39.3892 244.822 35.0715 65.8665 48.5124 77.582 22.4814 25.3702 24.2928 17.5591 10.7041 8.33765 232.315 75.9303 2316.93
internal_count=408607 356726 51881 24162 27719 351648 37867 23772 14543 7117 12374 5550 4668 9229 556 12176 11328 5277 6051 4976 497 1075 1681 3947 36186 558 8673 8428 2444 1759 754 5984 2392 3592 554 383 685 17045 978 5124 3560 1301 705 2404 1304 226 1078 848 5078 639 1005 1100 835 255 287 414 271 129 83 4558 3690 313781
is_linear=0
shrinkage=0.08


Tree=27
num_leaves=63
num_cat=0
split_feature=4 20 2 4 4 2 4 7 10 2 6 3 6 0 14 15 17 0 18 20 18 6 2 9 20 6 4 18 3 17 17 14 5 18 18 5 18 4 3 6 2 20 17 4 6 5 6 4 18 14 4 6 5 4 18 5 15 14 17 0 20 5
split_gain=1425.67 194.073 153.835 53.9202 44.2853 114.467 40.8672 25.2404 27.9537 17.1045 16.0659 15.8242 15.0284 11.5883 12.7919 11.3646 10.6898 9.16779 9.01785 8.90423 17.848 10.242 8.77724 8.66156 8.32226 8.05543 9.54105 32.497 7.77978 7.55722 6.82247 6.75084 6.66736 10.4 6.65623 14.4166 6.60386 19.2497 52.9193 11.0436 6.56485 7.30078 6.42258 7.64931 15.7228 6.41378 7.2974 6.48226 6.60488 6.0986 6.05758 6.00151 11.2104 7.41083 7.59841 6.6724 5.93353 15.2305 9.04563 6.94375 5.87149 5.80414
threshold=68.244631185807677 -78.547459252157225 0.69128958503958515 85.196142888450595 57.078215901745324 0.74100014994751839 98.192705498094739 1.0000000180025095e-35 1.0000000180025095e-35 0.95001847745750201 0.77210196893416083 87.026647966339425 0.84198324994625262 5.5000000000000009 1.0000000180025095e-35 1.0000000180025095e-35 0.8190909090909092 24.500000000000004 0.66542288557213947 -8.7287157287157218 0.92695630081300828 0.93001476943009209 0.85352591155307633 1.0000000180025095e-35 -14.041825241225544 0.86408966659301212 99.779735682819407 0.99683544303797478 76.277056277056289 0.94804318488529027 0.51639784946236567 1.0000000180025095e-35 94.297328687572602 0.98843892007484635 0.82508741258741269 85.22532021243363 0.44484995944849964 41.327823691460061 86.526825332795497 0.61998512600457245 0.86795163170163181 -4.4571110502377236 0.83176100628930827 53.740671641791053 0.5423934615738083 65.720992622401084 0.79232550499217169 91.686991869918714 0.89371116550555463 1.0000000180025095e-35 1.0000000180025095e-35 0.84638075584312156 96.015873015873026 87.528801843317993 0.92695630081300828 82.785560344827601 1.0000000180025095e-35 1.0000000180025095e-35 0.72046511627906984 8.5000000000000018 -17.909322333850628 97.698500979924788
decision_type=2 2 2 2 2 2 2 2 2 2 2 2 2 2 2 2 2 2 2 2 2 2 2 2 2 2 2 2 2 2 2 2 2 2 2 2 2 2 2 2 2 2 2 2 2 2 2 2 2 2 2 2 2 2 2 2 2 2 2 2 2 2
left_child=1 50 3 15 36 -6 7 8 13 45 23 16 18 19 40 60 17 30 -11 -4 22 32 -21 -7 -20 29 27 -27 -12 61 -5 -18 33 -22 35 -16 37 -3 -39 42 -15 -42 -40 44 -44 -10 47 48 -47 -9 -1 52 53 -36 -55 -53 59 -58 -59 -32 -2 -8
right_child=2 4 6 11 5 10 25 49 9 12 28 -13 -14 14 34 -17 31 -19 24 20 21 -23 -24 -25 -26 26 -28 -29 -30 -31 56 -33 -34 -35 51 -37 -38 38 39 -41 41 -43 43 -45 -46 46 -48 -49 -50 -51 -52 55 -54 54 -56 -57 57 58 -60 -61 -62 -63
leaf_value=0.0032020018681697395 0.12102873569426124 -0.072560675272388783 0.015019012897458392 0.032627532082792711 -0.07865522603813721 0.017287047811352877 -0.0093767889648189214 0.022074424301134713 0.079047338880909132 0.096977640999930559 0.23999425477164313 0.070364287294625877 0.064244192338190648 0.027282252739087416 0.0092884129043460922 0.039933283175834729 -0.049147858900240919 -0.041419283894566464 -0.038058315852106957 -0.05061997314522091 0.034566235687547422 -0.017765332597555847 0.060807138588743079 -0.039281548457253922 0.029632467790847886 0.074491449460883791 0.086361236343908965 -0.12037894030915046 0.065873238069877646 0.082519794107596078 0.10252352940367486 0.041617608784897925 0.065735741981398171 -0.042770670082177643 -0.016506248220652636 0.10812571403181485 -0.078788244894683529 -0.067479122460002455 0.080796571034496861 0.52104965066106268 -0.0073854775907826065 0.12896195659737422 0.7183462473245108 0.03826494846130956 0.192377514030278 -0.05142385072839406 0.028028002893164712 0.043333140008246888 0.015719810136555823 0.092197901062880894 -0.080640356525297968 0.018861743166132001 0.093851534255342137 0.038890191918818991 -0.0054557410104900785 -0.026415833113086901 0.12646767791484986 -0.077481840615044525 0.068846054172472831 -0.016337901540250541 -0.06432841278580731 0.075773681783047803
leaf_weight=239.35541385784745 1.100881665945052 107.69245398952626 387.55992969684303 53.767732449108735 242.29096580902115 72.352496894309297 22.024550046771768 9.7715598940849286 13.172945165541021 7.9392353929579249 1.7923510486725742 18.264684164896607 186.22608193941414 48.872473447583616 110.42436467949301 7.1366151189431539 46.293133327737451 26.404828501399606 18.167930148541927 4.7077638860791913 45.84908776730299 43.816884182393551 116.12979805469513 22.776335195172578 32.273075252771378 29.735730299726129 100.77908882498741 6.7133478969335547 19.613118364475667 13.772934932261704 3.2735403124243012 5.9144418798387042 23.847919650375843 14.695492066442965 87.007190872915089 10.328381599858401 2020.3847432497423 12.825795675162228 1.8562777051702131 0.76924062380567182 3.4528766386210927 9.2370370496064389 0.55446246941573951 0.59791525080800045 1.0574457012116907 21.435073292814195 229.03080820292234 13.019288823008536 16.66705652885139 42.28925945609808 5.6451565804891279 25.964204967021942 8.6207558624446374 46.843258252367377 52.379042580723763 105.34715095534921 7.4993507675826558 6.9327882416546345 4.4323067162185907 80.429621315794066 168.3360388702713 6.6762057840824118
leaf_count=4291 16 15106 3850 1402 34932 1557 233 145 175 165 84 352 4277 570 1290 134 2110 1148 210 38 504 454 1547 1013 513 526 2410 50 281 316 50 58 366 120 944 132 296606 1825 127 31 36 123 32 8 46 167 2594 140 150 947 787 308 99 479 491 1232 90 46 45 3153 17566 110
internal_value=-0.0276043 -0.0666851 0.0182273 -0.025026 -0.0733326 -0.047319 0.0279358 0.0241746 0.0224775 0.0375201 0.0178334 -0.00136357 0.0531416 0.0154109 0.00640598 -0.0589588 -0.00693964 0.00218129 0.0177255 0.0226035 0.0344062 0.0136147 0.056466 0.00374304 0.00525148 0.0642521 0.0736752 0.0385994 0.080453 0.0338068 0.00954537 -0.0388653 0.0299073 0.0157949 0.00169655 0.0177423 -0.0776828 -0.0598652 0.0175484 0.243085 0.0405942 0.0918623 0.190498 0.282649 0.3733 0.0244932 0.021928 -0.00540095 -0.0220531 0.0790361 0.00127016 -0.00424396 0.00466453 0.000535976 0.0154802 -0.0174631 -0.0025547 0.0379766 -0.020415 -0.0116894 -0.0631241 0.0104304
internal_weight=5094.13 2749.56 2344.56 429.786 2504.56 358.825 1914.78 1735.08 1683.02 537.931 116.534 253.212 244.606 1145.08 508.477 176.574 234.948 182.74 58.3802 636.607 249.047 128.209 120.838 95.1288 50.441 179.702 137.228 36.4491 21.4055 42.4737 156.335 52.2076 84.3925 60.5446 446.914 120.753 2145.74 125.354 17.6611 4.83534 61.5624 12.6899 4.0661 2.20982 1.61191 293.325 280.152 51.1214 38.1021 52.0608 245.001 326.162 194.85 186.229 99.2223 131.311 102.568 18.8644 11.3651 83.7032 169.437 28.7008
internal_count=408607 356726 51881 26170 351648 37867 25711 22066 20974 8391 2935 8454 5165 12583 5704 17716 8102 5934 888 6879 3029 1444 1585 2570 723 3645 2986 576 365 659 4786 2168 990 624 4975 1422 313781 17175 2069 244 729 159 213 86 78 3226 3051 457 317 1092 5078 3553 2013 1914 970 1540 3384 181 91 3203 17582 343
is_linear=0
shrinkage=0.08


Tree=28
num_leaves=63
num_cat=0
split_feature=4 20 3 4 2 4 4 0 10 6 7 17 0 7 3 13 0 17 9 17 20 7 2 13 13 3 15 6 13 13 18 0 18 4 3 18 13 2 20 18 6 0 17 3 13 17 3 17 6 13 17 4 13 2 17 20 2 2 18 4 17 4
split_gain=1304.02 189.723 134.185 44.957 107.808 39.0695 38.1619 27.847 19.8098 13.2607 12.4941 12.2122 12.2217 11.7217 10.8247 9.86451 9.72315 14.8076 9.40787 8.77087 8.39072 7.99856 7.89403 13.0844 9.55334 7.69777 8.04443 7.62512 12.0641 11.6556 7.65337 7.19148 6.80604 17.8546 39.9553 6.7498 7.85693 10.8738 6.55732 18.1054 9.53521 6.39196 11.372 13.5085 6.36181 6.20794 7.31436 5.95817 5.902 5.89076 5.88696 5.79499 5.67055 9.35475 5.66357 9.47133 5.6478 5.56759 5.44343 7.77438 5.40173 5.32694
threshold=68.244631185807677 -78.547459252157225 41.444372153545878 57.078215901745324 0.74100014994751839 82.780584230177922 98.192705498094739 4.5000000000000009 1.0000000180025095e-35 0.77210196893416083 1.0000000180025095e-35 0.53923076923076929 9.5000000000000018 1.0000000180025095e-35 92.907444668008068 0.10263157894736842 15.500000000000002 0.43534002229654406 1.0000000180025095e-35 0.79795918367346952 -18.749346097509939 -1.0000000180025095e-35 0.8921487995172207 0.78416149068322993 0.95445134575569368 19.292803970223328 1.0000000180025095e-35 0.84198324994625262 0.94427244582043357 0.71008403361344541 0.67281223449447758 22.500000000000004 0.44484995944849964 41.002092050209214 54.201977401129945 0.84132457580733455 0.91987179487179482 0.87778619847585382 -8.7287157287157218 0.92695630081300828 0.93001476943009209 8.5000000000000018 0.79795918367346952 71.516754850088191 0.93541666666666667 0.96225071225071235 67.054263565891475 0.65751879699248128 0.95203030303030312 0.31414473684210531 0.55051020408163276 98.192705498094739 0.95974235104669903 0.69890410515410517 0.73606811145510853 -2.1645021645021596 0.86795163170163181 0.94001581027668002 0.98843892007484635 96.394209933258239 0.85239651416122009 85.196142888450595
decision_type=2 2 2 2 2 2 2 2 2 2 2 2 2 2 2 2 2 2 2 2 2 2 2 2 2 2 2 2 2 2 2 2 2 2 2 2 2 2 2 2 2 2 2 2 2 2 2 2 2 2 2 2 2 2 2 2 2 2 2 2 2 2
left_child=1 50 5 32 -5 -2 7 8 10 20 19 15 -13 16 49 -7 17 -9 31 -4 -6 35 -21 57 -25 51 -27 30 29 -29 -10 -17 33 -3 -35 48 37 54 -26 -40 58 47 -43 -44 -12 -18 -47 -38 -19 -8 -1 -14 53 -36 -37 60 -45 -24 -41 -60 -56 -32
right_child=2 3 6 4 9 11 14 13 27 -11 44 12 25 -15 -16 18 45 21 -20 22 -22 -23 23 24 38 26 -28 28 -30 -31 61 -33 -34 34 52 36 41 -39 39 40 -42 42 43 56 -46 46 -48 -49 -50 -51 -52 -53 -54 -55 55 -57 -58 -59 59 -61 -62 -63
leaf_value=-0.053839286929640531 -0.069009853222253933 -0.072157108516033436 0.087151764657063369 -0.07845173125885356 0.014443111336640708 -0.0540624166112047 -0.037731098158006911 0.085491416272455295 0.096912957559714352 0.072644374710370718 -0.021838143129769096 0.062850991611794943 -0.0028153531923363296 0.067333390856391145 0.070793309971069626 0.058522919678690777 -0.017663981488753217 0.021028445569686093 -0.052300203459087612 -0.066859244734267312 -0.047864410421585124 -0.060534755896287012 -0.069202429660223594 -0.055879503482237539 0.013978891006394501 -0.046756363340783154 0.087738607038264069 0.063647933008760801 0.06648873641724401 -0.048789545433679554 -0.017827203488152005 -0.00068951016801060212 -0.078601308444349774 -0.080531898582981085 0.055799805545177328 0.036833967444821723 0.032714445590241212 0.090344694870295561 0.059620088346168956 0.042882768269260553 -0.021757854079329175 -0.016957015929204556 -0.039189028327832685 0.14541204439528793 0.091779412194987059 -0.082674693368379168 0.12524955011048372 0.004626420314051913 0.086543546664770446 0.03926334460252829 0.0039550275412535713 0.16040519292809152 0.14338158327681805 0.80624900196401372 -0.027638186178726664 -0.030651501941885668 0.047662087874113211 0.1074706242002493 -0.039269698772241249 0.071314834338829666 0.11865481226907557 0.034724709964134098
leaf_weight=11.852696571499107 117.15892562759109 99.751659887144342 12.652083143591879 224.21983949956484 78.248097749892622 11.522983361966906 7.2097584102302781 17.574868089519441 8.361116059124468 21.772557859774679 3.6398994922637966 8.7290775864385051 4.4734195298515251 23.324272574391216 134.2467646561563 37.411512347636744 99.022493080236018 222.3239569591824 8.5239829653874022 6.6467176005244246 16.802756810793653 9.810880200006066 1.2409042865037907 10.744814425706862 363.9441716298461 85.255807904992253 2.9444858562201253 11.363182660192253 160.12027405761182 12.274190697818993 20.09191338904202 20.22332800948061 1869.3093573241495 11.231610961258413 0.20528963161632319 39.535951029043645 63.044964911416173 15.38668331876397 85.600124847143888 47.608931142836809 38.292530320584774 159.66390155442059 11.375577241182325 4.6730005163699415 23.63001318834722 1.4793265848420549 4.0395489912480116 207.13414777442813 9.1629752553999406 53.935611753724515 233.35996424499899 2.0211170567199588 6.7360931527800858 0.22048856061883271 2.3761609736829987 26.003344075754285 19.860381791368127 14.262431558221577 13.985447961837055 5.73804922774434 5.0450221728533506 32.015270292758942
leaf_count=520 14539 15027 160 34932 1222 599 87 207 183 365 56 175 196 406 3091 943 2209 2684 455 49 1348 170 13 102 3616 5483 34 260 4052 156 251 739 296606 1712 31 480 671 213 1161 577 385 1628 107 64 642 86 68 2074 118 873 4558 34 385 20 22 388 251 263 119 107 93 542
internal_value=-0.026622 -0.065771 0.0170585 -0.0728196 -0.045985 -0.0330112 0.0244941 0.020874 0.0311712 0.0163285 0.0236526 -0.00972333 -0.0277274 0.0113278 0.0580854 0.0142468 0.00990412 0.0128573 0.0261444 0.0212483 0.00342861 0.0112524 0.0198304 0.0208215 0.0188351 -0.036077 -0.0422664 0.0505042 0.058613 0.00526247 0.0258621 0.037746 -0.0774244 -0.0588026 0.0136218 0.0121489 0.00735594 0.0292287 0.0202811 0.0322757 0.0101154 0.00320696 -0.00780846 0.0328692 0.0766141 -0.0130616 0.0695158 0.0111806 0.0236217 0.0301848 0.00116146 0.0479793 0.161278 0.444419 0.0163399 -0.00790133 0.066281 0.0933295 0.0282421 -0.00709795 0.0718138 0.0144613
internal_weight=4880.42 2573.71 2306.71 2328.5 341.043 298.265 2008.44 1813.05 872.212 116.823 627.986 181.106 103.424 940.837 195.392 77.6818 917.513 812.972 66.1588 600.716 95.0509 795.397 588.064 581.417 565.914 94.6948 88.2003 244.226 183.758 23.6374 60.4683 57.6348 1987.45 118.145 18.3935 785.586 554.099 88.3472 555.169 191.225 105.625 465.752 195.573 35.909 27.2699 104.541 5.51888 270.179 231.487 61.1454 245.213 6.49454 7.16187 0.425778 72.9605 33.4245 24.5334 15.5033 67.3324 19.7235 7.42118 52.1072
internal_count=408607 356726 51881 351648 37867 23197 28684 24633 12694 2935 7250 8658 5922 11939 4051 2736 11533 9170 2137 6552 2570 8963 6392 6343 6067 5747 5517 5444 4468 416 976 1682 313781 17175 2148 8793 5991 1196 5965 2349 1188 4795 2050 422 698 2363 154 2745 2802 960 5078 230 436 51 983 503 315 276 803 226 115 793
is_linear=0
shrinkage=0.08


Tree=29
num_leaves=63
num_cat=0
split_feature=4 20 3 4 2 4 20 7 10 1 2 6 13 13 6 13 13 13 18 13 13 2 17 3 7 9 18 4 20 18 4 3 13 2 20 6 18 6 6 3 1 13 13 6 4 13 9 6 6 17 13 4 1 17 13 15 17 6 4 6 6 18
split_gain=1192.01 185.247 116.489 45.5569 101.57 34.7466 33.7072 19.7036 19.6544 17.4418 12.3643 11.6943 11.6497 11.2188 11.0853 10.5228 9.68078 9.20678 8.94684 8.25911 10.0207 13.3487 12.0157 10.2387 7.66447 7.65741 11.1417 12.9888 7.33157 7.0555 16.7213 31.1615 6.51613 6.49907 6.33034 6.04234 13.9643 20.8268 11.7109 8.9796 7.71707 7.27802 5.97532 6.48148 5.93392 6.58782 5.90036 5.80647 6.00075 5.79655 5.76267 5.53529 5.25235 7.38074 6.39038 5.19149 5.01349 4.93489 4.91425 4.90686 4.81983 6.34878
threshold=68.244631185807677 -78.547459252157225 39.753086419753096 57.078215901745324 0.74100014994751839 96.884704968944121 61.21928658469038 1.0000000180025095e-35 1.0000000180025095e-35 0.73993558776167478 0.97342555994729929 0.84198324994625262 0.94427244582043357 0.10263157894736842 0.77210196893416083 0.71008403361344541 0.534959349593496 0.93541666666666667 0.66542288557213947 0.20871143375680581 0.78416149068322993 0.93045514518726313 0.68042553191489374 92.422502870264069 -1.0000000180025095e-35 1.0000000180025095e-35 0.84234892787524374 80.267633369137144 -18.749346097509939 0.44484995944849964 41.002092050209214 54.201977401129945 0.52012882447665076 0.88504405810907383 -14.041825241225544 0.99912280701754397 0.98297841518180518 0.95203030303030312 0.87241706506222649 81.892697466467965 0.35805860805860806 0.35038363171355502 0.7633053221288516 0.79232550499217169 84.384031791907532 0.74179894179894201 1.0000000180025095e-35 0.86408966659301212 0.9196102655858106 0.77913279132791347 0.43614130434782611 1.0000000180025095e-35 0.14415584415584423 0.2869249394673124 0.62828947368421062 1.0000000180025095e-35 0.55051020408163276 0.61718427934787623 96.394209933258239 0.9196102655858106 0.85725316196149548 0.60885910428244538
decision_type=2 2 2 2 2 2 2 2 2 2 2 2 2 2 2 2 2 2 2 2 2 2 2 2 2 2 2 2 2 2 2 2 2 2 2 2 2 2 2 2 2 2 2 2 2 2 2 2 2 2 2 2 2 2 2 2 2 2 2 2 2 2
left_child=1 51 6 29 -5 7 16 8 19 60 35 18 15 -8 28 33 -2 -9 -11 59 21 22 32 44 25 26 27 -22 55 30 -3 -32 -21 -13 -20 36 38 -38 42 40 -37 -40 -7 -44 45 -24 52 -29 -49 50 -46 56 -15 -54 -55 -6 -1 -28 -36 -4 61 -10
right_child=2 3 5 4 14 10 13 17 9 11 -12 12 -14 46 -16 -17 -18 -19 34 20 24 -23 23 -25 -26 -27 57 47 -30 -31 31 -33 -34 -35 58 39 37 -39 41 -41 -42 -43 43 -45 49 -47 -48 48 -50 -51 -52 -53 53 54 -56 -57 -58 -59 -60 -61 -62 -63
leaf_value=-0.050724268820707082 -0.063071711677210554 -0.071496247684787781 -0.037806477395708665 -0.078239111070811926 0.1350852402537713 0.084225949725334676 -0.051836307970673248 0.0062799301623863079 0.061806615053605657 0.09656347559714526 0.072406303577306014 -0.088833356701139329 0.063470306531243803 0.039886210827273179 0.066189791616299912 -0.052604315101015015 0.020595507583748458 0.089294751970540445 -0.030330739388567226 0.040436791220300833 0.0061071154068082206 0.10625460792943915 -0.075956268242485511 0.080087519830902038 -0.033246284023828718 0.0015309630186543849 0.058862245669551248 0.054655379905223109 -0.046086005811248047 -0.078406165300623054 -0.080490740550280951 0.12817079421209598 0.13099483980124665 0.081912065493997169 0.031479132159932144 -0.055734931230326891 0.054101693424286126 -0.049666142019771931 -0.012324893595298548 0.087240186315082333 0.065549951265183079 0.074123643269572187 0.062561575000302544 -0.026721339789431885 -0.028905960498928383 0.16525257891108935 -0.044895653494715318 -0.015036582482650464 0.056156347524878421 -0.021082472240080571 0.17231493297804856 -0.080590432325318581 0.13365527753060399 -0.013353536259028688 0.15340498312321624 0.0097206043314095724 0.0053244311159036297 0.0073826825339409234 -0.1158165069023929 0.053768878887198161 0.023521879813300048 -0.0059917740650532224
leaf_weight=10.689566869288681 144.03730553854257 92.89964826288633 31.447903274791315 207.52112303138711 2.1739962352439752 5.5946047063916913 22.593859520042315 11.244885479100047 9.8842390845529717 7.7593389786779872 92.240824332460761 1.674970388412478 157.39019963145256 38.257987581659108 21.975192868150771 11.286860153079031 9.4302075637970102 35.679936347529292 20.652897227555513 18.382939590141181 84.705307405441999 15.538826581090687 13.805650370661169 7.0794954299926749 25.451349469833076 344.16001611854881 12.261195078492163 107.62285202927887 16.085082141216844 1729.7140588825569 10.373170263133945 8.2025211104191822 7.0299976198002687 9.6253858562558872 34.363232139497995 6.3095519887283427 21.730710790492594 28.764017224311829 6.9305230574682346 30.397027564235032 7.1762386076152325 61.903560276143253 6.774497244507077 22.443545503541827 1.4974453449249261 0.76480614766478616 10.791825555264948 17.75411265715957 13.21894672885537 10.837079789955167 2.32534109801054 5.200903153512626 2.5002532922662786 42.781935647595674 1.5230809561908234 76.712409512605518 229.50435674190521 425.23012797813863 1.5134768411517132 4.2509877919219425 181.87854630546644 83.637636391678825
leaf_count=428 17040 15027 888 34932 40 93 1309 198 193 178 2366 14 3908 1221 365 132 271 883 229 498 892 283 691 91 307 3684 143 1301 1348 296606 1712 436 119 232 535 79 337 267 107 907 153 1052 90 221 40 10 672 183 168 203 41 787 57 1508 19 1182 3863 4477 25 69 2266 1231
internal_value=-0.0256328 -0.0648136 0.0159435 -0.0722781 -0.0446382 0.0226222 -0.0331854 0.018278 0.0168355 0.0297358 0.0482141 0.0452981 0.0557598 -0.00112447 0.0149863 0.00203232 -0.0579306 0.0694014 0.0160104 0.0109722 0.0121929 0.0399809 0.0232963 -0.00623321 0.0101093 0.0112073 0.016247 0.0307873 0.00313851 -0.077149 -0.0576414 0.0116485 0.0654879 0.0566037 0.00495354 0.0369453 0.029489 -0.00500903 0.0462958 0.0631359 0.0088048 0.0654196 0.00848291 -0.0060202 -0.0271398 -0.0632952 0.0108287 0.045871 0.0153477 0.008795 0.0934936 0.00106203 0.0178984 -7.41342e-05 -0.00762085 0.0131755 0.00283005 0.00882546 0.0252654 -0.0269018 0.0159328 0.00117377
internal_weight=4683.19 2411.05 2272.14 2165.66 324.468 2000.22 271.916 1709.96 1663.03 519.667 290.265 244.266 179.977 118.449 116.947 22.5872 153.468 46.9248 64.2889 1143.36 1107.67 77.2616 61.7228 36.3098 1030.4 1004.95 660.793 223.301 94.9715 1841.19 111.475 18.5757 25.4129 11.3004 56.5296 198.024 154.141 50.4947 103.647 43.8828 13.4858 68.8341 34.8126 29.218 29.2303 14.5705 95.8551 138.596 30.9731 14.6599 3.82279 245.395 85.0633 46.8053 44.305 78.8864 240.194 437.491 35.8767 35.6989 275.4 93.5219
internal_count=408607 356726 51881 351648 37867 29784 22097 24112 23031 8943 5672 5253 4286 4786 2935 378 17311 1081 967 14088 13131 1976 1693 1076 11155 10848 7164 2544 2570 313781 17175 2148 617 246 789 3306 2167 604 1563 1139 232 1159 404 311 985 701 3477 1652 351 284 81 5078 2805 1584 1527 1222 4291 4620 560 957 3690 1424
is_linear=0
shrinkage=0.08


Tree=30
num_leaves=63
num_cat=0
split_feature=5 18 2 5 1 3 5 10 7 6 6 7 0 1 3 0 10 13 6 3 13 13 13 2 0 18 5 2 3 6 2 1 13 20 6 18 3 6 18 13 6 0 6 20 3 2 2 7 5 10 6 2 10 20 18 20 5 1 2 13 20 3
split_gain=1015.74 193.482 80.784 52.678 105.423 41.9015 30.4736 27.5135 25.8789 21.6084 20.9846 14.7099 14.0793 13.6637 13.0444 11.6832 10.667 9.81616 9.39408 10.4077 9.35664 9.02729 9.78305 8.54493 14.7329 8.48446 10.7366 8.36956 8.23789 7.84562 7.75862 7.74676 7.72696 7.5207 7.93279 7.81719 7.37098 7.36703 10.635 8.18939 7.4559 7.34342 10.4199 7.21514 7.21359 7.10864 7.06657 52.1004 42.8245 19.2218 7.76658 6.85708 6.476 6.44681 6.33139 6.80861 6.42084 6.17815 6.0045 5.98174 5.89351 8.78679
threshold=64.561945579587373 0.42162768721946614 0.68094111207701469 54.589800443458991 0.39791666666666675 82.807881773399032 80.082644628099189 1.0000000180025095e-35 1.0000000180025095e-35 0.88138333138333158 0.61090892395332397 1.0000000180025095e-35 4.5000000000000009 0.75235849056603787 87.585616438356183 14.500000000000002 1.0000000180025095e-35 0.56330128205128216 0.64144076235495284 41.444372153545878 0.20871143375680581 0.92582417582417598 0.78416149068322993 0.92381350533524464 12.500000000000002 0.78601953601953611 83.589986575061218 0.4240584253327882 77.485187623436488 0.8905029937382879 0.61967754467754477 0.9294019933554819 0.88194444444444453 -8.1832855616220765 0.62810505645557202 0.99683544303797478 19.433516915814327 0.99912280701754397 0.98418947631546072 0.46862745098039216 0.98186147186147199 4.5000000000000009 0.59774253462172056 -32.182863113897589 21.483516483516485 0.88847228483660279 0.93752705627705646 1.0000000180025095e-35 47.50690607734807 1.0000000180025095e-35 0.57823592633322762 0.93752705627705646 1.0000000180025095e-35 -14.911271505962327 0.31514294222751643 -59.418744785389812 39.588620981387486 0.6198686371100165 0.93603069053708454 0.82555780933062894 31.10389821127686 79.118217054263582
decision_type=2 2 2 2 2 2 2 2 2 2 2 2 2 2 2 2 2 2 2 2 2 2 2 2 2 2 2 2 2 2 2 2 2 2 2 2 2 2 2 2 2 2 2 2 2 2 2 2 2 2 2 2 2 2 2 2 2 2 2 2 2 2
left_child=1 5 6 46 -5 18 17 8 12 59 52 15 33 37 20 16 41 29 58 -20 36 22 45 25 28 26 -14 -22 -25 -2 -16 -13 -10 34 -4 -35 -8 38 40 -40 -11 42 -6 -12 -31 -15 -3 48 -48 50 -50 -24 54 -26 56 -56 -7 -30 -1 -9 61 -27
right_child=2 3 7 4 11 10 14 9 32 13 43 31 23 21 30 -17 -18 -19 19 -21 27 -23 51 24 53 60 -28 -29 57 44 -32 -33 -34 35 -36 -37 -38 -39 39 -41 -42 -43 -44 -45 -46 -47 47 -49 49 -51 -52 -53 -54 -55 55 -57 -58 -59 -60 -61 -62 -63
leaf_value=-0.067230863597710383 -0.06404375002149712 -0.078950909243914874 0.065197296357549395 -0.077029144127513438 0.17610110854908179 -0.00054327631276539061 0.016184600261503524 0.052765545592164231 0.011569922861274225 0.030874116567440397 0.2120048804357626 0.41241797621541709 0.030991934844680529 -0.10196977996364398 0.097133283474524268 -0.070679444749025114 0.078086459757168977 0.027207114702922773 -0.067028183417710774 0.19594269296324596 0.1027353879014207 0.068061130215532825 0.075493438398907431 0.14069126816114286 0.29383342592691503 -0.019365542691587027 0.15612753956380063 0.0012432361955723459 0.085949547913417995 0.2215995444098515 -0.028823104287831275 0.088739629104667997 0.090053289001241335 0.039739332867668051 0.011606591235880558 -0.00021407958365848249 -0.042759356638194385 0.080783049142448354 0.12486745489194054 -0.031005251745032877 0.10107946256415716 -0.014651433135104886 0.023601896104699756 0.068839849686776491 -0.0123396277247389 0.085522252675277424 -0.076321303674728405 1.5465860261711291 0.16550036622319803 0.23381158636934118 -0.0053552849570707569 -0.072830746778804786 0.085301698829925623 0.077131396797113741 -0.07502552187708765 0.00081427680010984509 0.12315277644379319 -0.013638521481093759 0.12774877427716724 0.0079393779181406131 0.041367293398542331 0.013375513736706991
leaf_weight=83.56978669250384 106.75437926943414 1416.1138952524634 18.622502144426107 185.2166036152048 3.0789663656614712 264.14805143652484 17.500915781361982 21.663222505711019 10.242596259340642 146.7217530189082 2.7547806180082253 0.9011408514343191 35.498556135222316 1.4632692169398094 12.569755464792253 8.7851868695579451 19.827667644363828 9.4590896187582967 1.9502548282034688 1.9031532672233877 5.4252704977989188 173.5836190097034 2.5919723734259597 2.2861625291407099 1.2260883431881664 76.126231300178915 5.0071561560034743 125.33147827559151 4.0572155471891156 0.92356448876671393 4.167572744190692 0.99658223614096642 37.140211196616292 184.81431826204062 348.45626972801983 37.742236746475101 60.568635022733361 18.16790078394115 2.3545800466090467 25.734383631497622 10.365401683375238 35.443968077655882 41.758244274184108 12.367370422929524 9.7404043399728817 11.201001472771166 239.73083760892041 0.12836096249520679 1.8412072116043479 2.6629998087882987 22.643262277590111 8.6579173505306226 5.3848427496850482 3.100266082212328 15.462152384920048 14.854335204930974 2.7133053783327332 229.68677188549191 1.023206605343147 158.0709606166929 28.948405254632235 168.74184881150723
leaf_count=12145 13519 259865 231 31920 44 5809 446 324 160 1805 117 26 428 16 308 608 373 234 267 57 160 4850 42 37 21 910 69 3725 66 87 53 21 1031 2746 3504 532 3257 555 35 218 180 1267 555 198 790 297 42970 10 96 54 1372 94 96 43 2733 335 34 2427 45 2029 357 1883
internal_value=-0.0250728 -0.0609052 0.0151537 -0.0712266 -0.0401042 -0.0106078 -0.0198267 0.02211 0.0151526 0.0363908 0.00295077 0.0216253 0.0127537 0.0467255 -0.00218398 0.0177771 0.0255397 -0.0511921 -0.0593079 0.0628501 -0.00763049 0.0617128 0.0156326 0.00360459 -0.0077503 0.0122875 0.0464607 0.00545428 -0.0104318 -0.0575079 0.0657703 0.242439 0.0730878 0.0213604 0.0143253 0.0329638 -0.0295458 0.0321691 0.0273996 -0.0179391 0.0355066 0.0125618 0.034074 0.09492 0.00792093 0.0638588 -0.0767 -0.0647622 -0.0655373 0.0296934 0.00749289 -0.0386569 -0.00164587 0.138545 -0.00322135 -0.0378659 0.0007144 -0.0119099 -0.0648725 0.0133422 0.00723222 0.00319675
internal_weight=4509.97 2385.26 2124.71 1979.13 296.008 406.131 352.441 1772.27 1191.7 580.576 317.685 110.792 1144.31 400.842 225.564 108.894 100.109 126.877 88.4464 3.85341 208.826 197.498 23.9142 554.679 240.357 314.322 40.5057 130.757 236.03 117.418 16.7373 1.89772 47.3828 589.635 367.079 222.557 78.0696 203.344 185.176 28.089 157.087 80.2812 44.8372 15.1222 10.664 12.6643 1683.12 267.007 266.878 27.1475 24.4845 11.2499 302.563 4.32635 297.178 30.3165 266.861 233.744 84.593 179.734 273.816 244.868
internal_count=408486 361017 47469 339181 34814 21836 22579 24890 14445 10445 9322 2894 13254 8092 7949 2847 2239 14630 12514 324 7588 5299 449 6241 2594 3647 497 3885 2530 14396 361 47 1191 7013 3735 3278 3703 2793 2238 253 1985 1866 599 315 877 313 304367 44502 44492 1522 1468 136 9007 64 8911 3068 5843 2493 12190 2353 3150 2793
is_linear=0
shrinkage=0.08


Tree=31
num_leaves=63
num_cat=0
split_feature=5 18 3 5 1 1 5 5 0 9 6 7 0 17 13 6 17 3 0 3 0 0 17 13 8 13 13 6 0 13 1 9 17 15 3 17 1 3 5 6 10 6 20 6 18 5 6 5 6 6 17 3 13 18 6 1 10 0 13 17 1 1
split_gain=926.263 189.052 69.8586 52.3017 98.0501 38.1887 26.8383 26.3524 23.1017 16.1383 15.4712 13.9243 13.3629 18.9239 12.7465 12.359 12.2223 11.7844 11.1601 10.9392 11.6843 22.0759 11.0337 10.7163 10.0239 9.52596 24.34 11.9732 8.533 10.611 8.37815 8.00637 7.60869 10.3245 7.59749 8.11523 7.40564 7.31521 49.5645 15.8245 11.2068 10.0888 7.92437 7.24011 7.18343 11.2188 7.64318 7.11236 7.09528 7.08267 7.03052 6.95389 6.91398 6.55633 6.46617 6.44672 6.38488 6.31827 6.07462 6.04409 9.31419 5.86589
threshold=64.561945579587373 0.42162768721946614 52.479508196721319 54.589800443458991 0.36899313501144171 0.5913729128014843 80.082644628099189 99.779735682819393 4.5000000000000009 1.0000000180025095e-35 0.61090892395332397 1.0000000180025095e-35 7.5000000000000009 0.65571120689655182 0.46862745098039216 0.82685930236917093 0.86754385964912295 93.419913419913442 4.5000000000000009 68.801229508196727 8.5000000000000018 7.5000000000000009 0.77459677419354855 0.41522988505747133 1.0000000180025095e-35 0.94427244582043357 0.82085561497326209 0.88138333138333158 17.500000000000004 0.95974235104669903 0.39791666666666675 1.0000000180025095e-35 0.96490147783251246 1.0000000180025095e-35 80.322580645161295 0.92637759710930456 0.88284313725490204 80.322580645161295 47.639311043566373 0.82016632160110436 1.0000000180025095e-35 0.5601513248977753 -36.806274442144002 0.61718427934787623 0.91388579903596601 96.015873015873026 0.82221283707991222 89.099909990999109 0.68698187671201183 0.63438371526606829 0.91010101010101019 84.292763157894754 0.10263157894736842 0.58578643578643586 0.59774253462172056 0.9294019933554819 1.0000000180025095e-35 8.5000000000000018 0.2817460317460318 0.80707196029776684 0.52440476190476204 0.82891986062717782
decision_type=2 2 2 2 2 2 2 2 2 2 2 2 2 2 2 2 2 2 2 2 2 2 2 2 2 2 2 2 2 2 2 2 2 2 2 2 2 2 2 2 2 2 2 2 2 2 2 2 2 2 2 2 2 2 2 2 2 2 2 2 2 2
left_child=1 5 6 37 -5 34 14 8 9 24 -7 15 -8 31 -2 18 19 23 54 28 21 -21 -23 57 25 26 36 44 29 -10 -25 52 -28 -34 -1 43 50 -3 40 41 -39 -40 -41 -36 47 46 -46 -27 -11 -22 -4 58 -14 -42 -6 -13 -43 -18 -9 -51 -61 -19
right_child=2 3 7 4 11 10 12 51 16 48 -12 55 13 -15 -16 -17 17 61 -20 20 49 22 -24 30 -26 27 32 -29 -30 -31 -32 -33 33 -35 35 -37 -38 38 39 42 53 56 -44 -45 45 -47 -48 -49 -50 59 -52 -53 -54 -55 -56 -57 -58 -59 -60 60 -62 -63
leaf_value=-0.068641976589763259 -0.060846990336737829 -0.079722443642117169 0.039748894739119661 -0.07734678797659307 0.1360402838782839 3.6243832168897421e-06 0.09111389196542477 -0.13634632046714409 0.073662033362564258 0.10155214961602588 0.085581905200422415 0.37647543132755718 -0.03843224991016278 -0.036880245844916483 0.016168079836060598 0.071799074941052102 -0.089806176508416088 0.080225135501633529 -0.024994721080413541 -0.004988766236841329 0.07535430889176753 0.044793758430839853 -0.036862230803069856 0.13314999309354783 -0.022630128513106237 0.033412380058088262 -0.13183029842255248 0.054397121719420162 -0.042569571741027191 0.013669763220635124 0.022940784673668512 -0.045198043270324909 0.067826829880019021 -0.08500083922414603 -0.038135683380789952 0.23198246078801915 0.074211526721162213 -0.077463344529764125 0.21161845530660647 0.41186159732564714 0.1954762290318908 -0.012781978176235914 0.10577881952342438 0.11661528093336224 0.015811884150930371 0.083912196337263809 -0.04542018890844364 0.075543918369330582 0.0069844264200188194 -0.013623538689748955 -0.085824025510454802 0.084030261001116713 0.028100302592139609 -0.03885414417399885 0.022387013194372779 0.084677299735457817 0.11622091884562311 0.0067463969832113812 0.037471123681167694 0.11607861703385157 -0.011200660541780892 -0.048418279124674869
leaf_weight=67.041499910177663 101.90777177084237 1137.4433875628747 8.3640972655266506 169.42976795625873 3.477607008535414 288.82242410862818 9.2959294468164426 1.5237360782921303 34.366291807498783 5.2033567875623694 14.183990788180379 0.97608248377218731 11.202977766981347 80.561524673597887 15.899602331221102 20.247365017421544 8.4172286726534384 32.043998265638947 45.903974258806556 192.54629196971655 6.1921396050602189 119.58737237937748 11.619727753102778 4.6200439617969087 18.912190347909927 160.78563728369772 7.2803890779614457 214.49181278608739 8.7784193400293571 41.842901790048927 99.28079540329054 13.203628103248773 4.4943456910550594 7.6352271102368832 26.867986099445268 0.79568979144096275 21.136836264282465 379.78255157452077 1.4540907298214722 0.86754184844903681 1.5026837126351886 33.439285632455721 1.4396791839972127 2.0850539263337842 108.79418932646513 14.048630854114888 14.824282752349971 30.509577058255672 210.20166896097362 294.53134628338739 4.3310659080743781 50.957259146496654 92.8078737501055 1.5548431021161375 40.688646863913164 0.96228440850973129 2.6500607593916348 8.9495382825843972 8.275586646050213 5.9611402787268153 9.6144625293090922 2.4413310177624217
leaf_count=11166 13903 227420 144 31664 47 8725 181 13 462 56 292 28 564 3859 604 351 56 595 2147 1982 80 1453 110 75 157 2339 56 5612 187 436 1094 751 74 75 1589 24 488 74115 63 29 67 2382 27 40 1371 311 219 590 1800 3143 46 1685 2351 209 556 21 55 143 194 80 104 26
internal_value=-0.0240766 -0.0598305 0.014135 -0.0706547 -0.0389282 -0.0099646 -0.0199682 0.0203855 0.0185478 0.0281157 0.00400962 0.0190576 -0.00262491 -0.00703085 -0.0504528 0.0153228 0.00952062 0.0298532 0.00262723 0.00515277 0.00157204 0.0122558 0.0375623 0.0181186 0.0347103 0.0365277 0.00423372 0.0396916 0.0321197 0.0407231 0.0278413 0.0134846 -0.0671789 -0.0283739 -0.0537116 -0.0200645 0.0452043 -0.076383 -0.0673968 0.0175124 -0.0762352 0.00501512 0.220869 -0.0269913 0.0301032 0.0161678 0.00846896 0.0401319 0.00926882 -0.00936355 -0.0030914 0.0721616 0.0209341 0.0763123 0.031336 0.231615 -0.00330922 -0.0400502 0.0104436 -0.0110552 0.037512 0.071118
internal_weight=4339.06 2241.62 2097.44 1841.82 281.686 399.797 324.879 1772.56 1711.81 831.013 303.006 112.256 207.072 197.776 117.807 110.318 880.793 155.753 90.0702 725.04 640.052 323.753 131.207 121.268 615.608 596.696 53.242 543.454 84.9876 76.2092 103.901 117.214 19.41 12.1296 96.7902 29.7487 33.832 1560.13 422.691 39.8507 382.84 37.5434 2.30722 28.953 328.962 137.667 123.618 191.295 215.405 316.299 12.6952 60.7566 104.011 3.05753 44.1663 1.93837 36.0893 17.3668 9.79932 310.107 15.5756 34.4853
internal_count=408486 361017 47469 339181 34814 21836 22213 25256 23364 13338 9017 3150 7706 7525 14507 3101 10026 1989 2750 8037 6952 3545 1563 1368 11482 11325 883 10442 1085 898 1169 3666 205 149 12819 1653 678 304367 76947 2556 74391 2500 56 1629 4830 1901 1590 2929 1856 3407 190 1892 2915 276 603 49 2437 199 207 3327 184 621
is_linear=0
shrinkage=0.08


Tree=32
num_leaves=63
num_cat=0
split_feature=5 18 2 5 2 3 5 6 0 10 6 6 7 3 9 6 7 13 2 0 1 7 6 3 13 3 6 2 15 10 6 13 6 18 2 0 13 13 2 0 5 20 3 5 10 10 6 0 20 18 20 20 6 6 5 18 20 6 10 18 20 5
split_gain=843.602 184.92 60.6816 52.1933 97.7018 34.8927 25.1843 24.6279 20.0743 15.7213 15.084 12.0457 11.1187 10.7929 9.6489 9.61125 8.82989 10.1412 14.516 10.6985 10.8613 8.75967 8.68169 8.4818 8.37386 8.32561 7.9238 7.89956 7.78722 7.77815 7.65982 7.63615 7.45887 9.29944 7.2439 7.04558 6.8251 7.46768 6.68827 6.81462 8.75208 6.59031 6.48476 42.6367 10.9191 10.159 8.26132 6.44815 6.13037 10.3363 6.09795 5.82979 6.12842 5.7818 5.75234 7.07767 5.65729 7.66817 5.55151 5.57172 6.48239 5.46605
threshold=64.561945579587373 0.42162768721946614 0.68094111207701469 53.861852433281008 0.68094111207701469 82.807881773399032 80.082644628099189 0.99912280701754397 4.5000000000000009 1.0000000180025095e-35 0.61090892395332397 0.82016632160110436 1.0000000180025095e-35 87.585616438356183 1.0000000180025095e-35 0.84198324994625262 1.0000000180025095e-35 0.82085561497326209 0.86957219704561217 16.500000000000004 0.46470099667774095 1.0000000180025095e-35 0.64144076235495284 72.570532915360516 0.56330128205128216 41.444372153545878 0.79232550499217169 0.83998108775282698 1.0000000180025095e-35 1.0000000180025095e-35 0.8905029937382879 0.20871143375680581 0.8905029937382879 0.98418947631546072 0.61967754467754477 15.500000000000002 0.94427244582043357 0.82085561497326209 0.45559163059163066 13.500000000000002 93.528759082286413 69.946473775156463 80.322580645161295 47.50690607734807 1.0000000180025095e-35 1.0000000180025095e-35 0.5601513248977753 5.5000000000000009 -7.1223473963199941 0.96981089086352257 34.667828106852504 -43.123055412579028 0.66140972197871195 0.98186147186147199 96.881944444444457 0.98963702749140914 -29.743377307586087 0.68487717678577908 1.0000000180025095e-35 0.31514294222751643 -59.418744785389812 94.297328687572602
decision_type=2 2 2 2 2 2 2 2 2 2 2 2 2 2 2 2 2 2 2 2 2 2 2 2 2 2 2 2 2 2 2 2 2 2 2 2 2 2 2 2 2 2 2 2 2 2 2 2 2 2 2 2 2 2 2 2 2 2 2 2 2 2
left_child=1 5 6 42 -5 22 24 8 9 12 58 14 26 31 21 -11 17 18 28 20 23 35 -1 50 30 -24 61 -18 47 -22 -2 41 -31 53 -15 51 37 -17 39 40 -33 -8 -3 45 46 -44 -45 -10 -28 -50 -19 52 -6 -34 55 -35 57 -46 59 -7 -61 -4
right_child=2 3 7 4 11 10 13 -9 16 15 -12 -13 -14 34 -16 36 27 19 -20 -21 29 -23 25 -25 -26 -27 48 -29 -30 32 -32 38 33 54 -36 -37 -38 -39 -40 -41 -42 -43 43 44 56 -47 -48 -49 49 -51 -52 -53 -54 -55 -56 -57 -58 -59 -60 60 -62 -63
leaf_value=-0.062702962030429965 -0.061843105315463116 -0.079749740516983109 0.024944600133969139 -0.077346144319503277 0.37587904405003358 0.0008393134881317084 -0.046737688116194838 0.077213538153827269 -0.091543558078556894 0.014903030510603084 0.080869260958667935 0.067374434045084239 0.074483874408870068 0.095204205248316423 -0.039088961053893957 0.050548204429141833 -0.021756908268189101 -0.025250137702113661 0.091625634775664974 -0.03691836173432405 -0.002487271643258562 0.25828750488297791 -0.064852273192366985 0.06453863242642284 0.022906381641417554 0.17747975582304518 -0.0003733496014448486 0.095268565421636253 0.097093501781283481 -0.0027362572089379522 0.01069308156681496 0.3738119451477806 0.032455658513099381 -0.060664696868520614 -0.028835560714178188 -0.065148088524951686 0.060239193081458149 -0.041084318756215606 -0.00052406624207593233 0.032339919384936536 0.053638618203122504 0.0015543708664632336 -0.077267377831697376 0.2017416404983306 0.087215486231523504 0.069983202033758157 -0.0075767068565912509 0.01456583805345082 0.037661755734947559 -0.013590249479688661 0.051051285928885658 0.020244485584713218 0.013992050870860629 0.10620518329475896 -0.072689374340835999 0.067804313734204494 0.0022965726289290319 0.36624442185745842 0.079432550097350466 -0.07453372442776704 0.0010482149972561451 0.075561341736621032
leaf_weight=75.356185726937838 95.207152299582958 1030.2163299387321 255.66893277596682 175.71718351519667 0.61064033629372605 266.18145147361793 44.832707253284752 45.665083527565002 3.8549280967563382 53.105346035212278 15.001312321284784 23.836541204247624 22.915055027231574 11.374649019911883 24.834955029655248 14.285016668960454 5.0648030787706402 16.636135806795213 20.453662876039743 37.669600523076952 427.06309876032174 0.96494028996676107 1.7098433668725186 35.29601776599884 9.7055878452956659 1.9332525106146929 184.01587848365307 13.616666355170308 7.0555891543626776 80.809521891176701 10.328011017758397 0.95398297626525019 102.04762680642307 4.6722852513194102 4.0990931931883088 6.291888609994202 147.9059051014483 9.4624193049967271 120.61900634388439 7.9886245965026319 1.2789679486304519 30.314738598186523 351.07837844244204 1.256516413064676 1.4029145236127085 3.0244209738448253 30.463586156954989 74.504382780753076 86.549525909125805 35.5192307587713 11.227537367492912 61.949300283100456 0.58775716135278344 7.2893529646098605 8.3605743348598462 6.652103066444397 1.2065353863872577 1.1446247671265153 5.3504346497356883 14.264606197131799 14.794567425036801 14.424517342820762
leaf_count=12190 13519 223049 3080 35862 54 5843 2870 1531 31 882 315 453 737 308 1206 355 62 161 340 446 4591 25 267 442 234 57 1679 296 92 743 877 47 1258 36 53 420 4551 97 3548 271 19 833 74012 59 28 275 2351 944 1389 464 123 1269 67 132 59 75 21 30 96 2733 335 294
internal_value=-0.0231002 -0.0587012 0.013201 -0.0700649 -0.0394332 -0.00932347 -0.0178743 0.0192428 0.0176728 0.0266031 0.00257886 0.0165139 0.0198341 -0.00209151 0.00378454 0.0446456 0.00914048 0.00793577 0.03109 0.00461297 0.00684775 0.018908 -0.0568718 0.0384909 -0.0482047 0.0637441 0.0176607 0.0635414 0.016594 0.00370976 -0.0547445 -0.00693198 0.0163224 0.0282593 0.0623453 0.0155816 0.0538472 0.0140362 0.00474128 0.0668746 0.190426 -0.0272565 -0.076425 -0.0676329 0.0159839 -0.0760097 0.000714942 0.00934573 0.00884785 0.0227486 0.00549517 0.0236253 0.198391 0.0373724 -0.0223585 0.0147998 0.145 0.212585 -0.00132831 -0.00279188 -0.0360535 0.0276478
internal_weight=4177.67 2109.18 2068.49 1714.59 294.793 394.592 336.703 1731.79 1686.13 823.852 315.592 119.076 599.093 221.462 95.2395 224.759 862.274 843.592 105.869 737.724 700.054 70.4045 78.9993 63.1597 115.241 3.6431 576.178 18.6815 85.4149 636.895 105.535 205.988 209.831 129.022 15.4737 69.4396 171.653 23.7474 130.841 10.2216 2.23295 75.1474 1419.79 389.577 35.4742 354.103 31.7201 78.3593 306.085 122.069 27.8637 63.1477 1.1984 109.337 19.685 11.3244 3.75407 2.54754 300.591 295.241 29.0592 270.093
internal_count=408486 361017 47469 339181 39356 21836 22579 24890 23359 13528 9322 3494 7643 7949 3041 5885 9831 9473 1407 8066 7620 1835 12514 726 14630 324 6906 358 1067 6894 14396 7588 2303 1560 361 1810 5003 452 3885 337 66 3703 299825 76776 2489 74287 2410 975 3532 1853 284 1390 121 1390 170 111 79 58 9007 8911 3068 3374
is_linear=0
shrinkage=0.08


Tree=33
num_leaves=63
num_cat=0
split_feature=4 18 2 4 3 4 10 2 7 4 5 17 4 17 0 3 1 7 0 4 1 0 18 6 6 18 4 15 13 0 13 6 3 2 3 1 13 13 6 18 17 17 1 2 3 18 6 6 18 2 10 5 4 6 6 9 3 13 6 9 20 18
split_gain=816.253 165.08 66.7731 40.9675 95.1445 40.431 25.7286 21.9411 21.6651 17.2826 15.383 13.8665 11.9585 9.56059 10.6062 16.2398 11.645 9.17352 8.99414 8.90696 8.56814 10.7824 8.22712 11.5626 13.3553 10.0991 9.00243 8.19783 7.63111 8.46208 7.60177 7.57373 7.40691 11.3607 6.85709 7.65908 6.82051 11.0142 7.37494 7.66618 6.99736 6.78752 9.14003 6.55794 9.21647 6.34478 6.68562 6.07515 7.93822 5.94599 10.5469 5.81377 7.7306 6.67055 5.69459 5.6777 5.58336 6.08455 5.38051 6.64712 5.33424 6.6677
threshold=68.244631185807677 0.33971423337607626 0.68094111207701469 55.081142063698699 74.352159468438558 82.780584230177922 1.0000000180025095e-35 0.88129803675856322 1.0000000180025095e-35 99.779735682819407 38.901458019105085 0.8389976958525347 56.721845318860254 0.67928571428571438 9.5000000000000018 56.949806949806963 0.30471628592483424 1.0000000180025095e-35 8.5000000000000018 96.884704968944121 0.47140522875816998 17.500000000000004 0.97156334231805941 0.85124359300829899 0.99912280701754397 0.99683544303797478 98.192705498094739 1.0000000180025095e-35 0.78416149068322993 8.5000000000000018 0.88194444444444453 0.56723952415987255 39.753086419753096 0.63040709290709296 44.536271808999089 0.40192307692307699 0.93541666666666667 0.82085561497326209 0.88138333138333158 0.87815482502651132 0.95916666666666683 0.85857142857142865 0.68496240601503777 0.87981855778629992 87.026647966339425 0.98156642881413536 0.98186147186147199 0.79232550499217169 0.63296945767042168 0.84265753309870972 1.0000000180025095e-35 96.881944444444457 89.784322820037133 0.77210196893416083 0.85124359300829899 1.0000000180025095e-35 74.352159468438558 0.95974235104669903 0.69315831057210375 1.0000000180025095e-35 -15.34007106462858 0.9303336703741153
decision_type=2 2 2 2 2 2 2 2 2 2 2 2 2 2 2 2 2 2 2 2 2 2 2 2 2 2 2 2 2 2 2 2 2 2 2 2 2 2 2 2 2 2 2 2 2 2 2 2 2 2 2 2 2 2 2 2 2 2 2 2 2 2
left_child=1 7 5 -3 49 -2 8 -1 18 11 27 28 17 32 16 -16 51 31 19 47 21 -20 -21 -24 25 26 -25 -9 -8 -30 -10 -6 55 34 -34 -36 37 43 39 -38 -39 -14 -43 44 -13 46 -31 -4 -49 -5 -51 52 53 -15 -17 -7 57 -35 -33 -60 61 -41
right_child=2 3 6 4 12 13 9 10 30 -11 -12 36 41 14 15 54 -18 -19 20 22 -22 -23 23 24 -26 -27 -28 -29 29 45 -32 58 33 56 35 -37 38 40 -40 60 -42 42 -44 -45 -46 -47 -48 48 -50 50 -52 -53 -54 -55 -56 -57 -58 -59 59 -61 -62 -63
leaf_value=-0.061888976492623968 -0.06098518970989833 -0.07750372431914232 0.017445308394082801 -0.078850217700799322 0.44846159532512536 0.0050707779235590602 0.051261173651414284 0.14191679883941388 0.0060514844413431289 0.074969200217729223 0.21921887557075179 -0.048152038221871807 -0.014616436295274777 0.58975902749035214 -0.044959039788343001 0.17815392389483908 -0.010134498465053305 0.64624943797435153 0.039493695454850659 0.059972215811793184 -0.011258422623134808 -0.027579508400090848 0.082500278583812925 -0.09832593377101416 0.089166285319487962 -0.10677818371086092 0.077754241285557149 -0.0019121626864594926 0.024976443220523829 -0.0022632613228934992 0.086936068201082239 0.033125427278618655 0.13555942893642944 0.045019772320089732 0.010309824037528566 0.10291597824758081 0.051925504481236229 -0.11696900614552246 0.056411401881177964 0.035849179118982562 0.0061283450507147799 0.18435329871096315 0.022757707517799416 0.071198780997552086 0.089151406635639377 -0.049189773207738485 0.12006170221199911 0.078923808932308756 0.0019920361820411178 -0.040945822496547379 0.25031358404543413 0.32454248666774327 0.04267032344218083 0.14529601105861692 0.031385500556369184 -0.053040474200302071 -0.093504965954720465 -0.069251756280782242 0.42955642146625184 -0.080571028289826541 0.017477096785847041 -0.10420399262769908
leaf_weight=40.689533286727965 107.76508957892656 1262.0894022355787 428.61610450595617 199.8923615347594 0.40878069633617942 87.117205473361537 30.242063551209867 2.5608386960811904 9.690464857965706 54.357227709144354 2.0545035658869883 9.5833299295045453 36.681687135249376 0.33145997999235888 74.507855901494622 2.3441656194627267 10.577020559925584 0.22614405024796713 53.458507991395891 47.649998974055052 209.91716433316469 21.511187794152647 9.5279233530163747 2.9378907084465071 5.3609140980988732 10.300958137959242 5.0570857357233763 263.78797484980896 101.41541654989123 88.334814228117466 31.969980453141034 2.7831736408406873 6.8921377977822003 9.822007769718768 15.182851337827744 9.1667444389313442 36.537140475586057 5.8485880345106107 145.01366363838315 3.4707478266209346 5.9743726924061775 2.3288421258330336 58.791245236061513 16.117865480482578 4.6455339528620234 18.934262339025736 2.955171074718236 8.7787958122789842 386.93482639547437 7.8299081779550743 0.88569365721195925 0.8679651878774165 3.4698080057278275 0.62097743456251919 6.0806294549256563 12.276902671670539 4.3328816313296548 4.2823945805430403 0.53075881651602674 0.23623994318768382 29.735799996182323 5.8298726957291365
leaf_count=7081 16025 293336 4731 45774 13 3360 419 70 160 1799 40 94 984 23 4470 38 107 6 697 1006 2556 328 211 26 170 96 104 6913 1331 740 1037 305 249 132 236 232 745 42 4196 60 74 95 806 422 96 127 40 121 3940 945 33 14 57 30 83 947 33 30 41 36 504 70
internal_value=-0.0221332 -0.0605939 0.0115866 -0.0710984 -0.0450706 -0.0200762 0.0178749 -0.00714616 0.0114149 0.0321092 0.00115277 0.0274925 0.0182548 -0.00229063 -0.0215898 -0.033055 0.0383346 0.150682 0.00942969 0.0133314 -0.00296725 0.0202483 0.0386735 0.00809078 -0.0218781 -0.0544153 0.0130506 -0.000529304 0.0136709 0.0082995 0.0681218 0.122374 0.0105001 0.0357235 0.0651126 0.0451727 0.040216 0.0107371 0.0458515 0.0255887 -0.0547655 0.012588 0.0289149 0.0362567 -0.0033243 -0.00704467 0.00169655 0.0108464 0.00369875 -0.07603 -0.0113476 0.135242 0.098087 0.299975 0.0722232 -0.00210697 -0.0140761 0.0103245 0.084827 0.272434 0.000938173 -0.0519398
internal_weight=4028.12 1881.78 2146.35 1572.68 310.595 355.638 1790.71 309.093 1231.71 558.996 268.403 504.639 101.987 247.873 98.7999 82.9327 15.8672 4.1851 1190.05 905.164 284.887 74.9697 80.8348 33.1848 23.6568 18.2959 7.99498 266.349 241.882 211.64 41.6604 3.95895 149.073 49.679 31.2417 24.3496 262.757 42.1697 220.587 75.5736 11.823 97.8018 61.1201 30.3467 14.2289 110.224 91.29 824.33 395.714 208.608 8.7156 5.29021 4.42225 0.952437 8.4248 99.3941 18.4373 14.1044 3.55017 0.766999 39.0364 9.30062
internal_count=408486 356478 52008 342374 49038 26066 25942 14104 15183 10759 7023 8960 2286 10041 4822 4591 231 401 13986 10405 3581 1025 1613 607 396 226 130 6983 2657 2238 1197 395 5219 912 717 468 6303 728 5575 1379 116 1885 901 612 190 907 780 8792 4061 46752 978 124 110 53 121 4307 195 162 382 77 634 130
is_linear=0
shrinkage=0.08


Tree=34
num_leaves=63
num_cat=0
split_feature=5 3 20 18 0 3 20 10 10 6 7 7 20 13 3 1 20 0 20 5 9 20 13 13 1 5 18 17 0 13 13 0 13 20 0 5 6 20 18 5 0 20 20 6 18 3 17 6 1 0 6 1 5 3 17 13 20 17 17 3 17 3
split_gain=698.161 178.648 77.9189 123.087 46.424 20.0272 22.6318 17.8867 17.4232 14.9148 13.2179 11.8935 11.4591 11.1807 9.83777 9.45865 10.3362 9.29459 11.8794 9.23315 8.45048 8.29224 8.26768 8.24615 8.20593 7.90293 11.7815 6.49647 7.02891 11.1849 7.13782 6.80756 6.51124 8.78391 14.2543 6.38931 5.84198 5.67147 11.034 7.97666 5.81041 5.6226 5.55569 5.44415 6.84056 6.25859 8.18712 5.4272 5.40389 5.87529 6.48522 5.645 5.39649 9.97219 7.49355 7.00001 5.30714 14.6251 6.37563 14.5606 5.25428 5.19492
threshold=64.561945579587373 84.292763157894754 -50.565179812859334 0.28664077990746867 8.5000000000000018 39.753086419753096 55.767878394460688 1.0000000180025095e-35 1.0000000180025095e-35 0.87241706506222649 1.0000000180025095e-35 1.0000000180025095e-35 -67.725134408602131 0.88194444444444453 89.512961508248239 0.63211600429645554 -27.498604107552669 9.5000000000000018 -17.125574352548032 30.320054477357846 1.0000000180025095e-35 -45.680506979942002 0.10263157894736842 0.94427244582043357 0.3246621621621622 92.814068537175473 0.89494906621392201 0.53614982578397219 15.500000000000002 0.14039408866995082 0.53950103950103967 24.500000000000004 0.16333333333333336 64.820653785000147 20.500000000000004 89.099909990999109 0.87241706506222649 -8.1832855616220765 0.87149410222804724 91.368667518092821 6.5000000000000009 -72.050917141049965 -4.947956064005921 0.96187226822121419 0.80442955214122269 78.346121057118509 0.41240409207161127 0.79232550499217169 0.62622549019607854 4.5000000000000009 0.62810505645557202 0.82426470588235301 99.779735682819393 84.292763157894754 0.5727513227513229 0.60990338164251223 42.255477600305198 0.43826219512195125 0.86425061425061445 71.516754850088191 0.8218253968253969 73.765182186234838
decision_type=2 2 2 2 2 2 2 2 2 2 2 2 2 2 2 2 2 2 2 2 2 2 2 2 2 2 2 2 2 2 2 2 2 2 2 2 2 2 2 2 2 2 2 2 2 2 2 2 2 2 2 2 2 2 2 2 2 2 2 2 2 2
left_child=1 15 3 12 8 6 -6 11 10 35 24 14 -3 -12 -4 -1 41 42 36 -14 22 -9 -8 61 -2 43 -27 31 29 -29 -30 32 33 34 -24 -10 -19 48 39 40 -39 -17 -7 44 45 46 -20 -28 -26 50 -50 -51 54 55 -49 -54 58 -58 -46 -60 -59 -11
right_child=4 2 7 -5 5 17 20 21 9 23 13 -13 19 -15 -16 16 -18 18 25 -21 -22 -23 27 -25 37 26 47 28 30 -31 -32 -33 -34 -35 -36 -37 -38 38 -40 -41 -42 -43 -44 -45 56 -47 -48 52 49 51 -52 -53 53 -55 -56 -57 57 60 59 -61 -62 -63
leaf_value=-0.077568772202229769 0.150986199107497 -0.00023234895538613856 -0.052278949308059181 -0.076141388198439824 -0.060535815870230957 -0.028022675685437381 -0.047346816134945076 0.23168590951749055 -0.00025068310912164079 0.051238445816698855 -0.027150714836190214 0.20751931583771599 0.098525170974846296 0.090305834688478068 0.01324538162034602 -0.0019165290551928229 0.0039332897925571817 0.040682825241504766 0.23378354759547559 0.565528634532795 -0.057419619907720591 0.065346509945358552 0.84960461197139159 0.051681407935146285 0.046677762434748311 0.12093440945430077 0.061117639457785908 0.24873413054309509 -0.052728631042917827 0.0074594833890753208 0.11583987088269647 -0.018452654248791944 0.034490432617416612 0.09213012042528386 0.077824194130571303 0.042980771857606348 0.12875285429705249 0.048681796693615408 0.011676252339836036 0.11121332781564486 0.0038837390045151116 -0.078212880353937198 0.0060676222256226021 0.042275418420516554 -0.023652105562022498 0.052461364510854119 -0.012708397025119505 -0.032958582282970744 0.05697576590476057 -0.0058377092476371443 0.0072603046385860326 -0.069059045874773295 -0.055926052028055208 0.086612773289440628 0.019535028024292276 0.098339271858143132 0.30374325087338722 0.033428421616915512 -0.055898200931679319 0.054238693484241401 -0.089818378793237896 -0.0086458035296037919
leaf_weight=1089.7720497341361 2.7441240656189612 243.80792389321141 16.379594085970894 287.44133093371056 74.972359102568589 78.889858960174024 18.387281181523576 2.0656270179897573 84.156418857630342 14.326361877378075 6.558523754123601 1.9044566669035692 0.90087241143919417 24.798177924007177 140.0631726536667 7.3210560919251284 18.728866315330379 22.312209187075499 0.89182702125981705 0.38749506860040128 17.639340340159833 26.848333034198731 0.27068868721835215 223.16264117322862 20.700371690094471 7.3855963535606852 15.163562736008315 1.3071987708099211 22.479402047581974 20.734290711116046 1.7314836932346214 13.760802578646688 34.644907467532903 4.4138317108154297 0.35273853084072471 29.566027596592903 6.148816240951418 61.76986125856638 279.9171583596617 9.8308431226760131 26.470216630958021 39.722123300191015 49.978156271856278 16.691371689550579 138.29008944821544 22.62144660949707 26.130478436942212 28.761421055067331 17.656566090881824 92.072750702034682 343.24070947617292 10.022888306528328 7.6217236714437604 13.869997238740325 44.075132895261049 2.5000230818986893 1.1763750258833159 11.931455145124344 11.898925182875244 21.679164203815162 2.7181548918597391 26.274182608351111
leaf_count=266519 96 5031 2202 70826 12071 900 1344 42 1201 311 96 44 58 899 4032 442 1369 261 19 30 1570 506 33 6160 222 107 232 47 1563 810 32 512 910 99 39 501 94 967 3632 203 288 9916 548 230 2337 289 874 273 231 872 3502 90 100 581 557 63 25 307 492 328 138 413
internal_value=-0.0211748 -0.0563029 -0.0250178 -0.0406261 0.0115236 -0.00439046 -0.0252583 0.0193693 0.0207904 0.0352065 0.0147155 0.00880403 0.00102511 0.0657388 0.00638497 -0.0757906 -0.0463289 0.00389378 0.00988889 0.238983 -0.00577116 0.0772299 0.00194415 0.045648 0.0128646 0.00609154 0.023069 0.0110351 -0.0109167 0.0217686 -0.0406732 0.0300333 0.0468471 0.131833 0.412927 0.0109888 0.0597098 0.0124248 0.0197667 0.0428587 0.0352433 -0.0663393 -0.0148016 -0.00188679 -0.00499261 0.021416 -0.00457333 0.0166151 0.00668732 0.00489935 0.00969259 -0.0120442 0.00964583 0.0425528 -0.00119345 -0.0178233 -0.0119775 0.0323535 -0.0160596 0.0152099 0.0105607 0.012485
internal_weight=3890.04 1875.34 719.799 532.538 2014.7 741.43 210.694 187.261 1273.27 377.486 895.782 158.347 245.096 31.3567 156.443 1155.54 65.772 530.736 401.868 1.28837 135.722 28.914 118.083 263.763 864.425 373.407 119.377 99.6953 46.2524 22.0415 24.2109 53.443 39.6822 5.03726 0.623427 113.722 28.461 861.681 377.988 98.0709 88.2401 47.0432 128.868 254.029 237.338 49.6438 27.0223 111.992 483.693 462.993 360.897 102.096 96.8283 23.9917 72.8366 10.1217 187.694 15.826 171.868 33.5781 14.6496 40.6005
internal_count=408486 361017 82771 75945 47469 27785 19030 6826 19684 8586 11098 6278 5119 995 6234 278246 11727 8755 7307 88 6959 548 5389 6884 10103 6952 1913 4045 2452 857 1595 1593 1081 171 72 1702 355 10007 5090 1458 1255 10358 1448 5039 4809 1182 893 1806 4917 4695 3733 962 1574 744 830 163 3627 470 3157 820 445 724
is_linear=0
shrinkage=0.08


Tree=35
num_leaves=63
num_cat=0
split_feature=4 4 1 5 2 4 4 1 7 10 4 5 13 17 1 9 0 10 9 13 5 9 0 17 13 13 2 0 5 7 1 1 2 3 5 3 13 7 7 3 4 7 15 9 4 2 4 3 5 1 1 15 3 17 3 0 17 3 13 13 13 10
split_gain=692.673 158.236 78.349 30.573 29.7298 79.7146 25.4746 15.5599 11.9756 12.6646 10.9464 11.4061 10.5517 9.65311 11.7084 9.6469 8.80266 8.71468 8.19167 7.80575 7.39283 7.12844 7.0692 10.6946 6.91062 10.7574 11.2321 6.71242 6.59489 16.7633 6.56252 12.8149 6.96113 6.54468 8.1257 6.36109 6.17897 5.98471 5.838 5.73109 28.3684 6.41846 5.60437 5.47032 5.93022 6.39498 5.43099 5.38574 5.31998 5.23563 4.62506 4.59362 4.54042 4.52015 4.47643 4.45633 4.44275 4.42319 7.39967 7.99432 4.40369 5.48864
threshold=64.624765478424024 1.0000000180025095e-35 0.26598639455782319 77.345911949685544 0.93752705627705646 47.836488454337434 95.782060785767243 0.52223320158102771 1.0000000180025095e-35 1.0000000180025095e-35 57.078215901745324 56.345809664617548 0.63397129186602885 0.97014260249554385 0.94868421052631591 1.0000000180025095e-35 5.5000000000000009 1.0000000180025095e-35 1.0000000180025095e-35 0.53950103950103967 91.368667518092821 1.0000000180025095e-35 15.500000000000002 0.41728855721393038 0.21525096525096529 0.78416149068322993 0.86957219704561217 16.500000000000004 89.099909990999109 1.0000000180025095e-35 0.14854215918045707 0.16152751423149905 0.48347115548728453 87.026647966339425 99.779735682819393 65.261756876663725 0.93541666666666667 -1.0000000180025095e-35 1.0000000180025095e-35 77.032967032967051 50.787450396825399 1.0000000180025095e-35 1.0000000180025095e-35 1.0000000180025095e-35 51.442441054091546 0.8955610290093049 99.779735682819407 64.326765188834159 43.256237006237015 0.78647416413373872 0.36899313501144171 1.0000000180025095e-35 37.884436160298236 0.8765243902439025 39.077412513255574 4.5000000000000009 0.88516483516483524 84.660633484162915 0.94427244582043357 0.72363636363636374 0.59359359359359365 1.0000000180025095e-35
decision_type=2 2 2 2 2 2 2 2 2 2 2 2 2 2 2 2 2 2 2 2 2 2 2 2 2 2 2 2 2 2 2 2 2 2 2 2 2 2 2 2 2 2 2 2 2 2 2 2 2 2 2 2 2 2 2 2 2 2 2 2 2 2
left_child=1 7 3 19 39 17 8 -1 9 24 11 15 18 14 48 38 21 -6 22 47 -16 -8 -5 28 -4 26 42 37 29 30 -24 32 -32 35 53 50 -10 -27 -7 -3 -41 43 52 44 45 -42 -23 -2 -11 -19 60 -14 -26 -35 -53 57 -37 -50 59 -59 61 -18
right_child=2 4 6 12 5 10 16 -9 36 13 -12 -13 51 -15 20 -17 33 49 -20 -21 -22 46 23 -25 25 27 -28 -29 -30 -31 31 -33 -34 34 -36 56 -38 -39 -40 40 41 -43 -44 -45 -46 -47 -48 -49 55 -51 -52 54 -54 -55 -56 -57 -58 58 -60 -61 -62 -63
leaf_value=-0.064055487174638409 -0.069565275888362685 -0.079396485016146767 -0.034106035994050425 0.02009809478513791 -0.075915736139811008 0.098087372594431649 0.057912798886018024 0.0027047964057373801 0.0036724943095369058 0.14761199961040164 0.0089359991943697079 0.43150810139979184 0.18459996735597764 0.038448051097453646 -0.044523991377960703 -0.019132653774153491 0.095390238159985902 0.38216756320423828 -0.06012957684412195 0.078552233659065232 -0.35284194310466765 -0.013868816601737092 -0.010610193189190837 -0.040256694096532437 -0.05805011438499115 0.0060597760624432288 0.084969655351699577 -0.036842205739245688 -0.0027703452331100109 0.56995279636028684 0.65420464496634168 0.055330956382541159 0.12909451243259967 0.023836134386728394 0.086580977424417921 -0.035162963630130106 0.080248439720380496 -0.035617980070094209 0.39024017011196227 -0.0765285750096628 -0.080415302197600153 0.37097354023427892 0.10013386460228557 -0.045161093896244626 0.029166644655087604 0.58625703115845651 0.090733647111631316 0.058725707393677884 0.087581744913009629 0.034599704343218705 0.04663354129729512 -0.063018128077279287 0.016626914551892944 0.099531113485046827 0.091743311757171569 0.0095791775933873422 0.034241968494259659 0.050490190893660351 0.049146072782581401 -0.10910707334860023 -0.039800628355726279 -0.0088526031187902716
leaf_weight=24.63925405498594 104.44294172397349 915.50851241662167 28.046405905857682 44.05723528470844 170.99862459197175 12.151948404032741 117.98387483134866 239.80321202951018 9.4406468290835601 1.9036303074099112 46.842145598493516 0.57734730001538892 2.0621346067637196 141.00886086118408 1.1434800364077085 5.4058852838352314 5.0512931393459448 0.35153789678588387 20.707609977805987 2.4116682790918267 0.88136586919426907 16.293929055333141 4.1820606391411301 55.376318889670074 6.1126298571471116 945.87856039660983 21.386125434190035 25.066808505915105 22.768456963822246 0.42739906697534014 0.41531094303354654 2.3401583603117615 0.26444845518562943 96.780119094997644 17.642721921205521 26.186372080817819 23.608760541304946 22.57658295147121 0.45410613389685828 153.65290114679374 0.14527936349623871 0.32131061144173045 4.4450460302177808 7.6188212244305751 16.421959540108219 0.2515026101609692 3.9460173640400162 2.1371255728881797 9.1089208461344224 1.3148117777891457 28.732313426211476 1.7100883722305296 35.317430543364026 5.3268150603398672 3.980098650790751 251.58785710681695 7.6204380560666314 3.5170528199523705 20.678316419944167 4.6836035698652267 10.513690771535037 8.9783571613952518
leaf_count=4026 21078 249412 822 1647 44931 1052 3713 5098 178 42 620 33 33 3872 28 940 89 21 2016 196 14 161 238 3716 586 10360 382 496 382 26 29 166 17 1257 759 277 787 283 10 40648 32 8 59 733 807 45 120 86 247 122 380 13 998 136 70 3361 117 87 555 38 84 123
internal_value=-0.0200492 -0.0600422 0.00939074 -0.0311658 -0.0712644 -0.0456462 0.0150917 -0.00351555 0.0107317 0.00969807 0.0295492 0.0814913 -0.00871445 0.021245 0.0129801 0.070272 0.0347577 -0.0741415 -0.0134017 -0.0637723 -0.178727 0.0503881 -0.00594873 -0.0193275 0.00509011 0.00612643 0.037089 0.00403027 0.0187997 0.0831713 0.0542834 0.14415 0.44992 0.0243121 0.0364475 0.00762437 0.0583743 0.00508819 0.108612 -0.0768403 -0.0637233 0.0157462 0.0147679 0.0110756 0.0365507 0.342159 0.00652467 -0.0669928 0.0143118 0.107924 0.0248481 0.0823045 0.005609 0.0277851 0.0452324 0.0134355 -0.0195183 0.0389755 0.0236442 -0.0406599 -0.000655545 0.0286794
internal_weight=3765.19 1596.46 2168.73 267.283 1332.02 238.096 1901.45 264.442 1556.39 1523.34 65.4314 18.5893 158.291 434.513 293.504 18.0119 345.056 172.665 150.539 108.992 2.02485 138.224 129.831 85.7742 1088.83 1060.78 67.2612 993.522 30.3978 7.62938 7.20198 3.01992 0.679759 206.832 119.75 87.0825 33.0494 968.455 12.6061 1093.92 178.412 24.7589 45.8751 24.4376 16.8187 0.396782 20.2399 106.58 291.479 1.66635 53.2757 7.75232 41.4301 102.107 5.69019 289.576 33.8068 37.9879 28.879 8.20066 24.5433 14.0297
internal_count=408662 348538 60124 29713 339414 47729 30411 9124 23195 22230 2655 2035 8353 8244 4372 2002 7216 45074 8237 21360 42 3994 6221 4574 13986 13164 2025 11139 858 476 450 212 46 3222 2152 1070 965 10643 1062 291685 42273 1625 1643 1617 884 77 281 21164 4330 143 676 116 1584 1393 83 4288 394 927 680 125 296 212
is_linear=0
shrinkage=0.08


Tree=36
num_leaves=63
num_cat=0
split_feature=4 18 1 5 1 4 4 3 5 0 18 6 18 6 5 18 6 4 5 13 7 7 2 9 10 13 13 6 18 5 18 18 18 5 4 18 5 18 5 5 6 6 6 5 2 5 17 0 17 18 18 2 1 6 17 17 5 13 18 4 6 18
split_gain=630.726 165.504 68.1793 28.6826 23.9336 72.714 22.8438 18.9421 12.6336 12.0867 10.8059 14.1832 9.32135 17.1478 15.0643 11.5841 13.4581 11.4578 10.7054 9.04297 8.95065 8.15853 8.151 7.47795 7.22912 7.15549 7.00184 6.89873 12.1993 6.79771 11.7948 6.46939 10.2463 8.41145 6.85596 12.2009 9.91557 8.16169 17.8089 17.241 10.3439 10.0032 6.59804 9.0204 6.26455 6.14597 6.0944 6.07244 9.25562 6.03046 5.84988 5.75541 6.26911 6.39409 5.9114 5.40539 5.35321 5.22121 5.19168 5.1711 6.54042 5.02345
threshold=64.624765478424024 0.36139516047382814 0.26598639455782319 77.345911949685544 0.70900537634408611 47.836488454337434 94.189797449362359 74.352159468438558 42.884510125889442 15.500000000000002 0.87194394752534299 0.99912280701754397 0.95153460695270919 0.85124359300829899 93.528759082286413 0.99683544303797478 0.98186147186147199 98.192705498094739 96.015873015873026 0.63397129186602885 1.0000000180025095e-35 1.0000000180025095e-35 0.90476822028546178 1.0000000180025095e-35 1.0000000180025095e-35 0.86335403726708082 0.53950103950103967 0.84198324994625262 0.65235814296241723 93.528759082286413 0.97156334231805941 0.98963702749140914 0.97234964322120299 89.86145693672988 88.944444444444457 0.91388579903596601 93.528759082286413 0.82508741258741269 81.900656814449931 80.082644628099189 0.84198324994625262 0.82016632160110436 0.90007455610650344 89.099909990999109 0.95864438288255471 92.071349992142089 0.73993558776167478 15.500000000000002 0.41728855721393038 0.9644437420986095 0.93360881542699736 0.94785328624203313 0.68042553191489363 0.94091693330823767 0.60208333333333341 0.8218253968253969 88.318280704067519 0.93541666666666667 0.98757716049382727 85.196142888450595 0.75592784261388923 0.71478174603174616
decision_type=2 2 2 2 2 2 2 2 2 2 2 2 2 2 2 2 2 2 2 2 2 2 2 2 2 2 2 2 2 2 2 2 2 2 2 2 2 2 2 2 2 2 2 2 2 2 2 2 2 2 2 2 2 2 2 2 2 2 2 2 2 2
left_child=1 7 3 26 44 -6 9 -1 55 20 22 12 14 18 25 17 -17 29 -14 23 24 61 -8 47 31 -12 -2 28 -26 30 -15 32 34 -33 37 36 -36 39 40 -4 -39 46 45 -44 -3 49 -41 58 -49 -37 -47 52 53 -27 -55 -9 -34 -22 -5 -30 -61 -7
right_child=2 4 6 19 5 21 10 8 -10 -11 11 -13 13 15 -16 16 -18 -19 -20 -21 57 -23 -24 -25 27 51 -28 -29 59 -31 -32 33 56 -35 35 42 -38 38 -40 41 -42 -43 43 -45 -46 50 -48 48 -50 -51 -52 -53 -54 54 -56 -57 -58 -59 -60 60 -62 -63
leaf_value=-0.067750262859822885 -0.066073575984953184 -0.077532579014357617 0.00044935787563365163 -0.0029559078540587987 -0.076923922492838165 0.055209181576056941 0.019419598929461438 -0.017057970377569152 0.30373927934805189 -0.023151030693204518 0.072457435076872592 0.065838759196133245 0.00390404603263729 -0.077360019762487492 0.047112969029173425 0.00087989551937903122 -0.08513627605321393 0.050471841803762414 0.066987912797892013 0.07640686439262627 -0.00029588716691775755 0.21356836464202281 0.067120657630416511 -0.058710888427177643 0.075207411588475048 -0.048553581280311245 0.068126148972533496 0.02795016821873756 -0.026610160629882348 -0.033319359049479504 0.089973707450191731 0.0039130754176781683 0.054556524685133001 -0.057033771514071255 0.027650847925988455 -0.020994275117456593 0.17800305115586998 -0.00094642833589061266 -0.02848306676768908 0.15245549179630652 0.045727381483076313 0.011641806334523924 0.049033316949508507 -0.058430928693828925 0.64837268818939653 0.10411579613066956 0.062783929036537775 0.016508839561257756 -0.038413322929453146 0.054987812888454224 0.0095576914402562968 0.020709126841735204 -0.10144950117186578 -0.050586720096506714 0.10211408677661288 0.0071814134087479099 -0.005189179795871305 0.0802092032708112 0.053340561104680564 0.051451452075609014 -0.0077227927519438093 0.0054248187357282054
leaf_weight=28.734082695213147 99.715244939667173 982.97102900140453 206.48729998606723 27.866500217467546 157.54904323571827 19.088706380804069 34.046501151286066 85.922688461840153 0.87663588719442387 72.25428219512105 6.6117110857740036 43.319618804380298 32.791532348841429 3.9965900983661404 115.70737071335316 22.224308032542467 24.447084682062268 25.23928948584944 36.247453842312098 7.6806513015180817 7.1870714311953661 1.4479742199182499 70.193334465846419 19.558844713959843 13.466054256306959 13.216266576200729 2.5518982815556219 219.60788993933238 43.603430820861831 36.390209885314107 8.2837026836350542 38.417158053955063 42.705506684491411 23.271847801283002 151.7319297879003 36.106246047653258 2.8601466678082934 138.99311532196589 145.43918969715014 5.922347634099423 38.892598093254492 24.790827987715602 6.277888415381315 24.537907715886831 0.076092760078607991 7.2436604648828533 26.805977686308324 31.035750024951994 53.471329904161394 8.2040996067225915 9.9237872045487148 16.446009933948517 7.5081024412065736 2.5630501620471469 4.4214917682111263 187.07385209784843 12.38049206137657 18.243564341217279 16.807200168725103 17.061692244373262 39.933198683429509 40.479274461977184
leaf_count=7305 21164 285078 2631 1321 45418 652 445 3781 20 2391 107 1694 374 46 2363 341 241 541 705 116 124 27 1787 2016 302 117 196 4470 630 481 131 421 543 215 1882 372 47 1760 1479 80 456 270 72 225 11 111 369 858 3716 98 117 340 75 27 64 4148 126 639 326 233 469 2098
internal_value=-0.0191209 -0.058836 0.00873406 -0.0297798 -0.0721527 -0.048208 0.0140167 -0.00595718 0.000525998 0.00870222 0.028603 0.0226167 0.0173587 0.00523096 0.0311725 -0.0129727 -0.0441765 0.00673137 0.0370249 -0.00824046 0.010459 0.0259392 0.0515407 -0.0126115 0.00952863 -0.0051589 -0.0627249 0.01966 0.00369884 -0.0159513 0.0355154 0.00597388 0.00771173 -0.0190788 0.0055051 0.0166912 0.0304326 0.000803007 -0.00771869 0.0112394 0.00925825 0.0499745 -0.00632566 -0.036538 -0.0774764 0.00881829 0.0790104 -0.00563174 -0.0182428 -0.00692612 0.0494557 -0.0167811 -0.0390326 -0.0158339 0.0460789 -0.000447669 0.0411288 0.0574573 0.018224 -0.00587327 0.0099913 0.0213783
internal_weight=3648.91 1504.22 2144.69 258.687 1201.61 218.565 1886 302.607 273.873 1382.35 503.654 399.414 356.094 189.62 166.474 120.581 46.6714 73.9098 69.039 156.42 1310.09 61.016 104.24 148.74 1284.66 50.7666 102.267 333.672 114.064 48.6705 12.2803 950.992 889.303 61.689 834.217 246.886 154.592 587.331 323.325 264.006 177.886 57.5192 92.2936 30.8158 983.047 61.4778 32.7283 129.181 84.5071 44.3103 17.1674 44.1549 27.7089 20.2008 6.98454 272.997 55.086 25.4306 44.6737 100.598 56.9949 59.568
internal_count=408662 348538 60124 29713 333284 48195 30411 15254 7949 20532 9879 7647 5953 2860 3093 1781 582 1199 1079 8353 18141 2777 2232 8237 17378 730 21360 6104 1634 658 177 11274 10638 636 9969 2924 1929 7045 3695 3350 2216 719 995 297 285089 698 449 6221 4574 470 228 623 283 208 91 7929 669 763 1647 1332 702 2750
is_linear=0
shrinkage=0.08


Tree=37
num_leaves=63
num_cat=0
split_feature=4 18 1 4 1 4 4 3 7 10 6 17 1 13 0 7 0 17 18 3 6 4 6 18 18 18 4 6 18 3 20 6 3 6 6 18 20 9 0 20 13 18 18 4 6 4 6 6 18 18 6 1 2 9 17 13 4 1 0 6 0 20
split_gain=573.436 161.392 59.1684 26.5899 24.3737 78.682 20.3873 17.3274 9.88604 9.56874 8.96727 8.66801 9.07305 8.56249 8.44481 8.22372 7.89023 8.37532 6.73713 6.65266 7.01476 6.39955 11.3499 7.62372 7.41104 8.80713 12.6632 6.79254 13.9784 6.7841 6.15797 10.5813 6.05445 6.55249 6.52684 20.541 6.01514 5.99076 5.85281 5.65228 5.51139 5.41431 5.38223 15.8263 18.4973 12.588 8.61559 6.23187 5.64986 6.773 7.61052 5.73967 5.33277 4.97347 4.6992 4.68341 4.62938 4.50559 4.42503 4.40507 5.74676 4.37015
threshold=64.624765478424024 0.36139516047382814 0.26598639455782319 82.780584230177922 0.65450928381962881 47.836488454337434 95.782060785767243 74.352159468438558 1.0000000180025095e-35 1.0000000180025095e-35 0.61785527767983917 0.97014260249554385 0.94868421052631591 0.63397129186602885 5.5000000000000009 1.0000000180025095e-35 15.500000000000002 0.42997198879551829 0.98963702749140914 54.201977401129945 0.84638075584312156 88.944444444444457 0.69185667344226343 0.90943267259056737 0.96680440771349874 0.82508741258741269 80.267633369137144 0.94091693330823767 0.97379862700228847 66.360856269113157 -17.125574352548032 0.85124359300829899 87.026647966339425 0.99912280701754397 0.98186147186147199 0.97234964322120299 31.10389821127686 1.0000000180025095e-35 6.5000000000000009 -0.83482931456948239 0.93541666666666667 0.94297328687572601 0.71478174603174616 55.825758470074383 0.69998567121948596 55.081142063698699 0.51565925209542229 0.64722270803143778 0.55143622869708642 0.50135135135135145 0.62202118266475803 0.68042553191489363 0.85077280191073301 1.0000000180025095e-35 0.8218253968253969 0.53950103950103967 99.779735682819407 0.20881782945736441 30.500000000000004 0.62669506227915528 7.5000000000000009 -17.483968430139345
decision_type=2 2 2 2 2 2 2 2 2 2 2 2 2 2 2 2 2 2 2 2 2 2 2 2 2 2 2 2 2 2 2 2 2 2 2 2 2 2 2 2 2 2 2 2 2 2 2 2 2 2 2 2 2 2 2 2 2 2 2 2 2 2
left_child=1 7 3 19 -3 -6 8 -1 9 18 54 12 -11 16 37 42 57 58 21 55 -21 24 -23 38 25 26 -4 -25 29 -29 31 59 36 34 -34 -36 -16 -8 -24 -37 -10 -31 43 44 45 48 -44 -45 49 -7 -51 -50 -38 -33 -9 -2 -39 -5 -18 60 -27 -20
right_child=2 4 6 13 5 15 14 10 40 11 -12 -13 -14 -15 32 -17 17 -19 61 20 -22 22 23 27 -26 30 -28 28 -30 41 -32 53 33 -35 35 39 52 56 -40 -41 -42 -43 46 47 -46 -47 -48 -49 51 50 -52 -53 -54 -55 -56 -57 -58 -59 -60 -61 -62 -63
leaf_value=-0.066846045056600301 -0.069734775856196557 -0.077920495944293289 -0.0062267188178312532 0.027033183235010555 -0.07734239036399107 0.14266193864835675 0.054379582576989723 -0.016168227312273905 0.0033133361240832711 0.011871494489371031 0.21515229265935165 0.035181517916995857 -0.15021683516202988 0.075305846833395806 -0.024186169256296339 0.20820716511403783 0.015462721174891779 -0.04404830472693809 0.032457530203432262 -0.034320728560437545 0.19128077978247096 0.069005922294745989 0.035642907441307409 0.0075219591117416983 0.029158443575622587 0.10517609185066819 0.028184666097007049 0.10226777168039015 0.056968201465582242 -0.026346019889055508 -0.018416251352145502 -0.0021437752451632973 0.037710653386618297 0.085194757006776978 0.089830327327622028 -0.08080447412202825 0.011413547075954694 -0.012157921636389086 0.0055642396337497865 0.04361718860400176 0.076960652179609707 -0.097517300438880711 0.42252464941627199 -0.022878364052492814 0.95267379216899939 0.64106316484988213 3.4262826310356861e-05 0.078809759945709698 0.54010439035759927 0.9140198893490673 0.18779307676727719 0.0055452661374917516 0.088981392086976488 0.09127641563576834 0.0065432369906900526 0.053576713143244865 0.089366542786605607 -0.026164303313283451 -0.062651668566935326 -0.010826885260218513 -0.060428427381988926 -0.026023177492850699
leaf_weight=26.869379543582909 86.748306491295807 867.31774355389643 154.23253582906909 37.884778165956959 181.40747955429833 1.8850318761542468 109.02425869368017 84.518241640063934 9.4030310448724794 287.97772423736751 1.2396561657078553 134.73316270345822 2.2272848673164836 7.4534873608499757 29.890177670866251 1.4973133332096029 31.814003926701844 61.188727812608704 9.3309767544269544 2.7568002690095446 1.297113684704527 22.931524708401412 96.928802896291018 128.23731122910976 55.65133618330583 4.6483289897441855 123.04200979834422 1.6100342324934924 8.907868003472684 12.086220172233881 210.41027918155305 5.2550795264542112 76.032213008031249 13.509133663028477 8.8758406750857848 14.197330742143096 50.216245071496814 15.926332496106626 72.274018274154514 2.797126740217208 21.087370502296835 15.76278594881296 0.31102872593328257 11.015156962210314 0.18645656504668284 0.304462814121507 45.335944517864846 5.9354302021674803 0.135386596550234 0.16842707572504867 0.20446696202270687 2.5461173637304455 6.3947898838669053 11.920125624164939 188.00120203092229 2.0170552982017389 3.5075589641928664 13.938208516919984 5.4339873809367409 83.085223373025656 1.8849082402884958 66.189287613611668
leaf_count=7305 20681 273225 2426 1629 56557 78 3713 3773 178 4330 31 3872 42 114 349 28 1024 4993 96 191 32 338 1293 1452 769 61 1550 22 115 137 2966 55 1133 691 171 124 608 161 839 33 787 133 10 146 14 20 2620 122 37 22 20 385 113 135 4145 189 120 620 240 833 14 752
internal_value=-0.0182118 -0.0575781 0.00812643 -0.0283829 -0.0715676 -0.0496097 0.0130173 -0.00554096 0.00914831 0.00823723 0.000476116 0.0184127 0.0106275 -0.00838879 0.0310499 0.0227515 -0.0125404 -0.0258417 0.00424978 -0.0623557 0.037864 0.00597501 0.0145525 0.010834 0.00124201 -0.00137135 0.00904351 -0.00131361 -0.0308455 -0.0573988 -0.0104752 0.0051707 0.020848 0.0328411 0.0259006 -0.00880876 0.00484657 0.0470855 0.022795 -0.0603258 0.0542483 -0.0666296 0.0186696 0.0508058 0.169661 0.14182 0.00291302 0.0127288 0.111047 0.204287 0.515812 0.0325347 0.0201756 0.0626927 -0.000500418 -0.0669327 0.00616589 0.0127253 0.00406687 -0.00585329 0.0573974 -0.0187975
internal_weight=3539.6 1418.88 2120.72 250.532 1118.25 250.933 1870.19 300.628 1539.82 1509.33 273.759 424.938 290.205 157.713 330.371 69.5252 150.26 98.4367 1084.39 92.8193 4.05391 1008.87 358.739 335.807 650.13 594.478 277.275 166.604 38.3669 29.459 317.204 106.794 201.913 115.412 101.903 25.8703 86.5012 128.458 169.203 16.9945 30.4904 27.849 68.0279 22.3809 5.43035 5.24389 45.647 16.9506 4.93943 2.25793 0.372894 2.6815 56.611 17.1752 272.519 88.7654 19.4339 51.823 37.248 89.6185 6.53324 75.5203
internal_count=408662 348538 60124 29713 333284 60059 30411 15254 23195 22230 7949 8244 4372 8620 7216 3502 8506 6257 13986 21093 223 13138 4329 3991 8809 8040 3976 1859 407 292 4064 1098 3222 2152 1461 328 1070 3994 2132 157 965 270 3474 844 576 562 2630 268 542 120 42 422 721 190 7918 20870 281 2249 1264 908 75 848
is_linear=0
shrinkage=0.08


Tree=38
num_leaves=63
num_cat=0
split_feature=4 18 3 20 1 4 4 3 0 0 5 4 18 6 13 7 7 17 6 2 5 18 0 6 18 4 9 7 6 0 0 17 3 5 20 9 20 20 18 18 1 18 5 4 6 5 18 5 17 18 6 18 20 20 5 6 18 6 5 4 18 18
split_gain=520.868 157.108 51.8806 29.4713 24.866 73.6678 17.0462 15.9017 12.2974 10.8924 9.38674 9.14255 12.052 15.1197 8.4171 7.31055 6.73608 6.6562 6.61398 6.47188 6.17993 8.26963 7.88662 7.20549 14.5814 11.2057 5.92124 6.90776 5.72166 5.32188 5.26221 5.14756 5.16782 5.09943 5.07199 5.04209 5.8855 6.35106 6.21729 6.79026 5.94514 5.40966 8.82949 5.40863 5.01276 6.05506 5.63484 15.9247 4.92191 5.01433 10.5768 4.87517 7.73649 4.7744 4.76757 8.83695 11.4346 8.2549 8.77352 7.82244 6.39114 6.26178
threshold=64.624765478424024 0.36139516047382814 39.753086419753096 53.678919483456262 0.65450928381962881 47.836488454337434 94.189797449362359 71.516754850088191 15.500000000000002 8.5000000000000018 41.7994771903196 99.779735682819407 0.99683544303797478 0.98186147186147199 0.10263157894736842 1.0000000180025095e-35 1.0000000180025095e-35 0.77913279132791347 0.66912006974506977 0.6527927120669057 96.015873015873026 0.92695630081300828 7.5000000000000009 0.96187226822121419 0.97156334231805941 95.782060785767243 1.0000000180025095e-35 -1.0000000180025095e-35 0.85725316196149548 12.500000000000002 14.500000000000002 0.96225071225071235 67.054263565891475 96.015873015873026 -3.8950611812916089 1.0000000180025095e-35 -43.123055412579028 -20.432788720924314 0.66774891774891787 0.99683544303797478 0.74322344322344336 0.62658634538152624 50.10638297872341 53.073822121441175 0.83828443998280855 81.093535932245615 0.91440781440781449 91.368667518092821 0.46470099667774095 0.92511682242990667 0.96187226822121419 0.98297841518180518 -0.83482931456948239 39.527551732155317 85.973110345958375 0.87241706506222649 0.66774891774891787 0.79232550499217169 74.431524547803633 81.897262842144741 0.86308579668348961 0.83395989974937357
decision_type=2 2 2 2 2 2 2 2 2 2 2 2 2 2 2 2 2 2 2 2 2 2 2 2 2 2 2 2 2 2 2 2 2 2 2 2 2 2 2 2 2 2 2 2 2 2 2 2 2 2 2 2 2 2 2 2 2 2 2 2 2 2
left_child=1 7 3 -2 -3 -6 8 -1 15 11 -9 12 20 33 -5 26 35 19 -11 -16 21 34 23 -23 25 -25 27 44 -13 48 -19 -10 -33 -14 -8 36 38 -38 41 43 -39 -7 -43 -40 46 -46 47 -4 -20 50 -50 -22 -53 -48 55 57 -57 58 -28 60 -58 -56
right_child=2 4 6 14 5 16 9 10 31 18 -12 28 13 -15 17 -17 -18 30 29 -21 51 22 -24 24 -26 -27 54 -29 -30 -31 -32 32 -34 -35 -36 -37 37 40 39 -41 -42 42 -44 -45 45 -47 53 -49 49 -51 -52 52 -54 -55 61 56 59 -59 -60 -61 -62 -63
leaf_value=-0.068422755183565387 -0.066392514390512969 -0.077696199729795593 0.01065941837192849 -0.05045113462999213 -0.077087968764225731 0.12444792874165027 0.061242332363069432 -0.00087249007752323996 -0.027527076657499806 0.13261243381717785 0.19770732994499893 0.021487725157607371 -0.022380995963232602 -0.080981801729840236 0.0050973567407034308 0.053667737967044084 0.18565126948971672 -0.00063504629466751262 0.083335304389095449 0.089130062325355863 0.072027280954756481 0.01157479758013631 0.06769178011875196 -0.16569430911292396 0.071459943269975762 -0.0016416097926674064 -0.0093881459695364378 -0.031247165958535161 0.076897640805436429 0.021321773226411746 -0.076355513314468354 -0.081665985488467929 0.11071584409103524 0.047502665163731105 0.024951833096501702 -0.01966097621795505 0.0074409608848390605 0.043479963914701179 -0.030187843551776412 0.43491209942227521 0.35274147122762456 0.77175164082813963 0.10719580742201731 0.10321379180079485 0.035928950482646708 0.013158544130793356 -0.0038857231369177907 0.093691076366099482 -0.014125741889051953 -0.026128141368960103 0.086402709604730246 -0.1056451852213742 0.067291085031664921 0.10576385607030159 0.062995411215378841 0.19974777480522915 0.021035776432364948 -0.023627960244941053 0.042502517479232234 0.0066664533556473953 0.12011221589932582 -0.021321464563540435
leaf_weight=23.428261792752892 82.806410311372019 802.85486833844334 369.38757809461094 23.850171126658097 167.99097862304188 3.3788622866850342 46.336563603952527 273.84285901056137 77.195900349877775 2.7341323397122315 1.5319595434702922 16.355138793587685 10.674919057637455 13.657369928434489 95.684676758013666 23.391262860503048 1.5428524054586876 12.246463955845686 3.7361484682187429 6.2486680923029772 39.003760434687138 34.200522948056459 10.394183018244801 6.872019683942197 4.280358036980032 4.352468878030777 49.369440499925986 23.380654100328684 44.050293133594096 86.710494607221335 11.28791232453659 1.2160669097211201 3.3703671214170754 17.868922291323543 52.656903274357319 18.078660843428224 37.100876415963285 0.99143364327028283 4.6577512903604639 0.26798136287834484 0.66443431610241532 0.22996697481721629 0.28844344057142735 3.3398722005076706 110.05565322260372 232.92184948595241 200.29658847209066 15.399349123239515 24.279792508110404 51.609794986899942 9.2500413451343757 2.7296948116272688 4.207438748329877 2.5741336503997436 6.0205426616594186 2.4536990169435731 8.3220273512415606 76.645292070694268 36.102999397087842 45.946977633051574 8.34578580688685 88.486530370078981
leaf_count=6845 19319 273225 4855 2405 56557 127 1177 8379 3333 43 30 418 131 152 4831 756 28 624 79 105 1098 519 142 69 85 82 776 298 1823 1505 1226 150 64 392 1126 1545 776 83 624 29 21 44 15 210 2000 3952 2239 247 250 642 128 34 86 57 70 35 84 801 416 478 108 914
internal_value=-0.0173234 -0.0562859 0.00755418 -0.0281142 -0.070958 -0.0482786 0.0119892 -0.00515079 0.00745426 0.0248755 0.000232245 0.0339941 0.0271773 -0.0117554 -0.00688636 0.00934846 0.0203298 0.00139487 0.00914391 0.0102487 0.0351906 0.0277271 0.00431849 -0.00893387 -0.0541718 -0.10208 0.00853583 0.0117008 0.0618951 0.00722132 -0.0369532 -0.0226349 0.0597069 0.0213673 0.0419386 0.0166331 0.029519 0.0142826 0.0780696 0.0387947 0.167574 0.161367 0.401993 0.0255218 0.0127798 0.0204652 0.00829427 0.0139824 -0.0065356 -0.0104794 0.0136075 0.0610367 -0.000757661 -0.00249443 -0.0008501 0.00543133 0.030336 -0.00456453 0.0125301 0.0236972 0.0706446 -0.0159501
internal_weight=3439.16 1340.19 2098.97 232.124 1041.39 238.532 1866.84 298.803 1380.88 485.961 275.375 307.641 247.235 42.2012 149.318 1299.1 70.5411 125.468 178.32 101.933 205.034 159.093 60.0996 49.7054 15.5048 11.2245 1275.71 954.016 60.4054 175.586 23.5344 81.7823 4.58643 28.5438 98.9935 68.9983 50.9196 38.7567 12.1629 8.2656 1.65587 3.89727 0.51841 7.99762 930.635 342.978 587.658 384.787 88.8758 85.1396 33.5298 45.9409 6.93713 202.871 321.693 227.186 65.0685 162.118 85.4724 62.6148 16.6678 94.5071
internal_count=408662 348538 60124 28510 333284 60059 31614 15254 21633 9981 8409 7334 5093 675 9191 18086 3502 6786 2647 4936 4418 3200 897 755 236 151 17330 13648 2241 2604 1850 3547 214 523 2303 3474 1929 880 1049 863 104 186 59 834 13350 5952 7398 5102 1099 1020 378 1218 120 2296 3682 2698 705 1993 1192 670 192 984
is_linear=0
shrinkage=0.08


Tree=39
num_leaves=63
num_cat=0
split_feature=4 18 1 4 2 4 4 1 13 13 17 2 15 3 0 13 10 0 17 20 5 4 20 17 0 17 6 1 1 3 17 0 0 20 0 6 17 20 15 17 17 3 18 0 2 5 13 3 2 5 4 3 4 18 6 2 2 2 17 3 5 20
split_gain=472.351 152.639 45.0997 25.5203 57.0906 21.5541 16.9458 14.5717 10.1695 14.2457 14.1677 11.9353 12.4544 11.0607 9.02843 11.7202 7.70976 7.67337 9.13755 7.65174 7.61691 7.61657 9.13873 7.73223 7.36488 7.30713 6.90126 7.95884 6.70884 9.06838 19.7607 9.57293 8.76271 13.3413 8.05469 6.5882 9.15459 6.84271 6.54341 8.94706 6.19166 6.17303 6.14495 6.06352 7.61495 6.01387 5.7701 5.74099 5.72333 5.68961 5.63342 5.51502 5.47752 6.6299 14.4027 5.19244 5.14558 5.07929 5.05348 5.04696 7.84577 5.5555
threshold=64.624765478424024 0.36139516047382814 0.24357284113381675 54.585502603123757 0.74100014994751839 82.780584230177922 95.782060785767243 0.52223320158102771 0.31414473684210531 0.82085561497326209 0.3504385964912281 0.86957219704561217 1.0000000180025095e-35 80.322580645161295 6.5000000000000009 0.94427244582043357 1.0000000180025095e-35 15.500000000000002 0.40161290322580651 -6.0331825037707345 74.431524547803633 86.027512464708366 12.208419599723948 0.88047619047619052 5.5000000000000009 0.3551971326164875 0.82456124057187907 0.55646630236794181 0.65301003344481623 78.629976580796267 0.74133811230585434 14.500000000000002 12.500000000000002 -20.432788720924314 12.500000000000002 0.8905029937382879 0.33578431372549028 23.886826334350189 1.0000000180025095e-35 0.96490147783251246 0.52440476190476204 16.807909604519782 0.87891006842619757 13.500000000000002 0.91582002419842723 39.108628181253884 0.92582417582417598 76.5331664580726 0.5237483861168073 77.345911949685544 92.340286831812264 63.564213564213567 99.779735682819407 0.98518437225636535 0.98186147186147199 0.82501879699248137 0.65866589550800081 0.87981855778629992 0.62622549019607854 87.026647966339425 99.779735682819393 32.526067122841319
decision_type=2 2 2 2 2 2 2 2 2 2 2 2 2 2 2 2 2 2 2 2 2 2 2 2 2 2 2 2 2 2 2 2 2 2 2 2 2 2 2 2 2 2 2 2 2 2 2 2 2 2 2 2 2 2 2 2 2 2 2 2 2 2
left_child=1 7 5 -3 -5 35 8 -1 19 10 -10 12 21 -13 15 38 -17 -7 -19 58 -14 22 -12 47 52 -21 -6 -28 29 40 31 32 50 -34 -30 -2 48 -38 39 -11 -16 -39 -18 44 -35 -9 49 56 -37 -42 -31 -20 53 57 -55 -27 -23 -8 -4 61 -61 -26
right_child=2 3 6 4 26 17 24 45 9 14 11 13 20 -15 28 16 42 18 51 25 -22 23 -24 -25 59 55 27 -29 34 30 -32 -33 33 43 -36 36 37 41 -40 -41 46 -43 -44 -45 -46 -47 -48 -49 -50 -51 -52 -53 -54 54 -56 -57 -58 -59 -60 60 -62 -63
leaf_value=-0.056431568522212976 -0.066804334072698451 -0.076527612896312769 -0.036813154916774199 -0.078501434242679302 0.005532656936357701 0.017143542650886238 -0.059104789240469698 0.00012011329077915216 0.39972767719063301 -0.073587422097355623 0.045351655018177957 0.10499681978490716 0.2570686113001045 0.021595156172173242 -0.070034005456706919 0.0095476909062401846 0.045017249479668377 0.010342635828481576 -0.047244509163809768 0.35139603372378747 0.066107046609772929 0.038626726365224517 -0.058716280716364172 -0.048718255683696532 -0.021856294311075782 -0.044272667994649205 0.33974839816031366 0.060314520916920578 -0.016062707849971821 -0.0020934414792695396 0.075480722852906329 -0.033932193244316976 0.25101878466992916 0.042210352810771956 0.093395550374711769 0.6660300055980668 0.35268735289632352 0.44655821723980771 -0.088509514083235333 0.089765818802373942 0.17791487433595513 -0.064386547916529036 0.014641546806987401 -0.0080971718288903056 0.21498957281559616 0.12456501071136231 -0.012865382612082222 -0.027827153521329376 0.085143321965405652 0.021253789862037624 0.033070601015138014 0.068018024028300275 0.068127431435456187 0.049506589721202754 -0.077517939852251361 0.066905272666299864 0.1288314686462155 0.05171827129022704 0.042468303070019378 0.021749307761908209 0.085164037976246512 0.01925418291732749
leaf_weight=31.278826147783548 73.26205829216633 789.16138607863104 7.4938957463018623 112.03914195927791 62.186056710430421 48.092293004854582 2.7828174978494635 263.37426904309541 0.68542599503416468 4.5127732884138823 7.3893748417031047 23.22212475258857 1.6298841168172638 18.116115083917975 11.072905317880211 622.25398526247591 79.386635883711278 34.472182091791183 55.083819632185623 0.30917171528562803 7.4341837354004383 10.892183529911572 20.064434083062224 6.441759016364812 32.770189471542835 52.756376657751389 0.72931480058468778 6.1804127884097397 181.81317584309727 115.67399209551513 29.534459087066352 33.060392279177904 2.1731749270111349 6.0915600173175335 4.4068966787308446 0.2249866144265974 0.31405869126319919 0.15932324109599028 11.296007830649614 4.0913725253194571 1.8884117025881986 3.0171308408025652 92.040020321495831 8.3084539975970984 2.2302481289952993 2.5089796964311963 94.331683500204235 4.6660558339208356 0.20976267685182393 6.9225797913968563 38.984538340941072 2.7913795718923202 38.944783975370228 13.491656810976565 9.9083300679922104 2.8328915052115908 6.440193203277885 54.156213133595884 16.419594203587621 97.559531467035413 14.318988054525105 58.760677747428417
leaf_count=7045 19187 288876 90 41257 2991 2067 38 8164 24 34 142 535 31 328 148 7182 2263 1081 4864 13 86 299 1637 90 382 2859 39 121 1965 1212 475 374 39 67 59 39 9 23 88 69 26 539 2382 80 33 45 1286 46 22 68 461 44 1738 349 148 51 96 1723 248 1399 770 816
internal_value=-0.0164605 -0.0549479 0.00702371 -0.0703118 -0.0432309 -0.0274341 0.0110564 -0.00478173 0.00755696 0.00908002 0.0371808 0.034843 0.0134581 0.0684468 0.00685328 0.0121658 0.0136862 -0.00876916 -0.0222639 -0.0202482 0.100445 -0.000648262 -0.0307057 0.0283667 0.0277227 -0.0364498 0.0139604 0.0898085 -0.00120303 0.00531989 0.0142737 0.00552053 0.0130399 0.0646073 -0.0134724 -0.0613944 0.0395787 -0.00353845 -0.0484731 0.00408897 -0.0131855 -0.0387588 0.0287083 0.0402478 0.0885153 0.00129442 -0.00708248 0.0509394 0.385757 0.0548301 0.0067703 -0.0416853 0.0435051 0.0315692 -0.00427981 -0.0386069 0.0721441 0.0463019 0.0176235 0.0184675 0.0298656 0.00453567
internal_weight=3344.65 1267.46 2077.19 970.296 181.135 217.627 1859.56 297.162 1536.87 1457.06 106.982 106.296 64.9581 41.3382 1350.07 813.581 793.681 140.44 92.3474 79.8119 9.06407 55.894 27.4538 28.4402 322.693 55.8984 69.0958 6.90973 536.492 350.272 236.057 206.522 173.462 18.8034 186.22 77.1873 3.92526 3.49051 19.9002 8.60415 114.216 3.17645 171.427 16.6303 8.32181 265.883 103.143 21.9984 0.434749 8.81099 154.659 57.8752 119.284 80.339 23.4 55.5893 17.3324 56.939 23.9135 203.409 111.879 91.5309
internal_count=408662 348538 60124 333284 44408 27875 32249 15254 24886 21625 3314 3290 2427 863 18311 12018 11827 8056 5989 3261 117 2310 1779 531 7363 2923 3151 160 6293 4269 2741 2266 1892 219 2024 19819 632 571 191 103 1528 562 4645 180 100 8209 1380 441 61 94 1673 4908 3996 2258 497 2910 395 1761 338 3367 2169 1198
is_linear=0
shrinkage=0.08


Tree=40
num_leaves=63
num_cat=0
split_feature=4 18 3 3 4 4 9 0 5 2 20 4 4 10 4 8 0 7 18 5 5 18 3 3 13 2 7 18 0 9 18 2 5 4 5 5 4 5 15 2 1 18 4 5 2 13 0 2 2 7 20 7 13 3 4 5 1 20 0 2 4 2
split_gain=410.713 149.583 39.1438 28.9255 79.4643 23.6423 18.7621 14.8425 11.6063 11.8971 9.89285 9.28788 7.66688 7.22269 7.78607 7.16437 7.0294 6.58277 6.17685 6.46888 5.58193 8.40883 5.91632 5.42115 8.73368 8.6727 6.1335 5.77551 5.17186 5.13196 5.10622 7.36355 11.4416 5.69679 5.40997 10.7844 5.23964 5.09354 5.02842 10.1856 7.01177 4.7943 5.18007 6.10073 4.68354 4.66328 4.60921 4.4031 4.39294 4.26947 6.49884 4.07627 6.3279 4.54304 4.15276 7.83948 5.92376 8.06056 5.34335 4.62594 4.38039 5.25124
threshold=64.624765478424024 0.31514294222751643 39.753086419753096 84.889995848899972 47.836488454337434 81.897262842144741 1.0000000180025095e-35 4.5000000000000009 38.901458019105085 0.85212269756387415 -48.495432128708863 93.629319886852798 99.779735682819407 1.0000000180025095e-35 55.825758470074383 1.0000000180025095e-35 9.5000000000000018 1.0000000180025095e-35 0.88258272058823539 96.015873015873026 99.779735682819393 0.96891108247422697 81.892697466467965 71.010186757215635 0.95445134575569368 0.98348348348348369 1.0000000180025095e-35 0.95670914542728647 18.500000000000004 1.0000000180025095e-35 0.71478174603174616 0.89057420536452803 49.186938127974621 56.42598710083373 48.198949644732785 48.394461629105912 53.231608261777687 55.675960637300854 1.0000000180025095e-35 0.97783960431019257 0.9240384615384617 0.79180648769574946 93.629319886852798 85.22532021243363 0.92727671451355687 0.10263157894736842 4.5000000000000009 0.87620421245421254 0.91112278244631195 1.0000000180025095e-35 53.678919483456262 1.0000000180025095e-35 0.47213622291021679 92.422502870264069 87.528801843317993 82.785560344827601 0.74322344322344336 -15.787713430734021 10.500000000000002 0.91997849462365611 81.897262842144741 0.90627507012622732
decision_type=2 2 2 2 2 2 2 2 2 2 2 2 2 2 2 2 2 2 2 2 2 2 2 2 2 2 2 2 2 2 2 2 2 2 2 2 2 2 2 2 2 2 2 2 2 2 2 2 2 2 2 2 2 2 2 2 2 2 2 2 2 2
left_child=1 8 5 -3 -5 49 7 11 9 -1 -10 23 28 17 46 20 -12 30 -13 -20 41 -22 -23 -4 27 47 -27 38 -8 45 31 32 -6 34 36 -36 -33 -35 39 40 -25 42 43 -9 48 -7 -15 -26 -37 -2 -51 54 53 -53 56 -56 57 58 -43 -60 61 -59
right_child=2 3 6 4 13 29 12 15 10 -11 16 18 -14 14 -16 -17 -18 -19 19 -21 21 22 -24 24 25 26 -28 -29 -30 -31 -32 33 -34 37 35 44 -38 -39 -40 -41 -42 51 -44 -45 -46 -47 -48 -49 -50 50 -52 52 -54 -55 55 -57 -58 60 59 -61 -62 -63
leaf_value=-0.067780478351816428 -0.067836852206075035 -0.078159279019724068 0.08431049719371822 -0.075832739169220162 -0.020288463320819541 -0.041407538788037372 -0.0057601638045626158 0.0101735543522617 0.80466351651757817 0.00034816640242382285 0.25281235645737704 0.067888637310166228 0.078921447508208717 0.12046769441979066 0.038151487134797171 -0.058402231353206817 -0.08806778459354897 0.17765865070750397 0.014928247235009596 0.052679506415775283 -0.23595344812016902 0.0094693355836380812 0.084854419280552221 -0.077279024268461477 -0.13576891408836736 0.011925595040311279 0.085373078069232888 0.055324166101442779 -0.060262663485761925 -0.048048850364014774 -0.0089397599380610249 -0.037114268178088931 0.55560229713402165 -0.025150716190037829 0.73019125558773457 0.96117637987317173 0.18605413331680279 0.083977186882269919 -0.091259461797349464 0.094812820550333937 0.099796425719511875 0.0081915430543845775 0.058049107033117664 0.10456815107403207 0.10100302773526261 0.0027614607470813684 0.32985468132285761 0.046619652882786279 0.18001376990778081 0.0047317483631348391 0.51339621460135898 -0.076017386530172079 0.084292322715673884 0.09655780804274787 0.046809579566858849 0.0039390431602406625 -0.039165582915809981 -0.045155164810980052 0.044505159974368644 0.16149285815796799 -0.001956000076014386 0.045539571238268045
leaf_weight=17.496448312536813 68.142864200402983 654.93910790374503 7.5709468768909565 182.74041878682328 0.446719214553016 17.660581393400207 390.5657184778247 123.43772603920661 0.15603093290701497 262.84309016552288 1.1679961819900189 38.200774072669446 6.7081484706141046 2.1091845696792002 8.1090995995327813 10.686388019705189 0.57913297507911909 1.4684319519437838 68.600577003322542 50.387327989563346 0.67473014257848518 12.393375492654741 14.40974137140438 10.215072972700002 0.8574494831264009 319.18421358056366 7.4464664757251731 4.6631469558924428 11.470022691180928 18.583883937331848 45.23014430643525 2.4669506237842174 0.43657054274808615 11.202897842274977 0.20621614833362434 0.080646077170968389 0.92606573645025481 3.6224544574506572 8.5602332018315792 4.0227605756372222 1.664349203929304 37.475340386852622 19.236681970302016 4.5432349964976302 2.5046889843652025 114.35692604747601 0.98800919950008381 70.298614179715514 0.10747446562163532 1.0922136564040545 0.18849295785184939 3.5214956596028051 9.3388318333309126 1.350735096260905 29.272583379875869 404.94385836832225 31.091319866478443 34.948082427959889 13.198881715536116 2.5872474741190663 79.169821170391515 4.6267214408144346
leaf_count=4782 19280 259987 236 71063 52 1458 4682 2315 6 7785 19 1516 182 29 122 224 106 27 1784 2069 9 246 824 111 8 5440 382 76 751 2029 2965 310 34 164 16 21 55 57 74 105 33 369 327 63 222 5364 30 1344 24 263 32 63 266 33 350 4611 249 1735 157 38 935 59
internal_value=-0.0162992 -0.0534984 0.00539499 -0.0691645 -0.0467348 -0.0264928 0.00921365 0.0135379 -0.00256719 -0.00390385 0.194326 0.0232361 -0.00589983 0.0198108 0.0793628 0.00668156 0.139818 0.0100966 0.0399002 0.0309146 0.00752336 0.0429758 0.0499974 0.0172072 0.0160172 0.0191134 0.0136 -0.0262698 -0.00731511 -0.00868799 0.00643681 0.0380488 0.264349 0.0285832 0.0923642 0.172617 0.0237957 0.0015138 -0.0418237 -0.0152121 -0.0524701 0.00630374 0.0193425 0.0135245 0.129918 -0.00314723 0.187262 0.0444218 0.514893 -0.065117 0.0795964 0.00335753 0.0457335 -0.0281741 0.00241262 0.00682915 -0.00702979 -0.00122102 0.0246373 0.0636787 -0.0128195 -0.034552
internal_weight=3257.18 1199.83 2057.35 917.585 262.646 220.025 1837.32 1428.58 282.243 280.34 1.90316 591.672 408.744 79.9056 11.2063 836.907 1.74713 68.6993 157.189 118.988 826.22 27.4778 26.8031 434.483 426.912 397.787 326.631 29.1256 402.036 150.601 67.2308 22.0007 0.88329 21.1174 6.29204 2.89903 3.39302 14.8254 24.4624 15.9022 11.8794 798.743 147.218 127.981 2.69281 132.018 3.09719 71.1561 0.188121 69.4236 1.28071 651.525 14.2111 4.87223 637.314 434.216 203.097 172.006 53.2615 15.7861 118.745 39.5748
internal_count=407968 347876 60092 335178 75191 28426 31666 26051 12698 12567 131 13178 5615 4128 181 12873 125 3947 5369 3853 12649 1079 1070 7809 7573 7174 5822 399 5433 8851 3920 955 86 869 648 283 365 221 323 249 144 11570 2705 2378 267 6822 59 1352 45 19575 295 8865 362 96 8503 4961 3542 3293 564 195 2729 1794
is_linear=0
shrinkage=0.08


Tree=41
num_leaves=63
num_cat=0
split_feature=4 18 1 3 4 4 6 9 0 3 5 17 3 3 13 15 1 9 6 4 0 7 10 9 20 6 4 6 0 17 20 8 1 1 6 0 13 17 1 13 13 7 1 18 1 4 18 6 5 18 7 0 10 18 20 18 18 0 6 6 3 18
split_gain=372.236 144.326 34.1296 29.4846 80.6199 19.5507 15.6366 12.9125 12.955 10.0138 10.8685 9.06152 9.82062 8.53679 15.7618 10.5412 8.51026 8.40877 8.32882 17.1251 9.13032 8.14344 8.15447 7.86041 7.80871 7.57539 7.44488 7.3469 6.87798 8.54653 6.43906 5.65859 5.5151 6.43471 5.39607 5.2434 5.14595 10.4323 5.08905 6.18983 4.83478 4.78099 4.75394 5.07687 4.65471 4.64913 5.69932 9.8005 8.67873 7.49988 4.61924 4.57788 4.50352 5.49375 7.27563 4.46301 9.23822 4.92428 5.17293 4.33265 6.81072 11.0605
threshold=64.624765478424024 0.31514294222751643 0.26598639455782319 77.032967032967051 47.836488454337434 79.495142538620811 0.99912280701754397 1.0000000180025095e-35 5.5000000000000009 71.516754850088191 32.337877436616132 0.97100840336134464 92.907444668008068 69.282051282051285 0.95445134575569368 1.0000000180025095e-35 0.8765243902439025 1.0000000180025095e-35 0.73439102547172108 57.078215901745324 6.5000000000000009 1.0000000180025095e-35 1.0000000180025095e-35 1.0000000180025095e-35 -38.058965450685186 0.82456124057187907 99.779735682819407 0.84198324994625262 13.500000000000002 0.47673160173160178 31.578947368421055 1.0000000180025095e-35 0.95060975609756104 0.85857142857142865 0.5407832576340732 1.0000000180025095e-35 0.78416149068322993 0.96490147783251246 0.8021739130434784 0.51732377538829166 0.57518796992481214 -1.0000000180025095e-35 0.8190909090909092 0.7003937007874016 0.61200716845878145 57.977103885032285 0.75088652482269513 0.68487717678577908 54.589800443458991 0.702836499866203 1.0000000180025095e-35 24.500000000000004 1.0000000180025095e-35 0.57194616977225687 -61.662348877374775 0.98843892007484635 0.97379862700228847 9.5000000000000018 0.79232550499217169 0.86408966659301212 16.807909604519782 0.96680440771349874
decision_type=2 2 2 2 2 2 2 2 2 2 2 2 2 2 2 2 2 2 2 2 2 2 2 2 2 2 2 2 2 2 2 2 2 2 2 2 2 2 2 2 2 2 2 2 2 2 2 2 2 2 2 2 2 2 2 2 2 2 2 2 2 2
left_child=1 9 5 -3 52 59 7 8 13 -1 -11 31 -13 -4 15 16 38 28 23 20 -20 22 35 45 -12 -22 55 42 -7 51 -31 50 33 -17 -25 -16 -18 -38 39 -15 -32 -21 -24 -44 -37 46 47 48 -6 -49 -10 -30 -5 54 -54 56 -9 58 -58 -2 61 -61
right_child=2 3 6 4 18 17 -8 26 11 10 24 12 -14 14 21 32 36 -19 19 41 25 -23 27 34 -26 -27 -28 -29 29 30 40 -33 -34 -35 -36 44 37 -39 -40 -41 -42 -43 43 -45 -46 -47 -48 49 -50 -51 -52 -53 53 -55 -56 -57 57 -59 -60 60 -62 -63
leaf_value=-0.063208975065226686 -0.070005722403606821 -0.078884139910464543 0.078812717320011952 -0.076884256284161595 0.038226450015806289 0.027568148250905311 0.061854858729286394 -0.0064280295152175987 0.0024832731119046767 -0.00095379826877224519 0.1958230334351351 0.00047369052483976651 0.088418838464011509 -0.053239590868503148 0.0088972232394758464 -0.0042835346491835943 0.082027762617624525 -0.056546030141078979 0.19084758013383546 0.053471692550289412 0.31073276933286009 0.085004137866359755 0.072512809699902508 0.23362021695612217 -0.0026061598376059592 0.9424704447934148 0.081003793876677763 0.046181158876385332 0.028361932559002323 0.066257225840009606 -0.043703020596048907 -0.060106506396301808 0.043752579571544818 -0.12734414836599164 -0.051065705547859448 -0.099681757044048386 -0.142658672334218 0.062494427847995866 -0.090767465818096124 0.074430547733937286 0.11602410303472729 -0.10760920582557734 0.074949276532732964 -0.010851204453506829 0.034328712620107921 0.0004686179963293684 0.0052555120099796069 0.53090576495872455 0.25301720478425899 0.058917992089089169 0.0512385203060476 -0.025768188374385024 -0.081880182793811804 -0.08035914586771295 0.44394363674154896 -0.031675261470327995 0.15749348676634548 -0.016010931727973098 0.046147226456038803 0.085625472707691386 -0.022858857531408202 1.0460244828962033
leaf_weight=16.322746490011923 55.124648009426892 572.9341076790588 15.410338369198142 194.4586401929264 9.7105864728800935 35.633903501671739 34.703180748969316 339.89722071599681 708.95149595185649 259.68649018323049 3.1232941751368344 15.802503739250822 16.729266200214624 6.0543846916407364 279.51603634655476 3.6713950335979488 9.1892602760344761 21.500858449027874 1.510586817050352 11.74783747224137 0.27763467794284213 12.993459994904695 6.5790224270895115 0.43783129518851893 2.1381657609017557 0.21599068964133039 6.3497432749718419 119.19910799060017 33.525817802292295 3.8942256188020101 54.480279079638422 9.1104719201102835 2.0910346768796435 10.487255167216061 15.922419442213139 1.6927274391055096 2.436302224174141 4.5472021661698818 6.986886501312255 4.0603673066943884 1.2404418308287848 1.3108431906439353 5.0111367087811223 37.016148807480931 82.769165294244885 33.116770943626761 10.789967690012416 0.53301639319397587 1.3743324845563627 0.36165667627938092 12.65883453725837 14.249081886140628 0.2866498522926122 0.80082350643351674 0.40828253451036178 39.935284497914836 3.7511369162239161 4.8781930902041486 9.267911631613968 0.33669942663982411 6.0242613620939665 0.099402901367284358
leaf_count=5564 17169 247657 449 82157 610 1276 1699 4338 9269 7027 78 213 462 65 4005 43 293 2612 59 202 36 745 121 25 29 17 176 4758 1061 72 5266 203 27 90 2125 15 20 92 73 77 24 15 170 675 1212 490 1405 25 49 24 325 667 32 218 32 503 51 105 108 61 1484 18
internal_value=-0.01545 -0.0521125 0.00501391 -0.0684455 -0.0473322 -0.0242922 0.00867137 0.00763277 0.0113323 -0.00239411 0.00135254 0.00438676 0.045699 0.020027 0.0185026 -0.024708 0.00108462 -0.00989976 0.0166063 0.0707198 0.288456 0.0224308 0.0209019 0.00532403 0.115185 0.587156 -0.00493743 0.0354919 -0.0028874 -0.0129931 -0.0331966 0.00254754 -0.0775233 -0.095434 -0.043447 0.0141754 0.0426884 -0.00907637 -0.0382595 -0.00198894 -0.0401472 0.0373022 0.00927811 -0.000620757 0.031643 0.0196013 0.0474286 0.0854136 0.0648567 0.340113 0.00333856 0.0122174 -0.0758206 0.0624634 0.227049 -0.00630948 -0.00347827 0.0525424 0.0782291 -0.0627416 -0.000758443 0.304534
internal_weight=3175.32 1137.47 2037.86 856.198 283.264 226.11 1811.75 1777.04 1372.96 281.271 264.948 763.253 32.5318 609.711 594.301 49.5241 33.2744 164.525 87.3095 15.0629 2.00421 544.777 531.783 72.2466 5.26146 0.493625 404.079 167.805 143.024 107.39 59.6149 730.721 16.2497 14.1587 16.3603 363.978 16.1728 6.9835 17.1016 10.1148 55.7207 13.0587 48.6063 42.0273 84.4619 55.8863 22.7696 11.9796 11.0849 0.894673 721.61 47.7749 195.954 1.49576 0.694932 397.73 357.794 17.8972 13.019 61.585 6.46036 0.436102
internal_count=407968 347876 60092 335178 87521 29710 30382 28683 23402 12698 7134 10472 675 12930 12481 780 620 10978 5082 329 112 11701 10956 4753 107 53 5281 5724 8366 7090 5362 9797 160 133 2150 5232 405 112 215 142 5290 217 966 845 1227 2603 2113 708 659 49 9594 1728 82439 282 64 5105 4602 264 159 18732 1563 79
is_linear=0
shrinkage=0.08


Tree=42
num_leaves=63
num_cat=0
split_feature=5 18 5 2 3 20 1 9 0 10 7 17 13 15 20 2 17 7 3 18 5 20 5 20 3 0 1 17 3 2 8 3 2 3 3 13 5 3 13 2 20 13 1 13 9 0 17 18 20 20 18 20 18 20 3 18 5 5 20 18 5 2
split_gain=304.412 154.007 30.4421 67.1308 27.5556 20.2916 18.5535 13.4019 12.5941 11.228 8.73489 6.91746 7.02469 12.8029 9.10173 8.93884 8.4685 7.30638 6.71141 6.68114 10.6137 6.43538 9.7981 6.40278 7.45988 6.54155 6.35468 6.01126 12.4141 5.97066 5.7927 5.40865 5.36809 5.73956 11.2378 7.5674 5.35194 6.84621 5.17905 4.87882 7.5224 4.8702 5.31911 4.77151 4.75409 4.44667 4.09487 3.94047 4.15661 5.55541 7.4022 10.4445 6.2027 4.72884 4.73126 3.90841 14.74 3.89958 3.8585 3.78493 5.51559 3.77357
threshold=60.499014420583059 0.44484995944849964 47.76723669103874 0.68094111207701469 37.884436160298236 55.767878394460688 0.60208333333333341 1.0000000180025095e-35 4.5000000000000009 1.0000000180025095e-35 1.0000000180025095e-35 0.9294019933554819 0.95445134575569368 1.0000000180025095e-35 -1.5384615384615363 0.86957219704561217 0.96362433862433872 1.0000000180025095e-35 90.366769774635458 0.83796653796653808 85.973110345958375 -62.631812631812622 1.0000000180025095e-35 -49.55810546297149 96.076923076923094 7.5000000000000009 0.9240384615384617 0.97100840336134464 92.907444668008068 0.98348348348348369 1.0000000180025095e-35 95.101959216313489 0.87620421245421254 88.2734912146677 96.076923076923094 0.78416149068322993 99.779735682819393 84.292763157894754 0.39444444444444449 0.69404997176736327 -12.199924609791777 0.90454545454545465 0.84924242424242435 0.74179894179894201 1.0000000180025095e-35 18.500000000000004 0.79008567931456553 0.64308462238398556 -14.041825241225544 -8.7287157287157218 0.80972058244785527 -9.2592592592592613 0.80972058244785527 -16.666666666666664 98.386677075201689 0.74203692432542112 77.345911949685544 93.528759082286413 -13.606374056471902 0.7003937007874016 82.785560344827601 0.6860928362573101
decision_type=2 2 2 2 2 2 2 2 2 2 2 2 2 2 2 2 2 2 2 2 2 2 2 2 2 2 2 2 2 2 2 2 2 2 2 2 2 2 2 2 2 2 2 2 2 2 2 2 2 2 2 2 2 2 2 2 2 2 2 2 2 2
left_child=1 6 -3 -4 5 -2 39 8 11 10 18 32 13 26 17 -16 -15 19 29 20 47 22 -8 24 -23 -25 43 30 38 -5 36 -18 -6 -34 35 -35 -10 -38 -29 -1 -41 -37 -43 -13 61 55 -27 -14 53 50 51 -50 -51 54 -49 56 -9 -28 -36 -58 -61 -7
right_child=4 2 3 9 7 44 21 45 27 -11 -12 12 14 16 15 -17 31 -19 -20 -21 -22 23 -24 25 -26 46 57 28 -30 -31 -32 -33 33 34 58 41 37 -39 -40 40 -42 42 -44 -45 -46 -47 -48 48 49 52 -52 -53 -54 -55 -56 -57 59 -59 -60 60 -62 -63
leaf_value=-0.06885462144677533 -0.06124499559035064 -0.077523921090483436 -0.077793148670415688 -0.045927436321903992 -0.026396829232653757 -0.0031314561622936715 0.0037024390422901112 -0.013969503719326856 0.0032464659773576363 0.073122080042560864 0.16630169044159657 -0.11944879859745862 0.06669080343433105 -0.19038283877056128 -0.26298605240018719 0.057637505698232908 -0.072808157854730077 0.084532590323265586 0.0061359160115296782 0.0077288697797052164 0.085462334243970622 -0.055535849484283507 -0.063562241649371937 0.006380735162606968 0.18415354928559574 0.095564885842275002 0.095436837329887989 -0.075825638537724463 0.086707356388930554 0.39650872070792181 -0.059551123872996749 0.07627914793373719 0.087658496873909308 0.093639375606883415 0.028734502514456361 -0.12608524424047579 -8.364882891622748e-06 0.084290532962593132 0.017013387282967106 -0.03677724004301882 0.061330201669413616 -0.096069800330011224 0.020294976566026253 0.03535441460284168 -0.050054681669530733 -0.054767566824980747 -0.070225743771150484 0.12080264887874741 -0.038762946091080712 0.07823443677793003 0.073231216766710294 -0.2514753280404568 -0.093980463955657623 0.072470565033859374 0.0090079284497566556 -0.0066421744718585139 0.12540333396092015 -0.017193714483328047 0.087792437457075295 0.0022497378571645814 0.15092335145211486 0.079137273705024269
leaf_weight=24.840378687193152 62.964055186952464 540.64250580669614 151.90622806415195 25.481284995214086 6.394644843414425 111.27836027223384 224.84104106540326 29.842064095195383 730.35984415700659 13.764976080157792 1.8758922212291498 2.6280613970011482 10.243006289005278 3.3187855612486592 0.56344842910766502 45.169266059063375 7.5077635608613491 9.7277540080249292 61.679287340259179 281.30903462506831 18.886770211160183 1.1144077328499395 14.769943531020543 36.90762904076837 3.2680279932683334 9.2441436343360674 7.345948829315601 4.9770146394148496 17.213792162481695 0.19671669858507712 9.1505910386331362 1.9649498797953127 18.950266071595252 3.4640630912035713 11.263014147989454 3.1426103524863711 12.635613413061947 12.041703405790031 16.917317059822381 42.29178803996183 5.6727990274084723 3.5756744872778663 8.4677643133327347 2.4738502930849791 13.882683284115044 11.222269767662508 1.0631047508213658 2.5550338234752408 11.851913601160051 6.247679127380251 3.0201965514570466 1.6877147573977733 1.7034511007368562 11.153721032664178 46.806989312171936 334.49710369913373 7.1468342626467329 2.6869854675605893 19.064388629980385 5.5743901780806482 2.2382203307934105 3.6865274962037793
leaf_count=8424 18323 248618 69409 4777 92 5489 3938 394 11092 506 82 33 215 18 3 2008 76 602 2536 5591 526 310 4002 785 284 165 219 201 532 8 229 29 586 111 184 25 261 771 256 6482 207 62 195 46 1613 899 64 45 207 206 61 23 37 240 757 4202 104 82 552 69 43 62
internal_value=-0.0146323 -0.0470569 -0.0667784 -0.0439875 0.00476023 -0.0240228 -0.0039559 0.00792047 0.0116801 0.00587056 -0.00450356 0.0209692 0.0174448 -0.021491 0.0198561 0.0536873 -0.0804113 0.0160377 -0.0081714 0.0143529 0.030676 0.00507484 -0.000443846 0.0307029 0.123203 0.0221171 0.0283067 0.0052833 0.0358748 -0.042538 0.00371775 -0.0418826 0.0436769 0.0502736 0.0358087 -0.0130576 0.00448453 0.0411267 -0.00409076 -0.0400774 -0.025174 -0.037396 -0.0142535 -0.0443867 -0.00583336 -0.00513854 0.078465 0.0198148 0.0141677 -0.0136253 -0.0400162 -0.0652775 0.0413391 0.0254249 0.0147945 -0.00367017 0.0185194 0.0652725 0.0658595 0.0833305 0.044843 -0.000493382
internal_weight=3098.36 1159.56 795.547 254.904 1938.8 191.812 364.013 1746.99 1356.47 102.998 89.2332 553.175 478.852 27.9263 450.926 45.7327 12.7915 405.193 87.3573 395.466 114.156 291.208 239.611 51.5973 4.38244 47.2149 15.1348 803.296 39.1081 25.678 764.188 9.47271 74.3224 67.9278 48.9775 18.6501 755.037 24.6773 21.8943 72.805 47.9646 15.186 12.0434 5.10191 128.848 390.521 10.3072 95.2697 85.0267 24.511 16.5598 13.5396 7.95113 60.5157 49.362 379.299 44.8015 10.0329 30.3274 14.9594 7.81261 114.965
internal_count=407968 350597 325936 77318 57371 25487 24661 31884 26173 7909 7403 12831 11024 503 10521 2011 123 8510 7321 7908 2317 9548 7940 1608 594 1014 380 13342 989 4785 12353 105 1807 1715 1129 393 12124 1032 457 15113 6689 282 257 79 7164 5711 229 1791 1576 534 291 230 243 1042 802 4812 610 301 736 216 112 5551
is_linear=0
shrinkage=0.08


Tree=43
num_leaves=63
num_cat=0
split_feature=4 20 3 4 3 20 4 9 10 0 0 9 4 6 6 5 7 2 20 13 2 13 2 7 2 2 1 5 6 0 6 3 0 13 6 8 13 5 3 0 6 5 20 13 10 20 6 20 6 6 5 5 13 0 2 3 20 6 4 6 3 6
split_gain=305.103 127.676 33.0606 66.0859 29.7463 22.9733 12.5226 9.49793 8.32136 8.08628 7.57029 7.11418 6.45895 7.27093 8.67139 6.77404 6.07239 5.00702 5.00246 7.91684 7.83146 7.00067 8.26623 6.85453 6.82377 4.58788 5.35139 4.56194 5.38731 4.48454 5.23149 7.96501 9.54446 5.7853 4.47195 4.45604 4.39835 9.97407 4.06656 5.47287 5.22431 4.42535 9.65333 4.04296 3.95067 7.0944 15.7888 7.13195 4.89437 5.43166 5.47806 3.86094 3.84423 7.9229 7.4148 6.01141 5.32402 10.5283 3.89195 11.3841 3.77717 4.80362
threshold=63.182720953326715 -78.547459252157225 84.889995848899972 45.951696377228295 37.884436160298236 55.767878394460688 96.884704968944121 1.0000000180025095e-35 1.0000000180025095e-35 4.5000000000000009 8.5000000000000018 1.0000000180025095e-35 57.078215901745324 0.68487717678577908 0.66140972197871195 54.589800443458991 1.0000000180025095e-35 0.94785328624203313 8.7044279785094059 0.95445134575569368 0.89057420536452803 0.78416149068322993 0.95557280883367857 1.0000000180025095e-35 0.98348348348348369 0.92500871080139391 0.95060975609756104 89.099909990999109 0.99912280701754397 8.5000000000000018 0.79232550499217169 88.2734912146677 7.5000000000000009 0.82555780933062894 0.72882406540181444 1.0000000180025095e-35 0.62828947368421062 47.921466973886332 98.386677075201689 2.5000000000000004 0.68055806510240013 92.071349992142089 -1.5384615384615363 0.10263157894736842 1.0000000180025095e-35 -3.3042687087724611 0.94091693330823767 -6.0331825037707345 0.84198324994625262 0.78182490796207949 81.900656814449931 82.785560344827601 0.14550264550264555 13.500000000000002 0.37492690058479533 14.724480578139117 69.946473775156463 0.85725316196149548 83.587919776119421 0.87241706506222649 95.282599020916791 0.7477534634180607
decision_type=2 2 2 2 2 2 2 2 2 2 2 2 2 2 2 2 2 2 2 2 2 2 2 2 2 2 2 2 2 2 2 2 2 2 2 2 2 2 2 2 2 2 2 2 2 2 2 2 2 2 2 2 2 2 2 2 2 2 2 2 2 2
left_child=1 -1 17 8 5 -2 7 9 -4 18 27 12 13 14 15 16 -5 -3 19 21 -20 22 -6 24 38 -23 -27 -8 -29 30 31 -9 60 -32 -13 -11 -19 -38 39 41 -41 -21 -43 -7 -26 47 -47 48 49 50 -46 -34 53 56 55 -55 57 -45 59 -56 61 -33
right_child=4 2 3 11 6 43 10 29 -10 35 -12 34 -14 -15 -16 -17 -18 36 20 23 -22 25 -24 -25 44 26 -28 28 -30 -31 33 32 51 -35 -36 -37 37 -39 -40 40 -42 42 -44 52 45 46 -48 -49 -50 -51 -52 -53 -54 54 58 -57 -58 -59 -60 -61 -62 -63
leaf_value=0.0003020198556506881 -0.062178431649409616 -0.077510728022338451 -0.074472683848525456 0.044412648364479522 -0.030201623053911924 -0.039038216129529568 0.086654718446121992 -0.038039918139372561 0.10483654969528353 0.0035493503062525534 0.0082136562055269528 -0.043938105446247787 0.01063632897016765 0.15755902480728179 -0.076772717339377197 0.23122220099759103 0.51549032215358237 -0.018211486341541516 -0.049128568103626764 0.068481121195531416 0.092188169320211164 0.072405708705012575 0.092496903528732327 0.084272982560792617 0.0064516631771542807 -0.082828473067337621 0.033832181296439189 0.025970796215128555 0.074695403852667888 -0.021937542457837932 0.07750482278055458 0.021955977667788212 0.070727252663381576 -0.010043819597423913 0.050968986401589381 -0.052330057169766499 0.0056903087043517963 0.7773959427432936 0.063219785726463695 -0.067477573358453322 0.018216610955159685 -0.24952917985857626 0.04000069677489166 0.1319925019553079 0.053862325997726716 -0.33053044479470389 0.044406886099548785 0.068425004429402109 0.032208378336023594 -0.05224767872060293 -0.036164068740005682 0.1874377112882544 -0.0044708400183573827 0.029395444906822252 -0.023473496098249953 0.46042273796784727 0.10439901270401789 0.82833792703595788 -0.029562757086663224 0.73314864185008133 0.0097538549096701094 0.18623132663983363
leaf_weight=245.51130756479688 69.927435236109886 528.2872553516645 146.5952382311807 13.904738581040878 8.5390425361692888 19.392025705252308 11.551700071431695 14.556253436487166 1.6753440748434503 704.39369812374935 90.58662071544677 15.604785873205403 38.419499910436571 4.3340220020618281 3.2254355405457309 1.4627966575790186 0.1773614492267378 1.4724184342194337 3.1989292036741963 19.600663652643565 11.650004152208565 1.7238315939903284 5.9714910862967363 9.6024546101689321 272.1101194396615 15.606655592098834 3.0002854336053124 90.8129868414253 17.287621218711138 88.022102837625425 4.945643240120261 3.0519246421754351 6.0517897363752109 207.78197481483221 3.9898754323367021 9.2532272799871844 0.32602485828101624 0.15969117172062397 26.283154681324959 5.8365526841953423 20.705150274559855 0.92676419205963601 3.5994615629315367 0.39208011957816702 10.977970356121665 1.144238339737057 1.9332807529717682 22.187991810962558 50.872834324836731 11.321195391938089 7.1388179734349242 2.5906245782971382 99.580382623011246 0.42772912327200074 0.49072967865504136 0.4014408434741199 1.776082769734785 0.21524560730904341 7.4626488657668233 0.17183312308043242 54.77898370474577 1.8177195228636263
leaf_count=5106 22285 262366 69986 1683 99 2023 441 192 231 11730 1714 2511 520 386 499 58 4 342 53 431 435 26 191 636 3562 141 47 2528 1054 3077 72 29 69 1847 113 238 147 9 553 65 463 17 104 37 234 30 90 1005 2049 187 124 31 4923 19 102 28 37 20 435 22 486 26
internal_value=-0.0138296 -0.049851 -0.0660603 -0.0406859 0.00407987 -0.0251876 0.0072974 0.00490122 -0.0724466 0.0083348 0.0256606 0.0173672 0.0307375 0.064163 0.0425981 0.0673665 0.0503458 -0.0770374 0.015986 0.0146246 0.0617441 -0.0221548 0.0202923 0.0173849 0.0159721 -0.0524502 -0.0640175 0.0388693 0.0337629 -0.00608681 -0.00136647 0.0156881 0.0271403 -0.00800843 -0.0246131 0.00282481 0.050652 0.259408 0.0376854 0.0244401 -0.000627644 0.0520167 -0.0192818 -0.00533742 0.0115481 0.0246837 -0.0949969 0.0282771 0.0171852 -0.00877696 0.0183879 0.105712 0.000554557 0.0446929 0.0101905 0.238076 0.174317 0.378788 -0.0130651 0.172754 0.0157561 0.083276
internal_weight=3026.8 1005.15 759.634 229.389 2021.65 200.238 1821.41 1611.17 148.271 1227.58 210.239 81.1185 61.5239 23.1044 18.7703 15.5449 14.0821 530.245 513.931 499.082 14.8489 34.8413 14.5105 464.241 454.638 20.3308 18.6069 119.652 108.101 383.597 295.575 82.8473 68.291 212.728 19.5947 713.647 1.95813 0.485716 76.9517 50.6686 26.5417 24.1269 4.52623 130.31 377.686 105.576 3.07752 102.499 80.3108 29.438 18.1168 8.64241 110.918 11.3378 8.95438 0.82917 2.38341 0.607326 8.12521 0.662563 59.6486 4.86964
internal_count=407968 343961 338855 75991 64007 29931 34076 28339 70217 22510 5737 5774 3150 2630 2244 1745 1687 262864 10542 10054 488 504 290 9550 8914 214 188 4023 3582 5829 2752 833 641 1919 2624 11968 498 156 1633 1080 528 552 121 7646 7281 3719 120 3599 2594 545 358 100 5623 700 606 47 94 57 559 124 541 55
is_linear=0
shrinkage=0.08


Tree=44
num_leaves=63
num_cat=0
split_feature=5 18 3 1 5 2 5 10 5 0 17 2 10 9 18 20 18 10 7 0 0 0 20 18 18 5 0 20 5 2 1 3 17 17 0 0 0 0 0 2 18 1 17 2 2 18 3 20 17 0 17 3 2 20 0 3 0 2 2 14 5 18
split_gain=246.878 146.763 23.7955 22.7199 22.6407 50.5664 16.9532 10.9129 10.6493 8.61989 7.42111 8.08775 7.21755 7.09279 6.94147 6.93112 6.59274 7.19927 6.53018 6.44392 8.26661 6.97753 8.51783 6.19888 8.42932 6.39879 6.05884 6.02249 5.69301 5.42816 9.00103 5.30798 12.0973 10.5234 9.48936 12.8717 14.2824 10.3686 9.45134 9.3211 7.33408 5.1696 5.90087 5.10784 5.09421 5.02464 4.95925 4.93683 5.35297 4.75125 6.74791 6.81216 4.71709 4.66059 4.60515 4.59905 4.5096 4.84341 7.35221 6.46413 5.7897 5.10885
threshold=59.656494176618025 0.51690154256332133 78.629976580796267 0.26598639455782319 48.082177385456077 0.68335142482739741 73.441913841807931 1.0000000180025095e-35 99.779735682819393 5.5000000000000009 0.97467948717948727 0.93328658251519414 1.0000000180025095e-35 1.0000000180025095e-35 0.96566460359563822 -13.606374056471902 0.61964176362522971 1.0000000180025095e-35 1.0000000180025095e-35 12.500000000000002 8.5000000000000018 7.5000000000000009 0.8839342188488325 0.98843892007484635 0.97379862700228847 96.881944444444457 6.5000000000000009 -21.212121212121211 89.86145693672988 0.87620421245421254 0.78647416413373872 90.366769774635458 0.3504385964912281 0.65571120689655182 14.500000000000002 12.500000000000002 13.500000000000002 8.5000000000000018 7.5000000000000009 0.89370913062596646 0.99683544303797478 0.35339366515837106 0.65751879699248128 0.86530166262309127 0.88668052668052677 0.93725393700787418 69.282051282051285 -20.432788720924314 0.77459677419354855 12.500000000000002 0.5865817091454274 49.151567443198168 0.38569902319902322 -46.607289459113723 11.500000000000002 52.479508196721319 7.5000000000000009 0.82030363155363162 0.68094111207701469 1.0000000180025095e-35 39.108628181253884 0.37810002049600333
decision_type=2 2 2 2 2 2 2 2 2 2 2 2 2 2 2 2 2 2 2 2 2 2 2 2 2 2 2 2 2 2 2 2 2 2 2 2 2 2 2 2 2 2 2 2 2 2 2 2 2 2 2 2 2 2 2 2 2 2 2 2 2 2
left_child=1 2 56 6 -3 -6 -2 -4 9 16 11 31 18 49 -10 -12 -5 23 -7 20 21 22 26 24 25 29 -13 -26 -25 46 -31 32 -11 34 35 37 44 38 -33 -39 -36 42 -16 -38 45 -37 -18 -23 -49 55 -51 52 -52 -9 -41 -8 57 58 -1 60 -60 -61
right_child=3 4 7 8 5 12 13 53 14 10 15 19 -14 -15 41 -17 17 -19 -20 -21 -22 47 -24 28 27 -27 -28 -29 -30 30 -32 33 -34 -35 40 36 43 39 -40 54 -42 -43 -44 -45 -46 -47 -48 48 -50 50 51 -53 -54 -55 -56 -57 -58 -59 59 61 -62 -63
leaf_value=-0.081123461164886404 -0.060332983427298779 -0.077859503397324309 -0.00035108991861660782 0.067188218271534372 -0.078749923155195203 -0.010286300541817665 0.019443714174922008 0.18740104898015958 -0.26735518457402957 0.2114142230611947 0.10837845206657541 -0.0077885994996732223 0.062885629219231798 -0.053110633896733504 0.067462375007693032 0.019178584274996979 0.041705918962761691 0.025209312215166639 0.14641258505265284 0.10602737484306574 -0.044498867058558364 -0.044924006771002112 0.082224829881050995 0.013115104703176591 -0.061851558107729396 0.088452573322591113 -0.047296928206680369 0.066420705776143507 -0.037191260377485852 0.051573278566816011 0.0050319443301812339 -0.0087082392407778226 -0.0045135922166404706 0.049673557041506687 -0.043587152855793516 0.13419290631164468 -0.085193601309287992 0.047621266121518679 0.046678576041032684 -0.013271121534648688 0.046747845714657454 0.068485195972577892 -0.080832864753493661 0.034948079561550445 0.16041697523295906 -0.042690907169928842 -0.080758265377782551 0.035928565227697364 -0.043915603413655857 0.0082577747238072423 0.089085361975233743 0.049855989820903668 -0.049032141770489666 0.05534615762545074 -0.063946102358602624 0.1419827341615385 -0.062228974964553999 -0.017025549660972642 -0.080220211070329284 1.543551578071273 0.68472543725367785 0.43305502971639398
leaf_weight=0.31002009892836024 52.483931740222033 447.20916990831029 324.83747479296289 13.651348064653574 118.86425217578653 68.442847610451281 23.674620848847557 2.1321917632594696 0.43623073492199083 1.6690747485263262 6.8266385658644131 60.415853132493794 11.155078235082327 19.31644146470353 3.344781167805194 30.41086320404429 2.8548580468632272 178.96906912047416 1.7454599873162795 2.808668613433837 49.695858960971236 7.3571181306615463 5.0665386077016583 23.743488273583353 2.5987980719655779 6.1593351410701862 42.190642581321299 23.758365181274712 36.574546853080392 28.176278037019074 473.78590879775584 31.235924247652292 325.10714954161085 39.742332883179188 35.745682856068015 2.2231279425323018 3.1059115435928115 14.867396047338842 53.473299291916192 79.131614355836064 6.8549871593713751 29.004040727391839 3.5293049281463027 8.3630622364580613 8.6273327786475402 1.9115514326840637 8.1805190201848728 41.197962731122971 6.1800085920840493 64.107846049242653 1.6498039104044426 5.7217428819276384 38.819724436849356 8.6476067353505623 13.424250110983847 2.1371472561731926 49.906024565221742 7.8822318920865655 0.15408828598447144 0.051732666499447078 0.10750621440820396 0.054388168966397643
leaf_count=116 19529 240446 14863 278 63659 6565 770 64 8 36 158 688 406 2686 97 605 37 6119 67 38 611 70 77 253 24 210 397 388 482 416 6327 317 6511 516 359 30 23 161 753 835 109 1736 41 87 119 19 68 523 58 2874 102 110 4220 208 110 51 19895 1529 61 25 8 20
internal_value=-0.0130574 -0.0444197 -0.00592807 0.00395226 -0.0678497 -0.0454904 -0.0210207 0.00227682 0.00698436 0.00605573 0.000583549 -0.00096497 0.00311061 -0.00774598 0.0498448 0.0355313 0.0120706 0.0111118 -0.00638947 -0.0143537 -0.0159478 -0.0072113 -0.019034 0.00694729 0.00963815 0.00739745 -0.024034 0.0537731 -0.0173887 0.00642426 0.00764442 0.00363532 -0.0034107 0.0113435 0.00546108 0.0122563 0.0672016 0.00532684 0.0262551 -0.0111763 -0.0290511 0.0537015 -0.00867562 0.00241252 0.125426 0.0524157 -0.0490767 0.0160459 0.0255136 -0.00130797 -0.0085385 -0.0318497 -0.0434016 0.081466 -0.020621 0.0295896 -0.0530273 0.000619993 0.205842 0.447782 0.234146 0.974409
internal_weight=2961.81 1041.5 394.083 1920.31 647.417 200.208 207.911 335.617 1712.4 1676.09 877.633 840.395 81.3434 155.427 36.3144 37.2375 798.453 784.801 70.1883 214.913 212.104 162.408 107.673 605.832 545.514 519.157 102.606 26.3572 60.318 512.998 501.962 625.483 326.776 298.706 258.964 216.363 24.231 192.132 84.7092 107.423 42.6007 35.8781 6.87409 11.469 12.762 4.13468 11.0354 54.7351 47.378 136.111 110.299 46.1913 40.4695 10.7798 92.5559 25.8118 58.466 8.55997 0.677735 0.367715 0.261595 0.106121
internal_count=407968 347932 36789 60036 311143 70697 30342 15135 29694 27812 13210 12447 7038 10813 1882 763 14602 14324 6632 2462 2424 1813 1162 8205 7470 7058 1085 412 735 6848 6743 9985 6547 3438 2922 2454 278 2176 1070 1106 468 1874 138 110 168 49 105 651 581 8127 7306 4432 4322 272 945 821 21654 1759 230 114 69 45
is_linear=0
shrinkage=0.08


Tree=45
num_leaves=63
num_cat=0
split_feature=5 18 5 2 2 13 3 20 6 2 0 7 1 13 6 6 7 9 18 6 5 18 5 6 6 5 6 17 6 5 2 5 13 1 0 6 18 20 6 20 3 18 6 6 5 20 18 6 20 17 3 17 10 20 17 5 18 5 6 5 6 18
split_gain=233.923 139.748 28.0763 32.4273 21.9872 19.2267 20.8516 17.1309 10.2133 9.17629 12.1993 9.09011 9.00697 7.82628 7.75662 6.81913 6.81475 6.78062 8.38814 18.7063 7.21559 6.42916 9.56878 9.55504 9.50467 7.61565 8.10267 7.23374 6.38769 5.53645 5.49549 5.3649 11.3801 9.37024 8.04971 5.99186 5.72665 7.47726 6.35609 8.98329 5.85246 5.55657 5.21618 5.17145 5.13052 16.8662 6.29207 6.1958 4.98629 7.04411 4.9669 5.28795 4.93039 5.01398 4.98976 4.77248 5.90485 9.01707 9.64495 7.94028 10.4943 13.4256
threshold=60.499014420583059 0.51690154256332133 53.861852433281008 0.68335142482739741 0.67777777777777792 0.31009615384615391 92.907444668008068 58.235239809813976 0.61785527767983917 0.94167065390749616 7.5000000000000009 1.0000000180025095e-35 0.89039039039039047 0.95974235104669903 0.82016632160110436 0.59774253462172056 -1.0000000180025095e-35 1.0000000180025095e-35 0.87194394752534299 0.96187226822121419 91.368667518092821 0.83796653796653808 84.384031791907532 0.88138333138333158 0.723033549286349 85.973110345958375 0.79232550499217169 0.96362433862433872 0.61925526809216525 89.099909990999109 0.89370913062596646 96.015873015873026 0.78416149068322993 0.30860805860805868 5.5000000000000009 0.98186147186147199 0.96680440771349874 -1.0000000180025095e-35 0.90007455610650344 -1.5384615384615363 81.302966101694935 0.96791352093342498 0.63860179663718697 0.96187226822121419 47.639311043566373 -38.66961333423307 0.55143622869708642 0.73439102547172108 -4.4571110502377236 0.83176100628930827 95.74275362318842 0.938137755102041 1.0000000180025095e-35 -99.090909090909079 0.48181216931216936 81.900656814449931 0.92888748419721889 93.528759082286413 0.93001476943009209 89.86145693672988 0.96187226822121419 0.97309362934362953
decision_type=2 2 2 2 2 2 2 2 2 2 2 2 2 2 2 2 2 2 2 2 2 2 2 2 2 2 2 2 2 2 2 2 2 2 2 2 2 2 2 2 2 2 2 2 2 2 2 2 2 2 2 2 2 2 2 2 2 2 2 2 2 2
left_child=1 4 44 -4 -1 6 7 30 9 12 50 16 52 -13 15 -5 17 18 19 20 21 25 24 29 -23 -7 -27 -28 -10 -24 -2 32 33 -20 -33 55 37 -36 -38 -40 -41 -35 -19 -39 -3 46 -46 -48 49 -8 51 -11 53 -6 -54 -34 57 58 -57 -58 -61 -62
right_child=5 2 3 14 8 11 48 -9 28 10 -12 13 -14 -15 -16 -17 -18 42 31 -21 -22 22 23 -25 -26 26 27 -29 -30 -31 -32 34 35 41 36 -37 38 43 39 40 -42 -43 -44 -45 45 -47 47 -49 -50 -51 -52 -53 54 -55 -56 56 59 -59 -60 60 61 -63
leaf_value=-0.071934339157580837 -0.050411551448183031 -0.07822183555414966 -0.07668029819449515 0.1033571438064584 -0.0052134487004846485 0.013776634509933102 -0.012820411721740402 -0.00049489191384636004 0.28900281081929474 0.00018709302740990596 0.12044713009279541 -0.0085189436906493773 0.54850978500903769 0.079023804533552011 0.078818553366810193 -0.0096268512570262185 -0.031992045229746427 0.090563311178415193 -0.0047440152337912059 0.090475152234338496 0.069047332546410101 -0.02654961312438172 -0.025889690031215211 -0.07295133325148602 0.046075082918814701 0.091906585432409496 -0.0031204142978346157 0.076749768625190853 0.042652585100505423 0.044912356562993194 0.11223982737834592 0.049516070047440346 0.010805568891356785 0.040919858988245954 0.10976581500227423 0.062968578245553783 0.038350247340095234 -0.036532812554297273 -0.07870859012870067 -0.019067260109669616 0.051942938964446628 0.10928377889808875 -0.0025680004023762599 0.071412376944422734 0.45530228661337169 -0.071648293433495241 -0.0043532492749710485 0.16910201744822323 0.07208796476742281 0.086782203046891895 -0.00074122409817212772 0.092586758774529113 -0.12170172730870997 -0.040336231936126447 0.12528922199313985 0.0065253757061310711 9.3367570070143207e-05 0.036550763405953222 -0.042258673116671065 -0.019230382445717651 -0.1381012972306456 0.011078526469874186
leaf_weight=29.413365697313566 107.62240434781415 407.12570042605512 48.230564406956546 3.7148985754465675 43.489745859988034 252.31643590104068 17.187837792560462 85.057597508770414 0.6929876803187679 8.0411192594328877 5.7701930449111378 9.5594796738587338 0.17656465340405603 20.662636652123183 9.4634764528600481 42.894454573281109 28.11419590190053 3.8888994329608968 24.369336749659851 22.525042281951755 15.584810655098407 17.749067159602419 20.28333492809907 19.220395859330893 32.932137911382597 17.473256473429501 21.177277706563473 11.040899110026656 24.108152344706468 10.849103414453564 1.3460742011666287 41.642698533833027 142.86605350521859 30.425030794343911 7.1636279663071063 9.2696460634469968 16.51839701179415 7.1635747766122204 12.14856296777725 26.911747773643583 10.260027367155997 10.146706877741961 374.5637610454578 4.7067044889554381 0.20736318989656766 93.602094628557097 14.223138429690151 1.452559171244501 15.452496735379098 6.1775523545220485 204.13653908111155 7.817776655778288 0.6590519249439234 64.729428300692234 2.544698707992211 109.45238070003688 122.87466035224497 43.48595252353698 33.992595061659813 104.47531964816153 11.230096720159056 5.8838348854333153
leaf_count=13651 19133 236895 26846 142 1258 5429 166 4974 59 261 183 332 7 1115 216 2035 394 116 2360 685 375 400 244 287 748 330 357 423 922 179 35 1981 1868 652 142 229 246 80 95 385 452 218 5810 91 16 46486 1794 50 594 146 7091 217 4 13137 107 1549 1577 1067 576 1317 102 88
internal_value=-0.0118236 -0.0428411 -0.0664437 -0.0285841 -0.00541517 0.00483002 -0.0166925 -0.0274006 -1.2812e-05 -0.00365536 0.00562096 0.00786184 -0.0224213 0.0513334 0.0127855 -0.000621704 0.00705221 0.00774059 0.0106507 0.0194569 0.0156356 0.0135702 -0.00389872 -0.0285987 0.0206412 0.0194143 0.0480407 0.0242504 0.049536 -0.00121643 -0.0484023 0.00563796 0.00269795 0.0344659 0.0207074 -0.000837503 0.00657248 0.045221 -0.00460077 -0.018986 0.000532734 0.0580172 -0.001611 0.00626872 -0.0740875 -0.0587139 0.0175109 0.0117197 0.0368306 0.0135134 0.00260922 0.0457363 -0.0233261 -0.0262215 0.0744801 -0.00186745 -0.00606441 0.00463904 -0.00503513 -0.0142489 -0.0287427 -0.0868127
internal_weight=2898.27 1012.49 620.914 104.303 391.58 1885.77 232.844 194.026 362.166 337.365 225.766 1652.93 111.599 30.2221 56.0728 46.6094 1622.71 1594.59 1216.14 441.152 418.627 403.042 101.034 50.3528 50.6812 302.008 49.6914 32.2182 24.8011 31.1324 108.968 774.987 648.472 64.9411 126.515 583.531 84.8726 19.0339 65.8387 49.3203 37.1718 40.5717 378.453 11.8703 516.611 109.485 15.8831 15.6757 38.8179 23.3654 219.995 15.8589 111.423 108.219 3.20375 574.261 431.395 186.931 143.445 244.464 121.589 17.1139
internal_count=408724 351377 314480 29239 36897 57347 25048 24142 23246 22265 7752 32299 14513 1447 2393 2177 30852 30458 24532 9457 8772 8397 1858 710 1148 6539 1110 780 981 423 19168 15075 11603 3230 3472 8373 1491 313 1178 932 837 870 5926 171 285241 48346 1860 1844 906 312 7569 478 14506 14395 111 8144 6276 3192 2125 3084 1507 190
is_linear=0
shrinkage=0.08


Tree=46
num_leaves=63
num_cat=0
split_feature=4 18 4 2 3 20 3 4 6 7 10 1 18 2 18 5 18 5 6 6 5 6 4 18 6 4 18 18 18 14 6 18 18 4 6 18 18 5 4 18 12 0 14 17 14 20 18 6 5 12 20 17 17 0 0 6 6 4 18 5 18 6
split_gain=232.943 122.405 23.176 49.7471 20.8752 23.0066 11.8696 8.96178 8.23031 8.20845 7.577 5.92493 8.41737 5.35868 5.34669 13.2718 14.7252 9.6296 14.9803 8.70385 8.32039 8.15084 12.3431 8.85137 8.04834 7.0336 8.00443 6.88733 10.4889 7.98508 6.48207 5.66689 5.59436 7.39376 6.8594 5.33568 5.06897 5.01395 5.6749 4.76384 4.75882 9.65378 4.65729 4.80202 4.63673 4.56281 9.32997 7.5934 4.55931 4.55465 4.86212 6.62535 4.55447 5.39646 4.69785 4.48275 4.47025 4.16881 5.67307 6.24142 11.4821 8.70859
threshold=62.75941033347646 0.42162768721946614 52.657252888318361 0.74100014994751839 39.753086419753096 53.678919483456262 71.516754850088191 96.884704968944121 0.61785527767983917 1.0000000180025095e-35 1.0000000180025095e-35 0.62622549019607854 0.71806526806526816 0.97342555994729929 0.92115623704931637 92.071349992142089 0.88425402348847337 94.297328687572602 0.88138333138333158 0.96187226822121419 90.636241007194258 0.94091693330823767 95.782060785767243 0.94756480754124117 0.88138333138333158 96.394209933258239 0.84234892787524374 0.89371116550555463 0.90943267259056737 1.0000000180025095e-35 0.82221283707991222 0.86497211497211512 0.74910071942446055 93.035692078099757 0.57468582339583374 0.97156334231805941 0.94142156862745108 81.093535932245615 88.25172527111404 0.98009900990099019 1.0000000180025095e-35 10.500000000000002 1.0000000180025095e-35 0.88516483516483524 1.0000000180025095e-35 -0.83482931456948239 0.97156334231805941 0.97104218880534676 90.636241007194258 1.0000000180025095e-35 48.334902699309488 0.54201977401129953 0.8021739130434784 11.500000000000002 22.500000000000004 0.97104218880534676 0.62338765267709773 92.340286831812264 0.79180648769574946 85.973110345958375 0.82376470588235307 0.90007455610650344
decision_type=2 2 2 2 2 2 2 2 2 2 2 2 2 2 2 2 2 2 2 2 2 2 2 2 2 2 2 2 2 2 2 2 2 2 2 2 2 2 2 2 2 2 2 2 2 2 2 2 2 2 2 2 2 2 2 2 2 2 2 2 2 2
left_child=1 6 -3 -4 5 -2 -1 9 -8 14 56 12 -12 -9 15 19 -17 18 -18 25 24 -22 39 -24 30 32 -27 29 -29 -20 40 -21 33 37 -34 -25 -32 -6 -39 55 -16 -42 43 -19 -11 46 -15 -48 -33 50 57 -52 54 -54 -7 -23 -5 -36 -59 60 -60 -61
right_child=4 2 3 10 7 52 8 13 -10 44 11 -13 -14 45 20 16 17 42 27 31 21 22 23 35 -26 26 -28 28 -30 -31 36 48 34 -35 49 -37 -38 38 -40 -41 41 -43 -44 -45 -46 -47 47 -49 -50 -51 51 -53 53 -55 -56 -57 -58 58 59 61 -62 -63
leaf_value=-0.064507370294482294 -0.061610356274444895 -0.076587714353962139 -0.079078266069222108 0.055476583073855508 0.006812656661851998 0.01307931399236314 -0.0012961955470287502 0.015218021330800132 0.14712402050268339 0.0047446535532603253 0.66380717426995239 0.068406333687654142 0.13637386644710101 0.066458945156559771 -0.0023827544369765651 0.096187205647244894 0.056297372082032893 0.078921464800441474 -0.14426794404574497 0.09144126079990636 -0.0031674267748477837 -0.059022136998813687 0.068266354852104985 -0.11156885082641996 0.022921181924999489 0.012232561198115355 -0.17511653989094109 -0.15796282830144576 -0.018355582072089448 0.075833766330858879 -0.064450664705972896 0.079649021021221372 0.10494914004419535 0.061197687826246273 0.0061534868446225313 -0.0052168618865847559 -0.010860297486561794 0.097008439413308847 0.0083426451259559099 -0.025041206794414985 0.047460868673290281 -0.056934501101971194 0.075349962369233012 -0.074260908847864113 0.075411959518623201 0.070005921484954381 0.054929812532960906 -0.081418269633791118 -0.044465105424220025 -0.011368790447296875 0.38526300781142087 0.038359836893640233 0.023216160886857656 -0.063015498546099794 -0.023401122071666308 -0.12437389281614422 -0.0040632760428180262 0.050130328850834592 -0.10657545679944772 -0.011482526351731272 0.049732519971780312 -0.094968887006883829
leaf_weight=19.543938054179307 60.678690607717726 433.10389702289831 78.934687566943467 10.29797718010377 203.76853418757673 87.140223889378831 275.68936285091331 147.64249062072486 2.4120886508608228 9.3522765912348422 0.26699790556449343 6.0249074748717248 0.70493769668973982 13.443017983809115 163.10066100466065 21.1989182732068 12.871417617425321 2.2744465423747924 1.4133415357209766 12.106837913393976 128.06150834215805 19.949130748398602 9.3856205488555151 3.8050574958324441 111.43505354807712 2.8472976870834819 2.9944509360939264 6.6230389485135657 7.1761532491073012 4.1595333609730005 16.678211613208987 3.1263808077201238 3.9888697840506202 20.01799280103296 407.91381475247908 14.616536376997828 35.003952972358093 8.7648418778553623 9.7688504853285831 14.375509773846714 31.768987221294083 6.9004895028192541 18.568020671606064 3.087938996963203 16.297529088333249 24.664206928573549 4.095095254480837 7.2280677929520607 4.8064105133526027 173.05819834244903 0.4944831095635881 1.2258115080185232 6.7337874517543268 14.971062700380569 30.499640438181814 10.127954204566779 37.309470449807122 7.0473749162629238 3.928106032311919 18.840517722070217 12.836678411811588 13.893021275289355
leaf_count=9478 23317 269545 49788 693 3794 4893 10722 3290 75 223 15 106 50 554 2334 501 198 37 16 377 1692 250 275 32 1866 60 31 78 100 92 263 69 77 458 7156 219 595 154 146 219 380 399 491 49 900 1539 159 141 70 2497 14 45 287 1843 2169 101 2948 163 51 260 201 179
internal_value=-0.0111403 -0.0457839 -0.0676039 -0.0384667 0.00400677 -0.0204951 -0.00424397 0.00676518 -8.88577e-06 0.00475836 0.0202403 0.0979745 0.281264 0.022851 0.00401747 0.00756525 0.0393756 0.017936 -0.0105992 0.00486481 -0.00218915 -0.0152892 -0.0367719 0.00503264 0.00500271 0.00369263 -0.0838016 -0.0550475 -0.0853613 0.0200136 -0.00287548 0.0570051 0.00426981 0.0146295 0.000367044 -0.0271843 -0.0281543 0.0104361 0.0502739 -0.0629226 0.00359954 0.0288317 0.0563839 -0.00928887 0.0496457 0.04565 0.0213943 -0.0321071 0.00444933 -0.000285552 0.00382884 0.138074 -0.00259118 -0.0362627 0.00362129 -0.0810282 0.0088158 0.00333161 -0.0170251 -0.0265864 0.0131085 -0.0469165
internal_weight=2841.04 864.288 566.643 133.539 1976.76 200.023 297.645 1776.73 278.101 1579.66 54.6043 6.99684 0.971936 197.073 1554.01 988.801 77.3728 56.1739 32.2435 911.428 565.209 200.321 72.2598 27.8072 364.887 891.389 5.84175 19.3721 13.7992 5.57287 253.452 20.0396 885.547 242.32 643.227 18.4216 51.6822 222.302 18.5337 44.4526 201.77 38.6695 23.9304 5.36239 25.6498 49.4304 24.7662 11.3232 7.93279 639.238 466.18 1.72029 139.345 21.7049 117.64 30.0771 47.6074 464.46 56.5457 49.4983 16.7648 32.7335
internal_count=408724 343420 323145 53600 65304 32509 20275 32795 10797 27112 3812 171 65 5683 25989 17364 1562 1061 484 15802 8625 2788 1096 526 5837 15286 91 286 178 108 3971 516 15195 4552 10643 251 858 4094 300 570 3113 779 577 86 1123 2393 854 300 139 10566 8069 59 9192 2130 7062 351 3641 8010 854 691 252 439
is_linear=0
shrinkage=0.08


Tree=47
num_leaves=63
num_cat=0
split_feature=4 18 4 2 13 2 3 10 3 4 4 7 4 0 0 5 18 4 5 17 18 17 3 13 2 15 17 3 17 13 4 13 18 5 5 7 17 13 1 18 4 3 1 0 13 13 18 18 10 2 4 5 18 13 2 13 5 2 0 5 18 15
split_gain=208.917 117.49 22.6911 52.3027 19.1004 12.6503 11.5235 9.18492 8.42072 8.07056 7.44199 7.01676 6.44895 6.13389 5.99859 5.81607 7.49038 5.94349 5.72499 9.57748 5.60606 5.40855 5.4268 6.23963 12.3099 14.7926 7.02234 7.80076 6.54121 6.02289 8.64668 5.91145 5.62479 13.7165 8.55471 5.48472 5.40384 5.40249 5.33302 5.28826 5.286 5.18994 8.80792 5.27861 5.06638 10.1241 4.98577 4.95964 6.50891 5.1792 4.82215 6.33995 14.14 4.76511 6.26186 4.72709 4.63796 11.2525 4.60366 4.58831 15.9717 5.91582
threshold=62.75941033347646 0.45480081716036774 50.787450396825399 0.74100014994751839 0.20871143375680581 0.85212269756387415 90.366769774635458 1.0000000180025095e-35 19.433516915814327 54.84792626728111 96.884704968944121 1.0000000180025095e-35 90.397787144362511 5.5000000000000009 22.500000000000004 37.525510204081634 0.24602774274905426 34.382070135746616 26.702317290552589 0.7886762360446572 0.28664077990746867 0.42997198879551829 34.833164812942371 0.78416149068322993 0.89057420536452803 1.0000000180025095e-35 0.69309262166405039 88.2734912146677 0.96076923076923093 0.21240601503759401 90.957190957190974 0.74179894179894201 0.93305322128851553 95.093431159004936 89.86145693672988 -1.0000000180025095e-35 0.82426470588235301 0.95974235104669903 0.73993558776167478 0.75521059487624853 96.394209933258239 61.435897435897445 0.23845060412224597 15.500000000000002 0.92582417582417598 0.78416149068322993 0.94881152910349997 0.84234892787524374 1.0000000180025095e-35 0.93857943586204462 60.766487166934759 50.10638297872341 0.52960654460459688 0.95974235104669903 0.47825741890959289 0.67708333333333348 84.384031791907532 0.4240584253327882 8.5000000000000018 92.071349992142089 0.88425402348847337 1.0000000180025095e-35
decision_type=2 2 2 2 2 2 2 2 2 2 2 2 2 2 2 2 2 2 2 2 2 2 2 2 2 2 2 2 2 2 2 2 2 2 2 2 2 2 2 2 2 2 2 2 2 2 2 2 2 2 2 2 2 2 2 2 2 2 2 2 2 2
left_child=1 5 -3 -4 6 -1 8 39 -2 -9 11 14 -10 44 21 16 18 -18 -7 -20 -17 41 29 24 25 26 55 31 -26 30 -23 -28 33 35 -34 40 -27 -35 -8 50 59 42 -6 -43 45 -12 -44 -42 -49 -50 51 -5 -53 54 -13 58 -31 -58 -24 -25 -61 -62
right_child=4 2 3 7 10 15 38 9 12 -11 13 53 -14 -15 -16 20 17 -19 19 -21 -22 22 23 32 28 36 27 -29 -30 56 -32 -33 34 37 -36 -37 -38 -39 -40 -41 47 43 46 -45 -46 -47 -48 48 49 -51 -52 52 -54 -55 -56 -57 57 -59 -60 60 61 -63
leaf_value=-0.062437381919795483 0.0089694466050929469 -0.077995636462370718 -0.078912971443057742 -0.0061073780800749988 0.027449340844939253 0.00097709026509292234 0.040957325624984053 0.27467679413340806 -0.061641629295785906 0.060709768277607455 0.06517186279925942 0.21299074370228979 -0.020364879243478014 0.011223386581769166 -0.032886326681001353 0.31912419802926995 -0.074926268307694721 0.0093708917176518712 0.47219697904726987 0.020063626191175774 0.048406020134745951 0.027088372830059684 0.094381787637442066 0.0046601748429570111 0.082409480454149475 0.15866459757663218 -0.038843200019136728 0.049120390130588998 -0.028044429977830531 -0.057642090341150809 0.84766352198839101 0.1563561288516977 0.0042459032388505943 -0.078408334884555606 -0.018620703046616404 -0.042397339765291336 0.0026001042334778362 0.10478523585702307 -0.05146799982475711 -0.01253705962269553 0.03136367476906473 0.044515266025657148 0.22104765739555887 -0.029299575213385921 0.049553188227803358 -0.11354125590044759 0.033076095311584022 -0.034773304016703005 -0.070435641979470373 -0.32763166852221914 -0.025580526707109925 0.70764173150485099 0.092959844043012621 0.073804427883914156 -0.011416268510715973 0.17391120407181163 0.31687404745764264 -0.013544076872402049 0.0080941781847380882 0.095602022920527996 -0.11566912682374268 0.010238039301916198
leaf_weight=22.540345784684177 23.493911135359667 369.7809061629232 92.136923493177164 4.5844615350943076 8.4696180744213034 248.55642750288825 21.719656955450777 1.3860819237306703 57.609251624438912 6.0642203562892973 4.3589035412296635 0.86082374112447801 41.802647100645117 151.980796641903 28.615785603644326 0.52156569150974785 15.260411878465677 8.2451837310800311 0.440431379363871 0.93936716753523797 7.9768978070933372 0.25897415028885262 4.6043013643939039 818.01675452059135 24.776455952785913 5.3154664130415759 42.401845976128243 8.6011035582050663 3.9830737384036174 19.246198353008371 0.12039091624319553 1.0167363733053196 257.98837293195538 1.130775485187766 176.23693961743265 15.451793234329669 1.9375437907874582 11.592148744501173 4.8961972557008258 34.536137222778052 2.6392561346292478 14.418991824612023 3.1364636106882235 10.877875811769625 55.184923295862973 3.7950283735990524 1.2682513118488712 3.419379374012351 0.88898149691522155 1.1484027989208696 4.8744171391008413 0.24743355601094652 7.4818838216597214 15.358998675597832 10.537339360162148 1.332921290420926 0.69976307544857164 11.501087607117368 28.155886486405507 16.178514876402915 2.5227897502481929 44.810003455728292
leaf_count=10604 2160 250990 63055 527 893 6477 533 41 15075 146 221 68 2061 3001 4657 11 5679 908 32 30 372 68 83 11427 718 82 3356 149 70 6051 10 14 3268 10 2331 196 22 375 52 3769 58 162 118 122 2737 89 33 43 12 33 116 26 637 900 456 24 35 612 1730 418 26 745
internal_value=-0.0104789 -0.0442475 -0.0673168 -0.0412194 0.00371322 -0.0047663 -0.02377 0.0174707 -0.034105 0.100517 0.00597752 0.00409793 -0.0442848 0.0199402 0.00340681 -0.000155662 -0.00218131 -0.0453569 0.0018792 0.164384 0.0650205 0.00407939 0.00332561 0.00403124 0.0213489 0.00725238 -0.00198913 -0.0204838 0.0671121 -0.029358 0.287497 -0.0342722 0.00246697 0.00601621 -0.00503486 0.00485666 0.116974 0.0885035 0.023955 0.00550879 0.00567741 0.0338184 0.0751683 0.0127742 0.040856 -0.0180054 0.166925 -0.0586702 -0.102217 -0.215408 0.0417682 0.0684282 0.112637 0.0447212 0.00553163 0.0262303 -0.0331804 0.0054066 0.0202215 0.00626839 0.0269819 0.00352732
internal_weight=2789.93 825.573 521.092 151.312 1964.36 304.481 149.522 59.1746 122.906 7.4503 1814.84 1599.52 99.4119 215.32 1572.76 281.94 273.442 23.5056 249.936 1.3798 8.49846 1544.15 1505.98 1474.15 122.125 93.3658 86.1128 52.0197 28.7595 31.8264 0.379365 43.4186 1352.02 917.799 434.225 905.076 7.25301 12.7229 26.6159 51.7243 889.624 38.1712 12.8743 25.2969 63.3389 8.15393 4.40471 8.09602 5.45676 2.03738 17.1882 12.3138 7.72932 26.7572 11.3982 34.0931 31.447 12.2009 32.7602 881.528 63.5113 47.3328
internal_count=408724 343420 319307 68317 65304 24113 19881 5262 19296 187 45423 39375 17136 6048 37951 13509 13126 6587 6539 62 383 33294 31966 25190 6248 5460 5356 3519 788 6776 78 3370 18942 13343 5599 12958 104 385 585 5075 12762 1328 1044 284 3047 310 151 146 88 45 1306 1190 663 1424 524 1837 6698 647 1813 12616 1189 771
is_linear=0
shrinkage=0.08


Tree=48
num_leaves=63
num_cat=0
split_feature=4 18 4 2 0 5 3 4 6 7 9 5 18 6 4 17 3 5 2 6 2 11 18 6 18 6 4 6 6 20 0 2 11 20 18 3 5 6 6 18 4 17 6 18 20 6 3 5 4 5 17 2 6 13 13 13 17 17 15 3 17 4
split_gain=187.196 112.36 22.9285 49.0493 16.9698 13.218 11.5739 8.22177 7.64799 7.43777 5.39706 5.21174 6.35808 6.12885 5.61418 5.13729 5.30082 6.28819 4.81401 4.7895 4.63139 4.56829 4.55673 4.54588 5.89425 7.12836 5.81733 5.46212 4.77288 4.54172 4.53064 5.35633 4.47848 6.63592 4.37955 6.65725 4.48195 7.70862 5.05985 4.97715 8.62895 4.31309 4.25359 4.19125 7.60658 4.90301 4.17924 4.05857 4.0046 7.20876 3.93231 3.89043 3.86547 3.85266 6.2076 7.91405 7.35503 6.27948 5.54259 4.97113 4.89102 4.51698
threshold=62.75941033347646 0.45480081716036774 50.787450396825399 0.74100014994751839 16.500000000000004 77.345911949685544 71.516754850088191 96.884704968944121 0.82016632160110436 1.0000000180025095e-35 1.0000000180025095e-35 37.525510204081634 0.24602774274905426 0.56128513977500394 34.382070135746616 0.43534002229654406 34.724637681159429 97.698500979924788 0.90002675585284286 0.98186147186147199 0.93328658251519414 1.0000000180025095e-35 0.31514294222751643 0.67087924077657601 0.64014388489208651 0.80001544022177795 85.196142888450595 0.75592784261388923 0.69051610606707714 -17.483968430139345 12.500000000000002 0.94549415725886321 1.0000000180025095e-35 5.0723125824668154 0.88757022471910119 41.712454212454219 96.881944444444457 0.95203030303030312 0.84198324994625262 0.99683544303797478 99.779735682819407 0.57719393282773568 0.62338765267709773 0.97510330578512405 -0.83482931456948239 0.98186147186147199 68.801229508196727 72.473494796226063 88.944444444444457 78.283873936047868 0.63373983739837414 0.93752705627705646 0.52902010334920579 0.23303167420814483 0.90454545454545465 0.534959349593496 0.55051020408163276 0.5656275635767023 1.0000000180025095e-35 80.322580645161295 0.40161290322580651 93.629319886852798
decision_type=2 2 2 2 2 2 2 2 2 2 2 2 2 2 2 2 2 2 2 2 2 2 2 2 2 2 2 2 2 2 2 2 2 2 2 2 2 2 2 2 2 2 2 2 2 2 2 2 2 2 2 2 2 2 2 2 2 2 2 2 2 2
left_child=1 6 -3 -4 7 -6 -1 9 10 15 42 12 52 22 -14 -2 17 19 -15 41 21 -10 -13 26 25 27 -18 47 48 -7 31 51 34 43 35 -9 37 46 -38 -40 -41 -17 -5 -34 45 50 -36 -25 49 -26 -45 -27 -8 59 55 -55 58 -56 -57 60 -31 -58
right_child=4 2 3 8 5 29 11 32 20 -11 -12 13 14 18 -16 16 23 -19 -20 -21 -22 -23 -24 24 28 30 -28 -29 -30 53 -32 -33 33 -35 36 -37 38 -39 39 40 -42 -43 -44 44 -46 -47 -48 -49 -50 -51 -52 -53 -54 54 57 56 61 -59 -60 -61 -62 -63
leaf_value=-0.062493273617644035 0.038392462270462398 -0.077807393911103861 -0.078803813030821929 0.065596502659619443 -0.048968727160682964 0.12099633649839364 0.00058299492001873772 -0.076594256020633023 0.074549412878713223 0.047792030744238566 -0.037046792406179287 0.40836714367978255 -0.074358664102890715 0.20928547481527265 0.008885809263456142 0.026055559540837995 0.0076491884876557894 0.50228653241414556 0.001696118810484722 0.28822678697583731 0.062746166216741825 0.36589353508011685 0.11785180889427312 0.0075920470368622765 -0.010955919873735176 0.043885769534309962 0.043716473285303002 -0.085355963654590819 0.0019287550841580203 0.00048572847898729546 0.20818135242439301 0.10832868459261122 0.082488813129579702 0.014269158568652098 0.026294376115259477 0.054456267123194228 0.05390382358060266 0.027398807085450439 0.030714564240208735 -0.066418627201182259 0.032321925988307333 -0.046047955483413394 0.0055272672326233604 -0.041034078568912148 0.073133225758771736 -0.087854169810525712 -0.081278860996269492 0.13985718732684929 0.028609185663256174 -0.083679895983770444 0.10612554266988061 -0.083144823290876413 0.11702952579056303 0.00096183703646901379 -0.04941069018763259 0.078672066815994382 0.23324467086477735 0.035006051605675957 -0.047428078323146217 0.048354245476860618 -0.057599936784462472 0.087497122151804524
leaf_weight=20.493346231640317 26.264429828850552 342.14394303530571 85.166248876950704 10.158139001810921 62.736659745394718 1.8126798579469312 249.26691782276612 2.7956761652603772 0.65247623063623794 24.450687471311539 13.857843781239351 0.4557235660031419 13.882990663754756 0.8080213633365928 8.2760588589590025 6.5195408893050617 119.08474421955179 0.14264203980564971 6.2071432034717873 0.30022534402087231 4.9577884320169687 0.72961138188838959 1.4291235877899451 15.890560005209414 27.685273326002061 7.377279469976207 37.67518056021072 3.8435465432703486 1219.941263515735 14.971705971984191 1.3862553922226641 7.4389140522107473 21.353853301145136 48.867652472574264 2.8237121962010869 22.028616671450436 14.951447645202277 10.322834638878701 18.423528898507357 13.488086402416229 9.7651965534314513 28.607476890087128 29.3225281072082 2.3469723053276539 12.149566829204559 4.1423655366525054 12.738768143579364 1.637814215151592 7.8385162549093357 12.736574530135838 2.3019362455233932 1.9510519951581953 1.8378906941507001 49.558992985752411 21.949374551884834 4.7859435621649009 1.9620323325507332 7.5896247280761591 4.1784482263028622 5.1109952498227349 24.394713033107109 4.4418274983763695
leaf_count=11544 906 250990 63055 672 19462 26 5718 104 49 1241 2341 9 5443 68 878 1003 2152 4 212 16 90 30 78 319 600 112 617 38 19435 583 54 203 1002 1028 44 649 397 235 397 153 407 6358 2080 30 980 56 171 34 110 126 73 22 163 2693 231 82 47 109 34 170 2729 62
internal_value=-0.00985435 -0.0427229 -0.0665129 -0.0398338 0.00343681 -0.0184286 -0.00444366 0.00598042 0.0157797 0.00401818 0.00590611 -0.000227562 -0.00218972 0.0600182 -0.0432682 0.00331695 0.00270282 -0.0278119 0.0256067 -0.0299462 0.098848 0.228352 0.188093 0.00344397 0.00190079 0.0323238 0.0163175 0.00101219 0.000952616 -0.00481651 0.0691865 0.057695 0.0213102 0.0343492 0.0102362 0.0396975 0.00137273 -0.0262045 0.0139785 -0.000344546 -0.0249526 -0.0326656 0.0209827 0.0575499 0.0321191 -0.0245625 -0.0617604 0.0199506 -0.0237226 -0.0338706 0.0318329 0.0173169 0.00143529 -0.00645788 0.00268288 0.0165153 0.0666715 -0.027721 0.0198947 -0.0258721 -0.035509 0.132152
internal_weight=2742.41 789.646 486.989 144.845 1952.77 203.493 302.657 1749.27 59.6784 1550.77 53.3385 282.164 273.264 8.90001 22.159 1526.32 1500.06 35.5699 7.01516 35.4272 6.33988 1.38209 1.88485 1464.49 1307.73 39.5254 156.76 21.3719 1268.2 140.756 18.1535 16.7672 198.5 91.1623 107.338 24.8243 82.5136 25.8853 56.6283 41.6768 23.2533 35.127 39.4807 42.2947 20.9408 8.79127 15.5625 17.5284 48.2604 40.4218 4.64891 9.32833 251.105 138.944 94.4662 64.9272 15.3683 29.539 8.96439 44.4774 39.3664 6.40386
internal_count=408724 343420 319307 68317 65304 26228 24113 39076 5262 33350 5093 12569 12202 367 6321 32109 31203 7381 280 7377 169 79 87 23822 21053 782 2769 391 20271 6766 391 337 5726 3169 2557 753 1804 450 1354 957 560 7361 2752 2141 1139 159 215 353 836 726 103 134 5881 6740 3258 2918 225 340 116 3482 3312 109
is_linear=0
shrinkage=0.08


Tree=49
num_leaves=63
num_cat=0
split_feature=4 18 4 20 13 1 4 5 6 8 0 6 1 9 18 6 5 6 5 6 5 15 13 10 20 4 18 18 4 18 5 6 18 6 5 18 18 7 17 4 6 1 0 17 6 20 20 6 18 18 20 20 1 6 18 18 5 5 6 4 4 20
split_gain=167.435 107.265 23.0626 44.7478 15.2226 10.8206 8.98128 8.68979 6.36356 6.88351 6.1309 7.19692 5.79952 5.57148 5.23636 14.1014 9.24432 7.67332 6.3931 7.18229 4.99986 4.83325 4.93539 4.72114 4.28042 4.19522 4.16635 5.58083 4.06663 9.58227 12.7536 11.2851 10.8639 11.1459 8.04992 7.62179 5.77749 5.34176 9.25975 5.21495 9.88291 6.85533 6.05906 5.8017 4.84275 5.06999 9.60563 4.50673 5.98208 4.38978 8.76282 6.0607 4.59752 4.36594 4.1967 5.40558 23.566 7.3969 7.90418 8.447 6.14659 6.34019
threshold=62.75941033347646 0.45480081716036774 50.787450396825399 -6.0331825037707345 0.20871143375680581 0.4807407407407408 89.784322820037133 49.894514767932499 0.76396751792114703 1.0000000180025095e-35 23.500000000000004 0.99912280701754397 0.9177927927927928 1.0000000180025095e-35 0.99683544303797478 0.97104218880534676 96.015873015873026 0.98186147186147199 89.86145693672988 0.76396751792114703 94.297328687572602 1.0000000180025095e-35 0.59359359359359365 1.0000000180025095e-35 0.8839342188488325 57.078215901745324 0.95850550964187342 0.90254694582344064 91.686991869918714 0.88757022471910119 91.368667518092821 0.77210196893416083 0.76062357048272544 0.96187226822121419 89.86145693672988 0.96791352093342498 0.90038167938931302 1.0000000180025095e-35 0.38529014844804327 93.629319886852798 0.94091693330823767 0.73993558776167478 20.500000000000004 0.81322674418604668 0.80953199448034274 -0.83482931456948239 10.417254846602679 0.87241706506222649 0.62272426348891108 0.98518437225636535 29.835303319774471 -17.125574352548032 0.25211864406779666 0.59558130286817346 0.9644437420986095 0.82989361702127662 85.973110345958375 81.900656814449931 0.86408966659301212 81.897262842144741 89.784322820037133 -8.7287157287157218
decision_type=2 2 2 2 2 2 2 2 2 2 2 2 2 2 2 2 2 2 2 2 2 2 2 2 2 2 2 2 2 2 2 2 2 2 2 2 2 2 2 2 2 2 2 2 2 2 2 2 2 2 2 2 2 2 2 2 2 2 2 2 2 2
left_child=1 5 -3 8 6 -1 -2 -7 13 25 11 14 -5 -4 17 16 18 28 -16 20 -20 22 -13 -21 26 -10 27 -8 37 30 32 -31 47 44 35 36 -33 49 -39 40 -36 42 -41 -43 -34 -46 -47 48 53 52 51 -51 -6 -30 55 56 60 58 59 -57 -54 -62
right_child=4 2 3 12 10 7 24 -9 9 -11 -12 21 -14 -15 15 -17 -18 -19 19 23 -22 -23 -24 -25 -26 -27 -28 -29 29 31 -32 34 33 -35 39 -37 -38 38 -40 41 -42 43 -44 -45 45 46 -48 -49 -50 50 -52 -53 54 -55 -56 57 -58 -59 -60 -61 61 -63
leaf_value=-0.056321104075073312 -0.042335131634975036 -0.077605880744137976 0.017723009964468153 -0.078270527611171481 -0.025186620607128375 -0.00029374589094462725 0.066558829672076339 0.35628747199590988 0.2185309617127382 -0.12855408386000566 -0.029746540851317626 0.032566926574494504 0.60099454597566926 -0.045961751536185584 0.0094467984946421599 -0.057413181152183301 0.04202614129846894 0.040631348820841649 -0.11116604836322475 -0.030108269363016353 0.016910866337141377 0.077083372555882629 -0.0828813564689585 0.049013190190042036 -0.011851213159053901 0.072018472135690556 0.079132294928314958 -0.076156150074355666 -0.045021537273028961 0.041598083868277493 0.061399407608934614 0.087886671662117208 0.012944016131099131 0.077556142866242156 -0.0054270434550258853 0.070639193748854218 -0.0087335455395894952 0.49726747594478382 0.042645966772754632 -0.018424359966719175 -0.077363085125955064 0.087018131298223306 0.092980989361482219 0.0097502319998121322 -0.052008361059357133 0.075827877918972511 -0.034492228483022698 0.075728931651939238 -0.021974323122555851 -0.18131201032889174 0.153400037553135 -0.033777870715102458 0.0071357748785911314 0.084301527868177253 0.020388832021461956 -0.012370572247198588 0.085757317788099363 -0.012285596617510927 0.033853057642250335 0.026108734403316451 -0.064519600773637983 0.013019030563612834
leaf_weight=23.451743797690142 70.28381775401067 316.62631209447864 38.546957524144091 79.562426658463664 36.252151883149054 277.11653939611278 3.396943146362899 0.43808481888845463 1.5475761787965856 0.94071757188066918 31.612697087810375 16.616653502453122 0.08052540384232898 11.389575161505489 48.682154836133122 30.873868081253022 29.580158299766481 40.883819237817079 9.6432971474714559 19.599539331626151 2.4453992564231148 14.572230701334773 2.7640989208593956 6.4034841642715028 58.533924981602468 6.5222449768334627 7.3224538848735392 3.6250052843242884 2.0217891065403846 42.12735205097124 48.288639947306365 4.5780595932155839 30.606704166624695 9.9777158810757083 33.911594464909285 16.451211770996451 29.376297601033002 0.29301409662002598 13.378310447908005 102.30906281759962 19.111060173250735 7.0025647506117812 3.2228711587376884 55.596857504919171 25.896557291038334 7.2642931183800128 16.580375492572784 19.19159825402312 10.242844301508738 1.9914818108081878 1.4710766640491773 16.944679816486314 340.24330419511534 9.6218503899872285 89.012956220132764 123.94638678163756 24.153676346875727 271.08095259335823 54.434865489252843 51.757840857608244 16.110433487221602 11.614908222574739
leaf_count=10730 16903 250990 2786 63082 9611 13371 67 12 86 7 4168 485 2 2196 1164 382 679 1084 80 272 33 1136 78 145 2541 158 321 49 37 682 1334 89 508 346 518 261 423 22 757 1266 256 143 77 1637 437 302 307 609 208 13 113 197 5600 274 1385 2244 451 3668 929 650 189 174
internal_value=-0.00925466 -0.0411923 -0.0656927 -0.0384756 0.00317618 -0.00413993 -0.0219311 0.000269072 0.0143632 0.0762421 0.00517336 0.0057977 -0.0775837 0.00319772 0.00508354 -0.00934906 0.00340447 0.00642251 -0.00976119 -0.0343095 -0.0852576 0.0422743 0.0161016 -0.0106239 -0.00225342 0.100116 0.0369115 -0.00711624 0.0055179 0.011511 0.0262415 0.0030728 0.0133216 -0.00219084 -0.00290367 0.0259474 0.00429374 0.00270901 0.0523898 -0.00947942 -0.0313551 -0.00258061 -0.0150221 0.0183937 -0.0120939 -0.0275002 -0.000883139 0.0474314 0.0226182 0.00205531 -0.0346824 -0.0492938 0.00279133 0.061846 0.00382381 0.00217326 0.00920894 -0.00333099 0.00721664 -0.00103558 0.00418426 -0.0320365
internal_weight=2699.13 756.223 455.216 138.59 1942.9 301.006 143.162 277.555 58.9471 9.01054 1799.74 1768.13 79.643 49.9365 1734.18 147.228 116.354 1586.95 86.7739 38.0917 12.0887 33.953 19.3808 26.003 72.8783 8.06982 14.3444 7.02195 1546.07 493.379 179.692 313.687 131.404 90.3256 271.56 50.4056 33.9544 1052.69 13.6713 221.154 53.0227 168.131 105.532 62.5994 80.3479 49.7412 23.8447 41.0781 21.8865 1039.01 20.4072 18.9362 1018.61 11.6436 982.355 893.342 392.122 501.22 230.139 175.704 367.969 27.7253
internal_count=408724 343420 319307 68317 65304 24113 19881 13383 5233 251 45423 41255 63084 4982 39556 2755 2373 36801 1694 530 113 1699 563 417 2978 244 437 116 35717 9714 4362 5352 3028 1900 4670 773 512 26003 779 3897 774 3123 1343 1780 1554 1046 609 1128 519 25224 323 210 24901 311 15290 13905 6414 7491 3823 2894 5963 363
is_linear=0
shrinkage=0.08


Tree=50
num_leaves=63
num_cat=0
split_feature=4 3 9 0 4 4 5 10 4 4 6 7 13 6 20 20 13 13 1 20 6 6 4 7 6 5 4 4 6 13 5 4 9 6 10 1 13 6 6 3 20 10 1 1 13 13 3 0 6 3 6 5 13 5 1 0 1 20 0 5 8 20
split_gain=136.944 109.921 24.1115 12.0539 10.5062 35.3962 9.18202 7.67949 7.39533 6.84473 5.8308 5.23969 6.85198 5.3867 4.96388 4.50777 4.35739 6.73194 4.33904 5.11643 3.87507 4.64451 6.10123 3.81563 3.81042 14.7067 9.1209 6.69991 6.85659 5.8336 4.83993 5.74917 6.44631 4.77153 4.3509 4.92887 6.67604 4.33734 4.30365 4.25176 4.26396 4.15872 4.10687 3.8863 10.4722 5.34007 6.68368 6.91477 5.57132 5.52859 4.91818 6.68353 4.01926 3.78179 3.73281 3.72143 3.69899 3.69151 4.43458 3.7934 3.79716 3.62616
threshold=64.624765478424024 77.032967032967051 1.0000000180025095e-35 16.500000000000004 46.92047727429479 1.0000000180025095e-35 77.345911949685544 1.0000000180025095e-35 52.062900218853862 57.205789804908754 0.99912280701754397 1.0000000180025095e-35 0.86335403726708082 0.723033549286349 -34.445006179080998 7.7653596403596419 0.081666666666666679 0.14550264550264555 0.66333333333333344 -72.050917141049965 0.69315831057210375 0.69583766211882636 53.579972658920035 -1.0000000180025095e-35 0.88138333138333158 81.093535932245615 99.779735682819407 87.528801843317993 0.67182426792333916 0.77171215880893307 97.698500979924788 99.779735682819407 1.0000000180025095e-35 0.87241706506222649 1.0000000180025095e-35 0.75235849056603787 0.92582417582417598 0.82016632160110436 0.60298409073607362 84.660633484162915 -2.7777777777777746 1.0000000180025095e-35 0.88284313725490204 0.55646630236794181 0.45804195804195807 0.88194444444444453 90.070422535211279 12.500000000000002 0.78182490796207949 95.74275362318842 0.85124359300829899 80.082644628099189 0.19677419354838713 48.082177385456077 0.66969696969696979 13.500000000000002 0.36055555555555563 -19.999999999999993 10.500000000000002 63.952484547118345 1.0000000180025095e-35 -27.498604107552669
decision_type=2 2 2 2 2 2 2 2 2 2 2 2 2 2 2 2 2 2 2 2 2 2 2 2 2 2 2 2 2 2 2 2 2 2 2 2 2 2 2 2 2 2 2 2 2 2 2 2 2 2 2 2 2 2 2 2 2 2 2 2 2 2
left_child=1 18 4 10 5 -3 14 -7 61 20 11 16 13 56 -5 -12 -2 -18 -1 54 -6 22 -22 24 27 -26 34 43 38 -28 31 33 37 -30 -27 -36 39 -33 -29 -37 -41 -39 -38 44 -19 52 -47 48 49 -48 -50 -52 -45 -21 -20 -49 -13 59 -59 60 -11 -4
right_child=3 2 8 6 9 7 -8 -9 -10 57 15 12 -14 -15 -16 -17 17 23 19 53 21 -23 -24 -25 25 26 29 28 30 -31 -32 32 -34 -35 35 36 42 41 -40 40 -42 -43 -44 45 -46 46 47 55 50 -51 51 -53 -54 -55 -56 -57 -58 58 -60 -61 -62 -63
leaf_value=-0.076929742040504484 -0.028028534800575433 0.0022435475489798176 -0.074616224637335068 0.38562165261758069 0.042413557965957374 -0.068570534623233453 -0.0063937070736253447 0.083360639878178933 -0.013331047753437351 0.009885982782734587 0.075913797596321761 0.31519990532344827 0.074554321574622953 -0.027060155971036219 -0.046788314982972111 0.015487144780116972 0.072759637581843062 -0.033949533316031302 0.65030883389321203 -0.073541710721044137 0.072693876054104684 0.10272571047086844 0.75770002544575099 -0.027519462139645765 0.038151164507477436 -0.0064521549062920959 -0.014394766026473436 -0.0034353814741690043 0.0082250135633177464 0.080282088588897085 0.062223204489842504 -0.022316596372450214 0.078371451788469951 -0.035325858322417476 -0.00017034969663233177 0.061092773689077527 0.070013060039571876 -0.13470286536034745 0.065722595388941027 0.035069350984165464 -0.082528211595792586 0.0082270847566361452 0.023639238334521064 -0.057529061822901593 0.026902003171274905 -0.03304112486241708 0.051703574198062263 0.1725110064604245 -0.033673471145576471 -0.00308069842334034 0.022770112989438398 -0.035091055641109807 0.040211157325956121 0.0612846002073918 0.1119388340089367 0.029774957720982629 0.037229323858720048 0.037200423092026653 0.33467972146891517 -0.09515609887919356 -0.12675929745539544 0.76031146692652929
leaf_weight=298.74154396806262 29.106649127148557 241.96310284500942 48.39211152200005 0.17045019008219142 20.712160552560821 64.54930002259789 139.1355915730237 2.2018407040741286 17.475172643898986 42.779168566456065 12.007371008396147 0.50586980732623554 14.833366718841717 10.23403643327765 53.260613537859172 23.103606785647571 8.8559774575987813 25.055756365356501 0.11496549448929716 4.0332408904796457 0.16639316908549462 3.5433476478792727 0.16647194162942469 26.102980696130544 90.216771967243403 251.76397562562488 5.717203041538597 8.0529369865544158 350.47805162915029 15.342648328281939 9.3178941719233972 11.317048350349074 2.7274335185065857 16.875945289153606 143.20176206482574 2.6867051199078551 15.747041048482059 5.5960768535733214 20.214672798989341 2.6664321590214959 7.5913775181397787 1.6982128834351895 54.599654351361096 3.0731695564463761 65.198008615872823 68.577175111975521 12.367105409502981 2.0068924985826007 76.816456746309996 252.26974181085825 30.013869181275368 22.246525974944234 21.746405620826408 1.9876118968240915 0.29119467397686094 2.8000661320984364 0.77694628108292818 1.0645906622521568 0.4589870674535631 2.5217096181586376 1.3423545472323883 0.033314067928585156
leaf_count=251151 2762 4446 36062 4 2334 48705 6772 309 1104 640 1191 43 1003 303 16024 489 643 5338 29 3041 26 231 14 378 1904 3313 145 141 4933 744 272 267 69 219 2062 138 524 66 386 54 104 42 2829 27 1307 773 161 25 800 2718 464 250 350 172 66 31 15 41 38 20 11 18
internal_value=-0.00959359 -0.0385111 -0.0132587 0.00176375 -0.00553926 -0.0119845 -0.0172192 -0.063559 -0.0579429 0.021809 0.0038847 0.00321369 0.0386081 -0.00768954 -0.0454089 0.0361521 0.00265254 0.00319942 -0.0755306 -0.0104936 0.0561526 0.129566 0.415278 0.00282012 0.00331571 0.00842503 0.0030541 0.000328833 0.0079492 0.0545798 0.00524528 0.00387938 -0.0364895 0.00622432 0.000785192 0.00883005 0.0243043 -0.053322 0.0460207 -0.028495 -0.0519597 -0.101427 0.03402 -0.00525097 0.0100087 -0.00805072 -0.00997208 -0.00600238 -0.00716677 -0.0005205 -0.0207931 -0.00186058 0.0281089 -0.0290327 0.264327 0.0893669 0.146845 0.0042772 0.126818 0.00027447 0.00572868 -0.0740418
internal_weight=2668.62 752.539 447.37 1916.08 381.469 308.714 192.567 66.7511 65.9006 72.7552 1723.51 1688.4 26.3502 11.5169 53.4311 35.111 1662.05 1632.94 305.169 6.42701 24.5884 3.87621 0.332865 1624.09 1597.98 589.534 499.317 1008.45 426.278 21.0599 398.011 388.693 21.3388 367.354 478.257 226.493 83.2912 18.6113 28.2676 12.9445 10.2578 7.29429 70.3467 582.171 90.2538 491.917 467.098 398.521 393.714 264.637 129.077 52.2604 24.8196 6.02085 0.40616 4.80696 1.28282 48.1668 1.52358 46.6432 44.1215 48.4254
internal_count=408541 348458 93999 60083 56815 53460 22800 49014 37184 3355 37283 35603 1364 361 16028 1680 34239 31477 254459 3308 2605 271 40 30834 30456 11817 9913 18639 6395 889 5868 5596 444 5152 9024 5711 3649 375 527 296 158 108 3353 12244 6645 5599 5222 4449 4393 2879 1514 714 377 3213 95 56 58 750 79 671 651 36080
is_linear=0
shrinkage=0.08


Tree=51
num_leaves=63
num_cat=0
split_feature=4 3 18 4 5 0 4 4 5 6 7 6 17 17 1 13 13 3 15 7 13 18 6 4 6 6 15 18 4 12 17 20 6 18 10 20 0 4 4 20 17 17 0 17 5 17 1 4 4 0 6 5 6 16 18 4 3 18 0 20 0 0
split_gain=122.161 104.391 25.8941 38.248 14.1815 10.7586 9.11918 5.2348 6.94118 5.1035 4.81036 4.77789 4.73527 5.97738 5.36652 6.96698 7.55661 6.4719 5.85817 4.63029 6.37183 4.54043 13.5275 7.06825 10.5564 5.7804 5.12524 8.57521 8.29173 5.00361 4.41703 4.38336 4.35937 4.34199 5.59145 4.32683 4.17604 8.96943 5.91847 5.18984 11.7978 4.15736 4.03793 4.03048 4.02063 4.01839 3.93626 3.75415 3.6897 6.49851 6.09539 5.01351 6.34265 6.39078 6.18863 5.95535 3.66015 10.5271 5.44681 8.23562 7.77908 6.05224
threshold=64.136540400403291 77.032967032967051 0.52960654460459688 47.836488454337434 44.31477953184541 16.500000000000004 77.805145046524373 55.825758470074383 48.822594358803748 0.99912280701754397 1.0000000180025095e-35 0.65180451558682939 0.36451048951048953 0.36055555555555557 0.21778656126482213 0.7633053221288516 0.534959349593496 76.5331664580726 1.0000000180025095e-35 1.0000000180025095e-35 0.86335403726708082 0.99683544303797478 0.98186147186147199 96.884704968944121 0.87241706506222649 0.79232550499217169 1.0000000180025095e-35 0.97156334231805941 98.192705498094739 1.0000000180025095e-35 0.64051282051282066 7.7653596403596419 0.723033549286349 0.31514294222751643 1.0000000180025095e-35 -31.675217005433243 8.5000000000000018 63.656746840603347 54.328123884963965 -71.12850763548154 0.96362433862433872 0.52679425837320581 20.500000000000004 0.98888888888888904 97.698500979924788 0.46225071225071229 0.30471628592483424 40.077220077220083 49.650281242357551 6.5000000000000009 0.62536321577463916 40.08032128514057 0.52902010334920579 1.0000000180025095e-35 0.42162768721946614 43.76341201716739 43.792808219178092 0.98757716049382727 12.500000000000002 -11.7574660311196 13.500000000000002 8.5000000000000018
decision_type=2 2 2 2 2 2 2 2 2 2 2 2 2 2 2 2 2 2 2 2 2 2 2 2 2 2 2 2 2 2 2 2 2 2 2 2 2 2 2 2 2 2 2 2 2 2 2 2 2 2 2 2 2 2 2 2 2 2 2 2 2 2
left_child=1 36 4 -4 33 9 35 8 11 19 -5 43 13 -8 17 16 18 -14 -16 21 32 23 -23 45 25 -25 -26 -28 -29 44 -17 -11 -21 -3 47 -7 37 38 39 40 -1 -18 -15 -6 46 -2 -27 -35 49 50 51 52 -49 -54 -55 -56 57 -47 61 60 -60 -58
right_child=5 2 3 10 7 6 12 -9 -10 31 -12 -13 14 42 15 30 41 -19 -20 20 -22 22 -24 24 26 29 27 28 -30 -31 -32 -33 -34 34 -36 -37 -38 -39 -40 -41 -42 -43 -44 -45 -46 56 -48 48 -50 -51 -52 -53 53 54 55 -57 58 -59 59 -61 -62 -63
leaf_value=-0.0031396106663258406 0.029581934265850193 0.0015480457454505085 -0.077293987788935661 0.0010875417642864215 0.05646329525555091 0.16629775006005632 0.013529567212582159 0.060407373258510012 0.41106584217213032 0.075233848315788721 0.14282307553881596 -0.11410100822282454 -0.042976346719328755 0.42343781972279149 -0.0065853592843885169 -0.046728104176077506 0.016286790902210732 0.14251433468369037 0.19505109621160277 0.12835194587508653 0.073160587512057521 -0.001022615934676081 -0.071593346494372864 0.04025032495159013 0.0053706291257638941 0.083058940200620962 0.069628784622536022 -0.070457049432840299 0.051145073368394973 0.056017841166611321 0.025050418926319817 0.014227701306609884 -0.024900464839847279 -0.071848389404553889 0.096546288857432522 -0.057086217742586619 -0.078233899566030884 0.66184096248974822 0.06569100755875 -0.07054507356497744 0.69527214670462789 0.11472849452145062 0.064113667412792771 0.330542285759794 0.083622638312103842 -0.024353614117952008 -0.058353891016262635 -0.08172771672399462 -0.031119987335730952 -0.080641486913236651 0.87440572788761561 -0.081692982190434263 0.93676473292423679 -0.081235789499955469 0.3145276220762489 1.6155395287841214 0.0035145422844650794 0.31292757725903109 0.12913113257675873 0.0087506343897501265 0.023959166459871579 -0.010975979112377351
leaf_weight=1.0878819605568484 33.242539098078851 258.93487416987773 80.149757969920756 66.143058605783153 0.68360157753340833 0.56407723762094875 31.67341868695803 3.9370378837920725 0.75494349736254651 11.180369897978379 1.5688470723107446 0.4203215135494246 42.773555933963507 0.38082451117224891 34.966711944667622 25.663932599127293 4.7040028776973468 1.2386993505060662 0.94713241700082917 1.3438759354176006 13.951623571338132 117.03663100977428 20.416428347118199 10.287215543212367 20.796060928609222 1.3345855576917625 43.157345425337553 6.304187263362107 8.3316501956433058 3.8060526913031927 6.9788715429604045 23.135467389598489 10.236638151924124 13.514493399910867 1.9052490959875275 34.256451320194174 256.21490418305621 0.11480360518908028 2.6589763418305656 20.389522921701431 0.18047470110468555 6.5948923116084188 0.42189574660733342 0.68998092552646995 1.5237201275303949 47.803047582739964 22.467455491423607 0.17471134581137338 5.9316927883774042 0.70631947589572519 0.087792402599006891 0.31245640513952821 0.13752700295299292 0.14463386125862598 0.070802988368086517 0.033018846646882594 1013.8354035425 0.59967623115517099 7.9058171892538693 66.77314788964577 10.451049921801312 225.50173656048719
leaf_count=283 1025 6267 73295 4703 57 13 1162 66 31 1191 31 7 5790 23 2078 276 57 23 15 58 1004 2115 232 276 500 36 1645 63 233 71 109 489 304 8758 61 13959 234635 13 633 17603 41 118 22 33 47 8733 378 18 129 242 40 93 32 11 39 14 14983 47 102 1228 148 2853
internal_value=-0.0089952 -0.0371585 -0.0126755 -0.039896 0.00127847 0.00156203 -0.0164432 0.118236 0.20756 0.00356151 0.00437147 0.121917 -0.00819721 0.0189934 -0.0153261 -0.00296407 0.0166842 -0.0377558 -0.00126773 0.00294028 0.0367498 0.00242075 -0.0115048 0.00367662 0.0224824 -0.0113023 0.0394282 0.0516833 -0.00123338 -0.0295069 -0.0313822 0.034104 -0.00711609 -0.00141195 -0.0347086 -0.0534675 -0.0752204 -0.0436182 -0.0469488 -0.0607777 0.0962375 0.0737448 0.234583 0.194139 -0.0423599 0.00209835 -0.0504248 -0.0465529 -0.00156563 0.103581 0.23899 0.175101 0.318204 0.499229 0.257041 0.728293 0.00143286 -0.0201749 0.00222252 0.0217972 0.069254 0.000877941
internal_weight=2629.53 716.948 436.301 147.862 288.439 1912.59 191.164 6.48589 2.54885 1721.42 67.7119 1.7939 156.344 32.4761 123.868 79.8555 47.2127 44.0123 35.9138 1687.11 25.5321 1661.57 137.453 1524.12 118.008 39.419 78.5892 57.7932 14.6358 29.1318 32.6428 34.3158 11.5805 281.954 23.0187 34.8205 280.647 24.4317 24.3169 21.6579 1.26836 11.2989 0.80272 1.37358 25.3258 1406.11 23.802 21.1134 7.59896 1.66726 0.960943 0.87315 0.560694 0.385983 0.248456 0.103822 1372.87 48.4027 1324.47 85.13 18.3569 1239.34
internal_count=408541 347135 93927 78029 15898 61406 23645 194 128 37761 4734 97 9673 1207 8466 2653 2268 5813 2093 36081 1366 34715 2347 32368 3249 808 2441 1941 296 532 385 1680 362 15704 9437 13972 253208 18573 18560 17927 324 175 45 90 461 29119 414 9376 618 489 247 207 114 96 64 53 28094 8780 19314 1478 250 17836
is_linear=0
shrinkage=0.08


Tree=52
num_leaves=63
num_cat=0
split_feature=4 3 18 4 5 0 4 4 18 7 0 4 18 4 17 0 1 7 17 1 13 13 20 15 17 17 20 4 5 7 11 4 18 20 5 5 5 18 18 17 1 17 13 20 3 5 0 18 4 5 7 4 4 5 7 3 20 1 3 0 0 20
split_gain=108.912 100.426 23.144 36.3802 11.2529 9.30275 8.33709 4.56887 6.76502 4.30432 4.26068 7.57485 4.48707 8.29802 4.09223 5.26483 5.92131 4.09174 4.03083 4.82105 5.95836 6.29011 5.71313 4.59812 4.03703 3.82982 3.70689 3.6205 4.62456 3.59588 4.20945 4.75442 4.48046 5.14896 3.76567 7.4334 3.46352 3.43473 6.43367 3.40388 3.29978 3.24553 3.24442 3.99783 6.46387 6.568 5.0428 3.37842 5.54782 10.5886 3.45753 3.16886 3.17972 4.80039 3.22072 3.14237 4.13572 3.47688 6.15999 5.92761 5.90915 8.32315
threshold=64.136540400403291 77.032967032967051 0.52960654460459688 47.836488454337434 44.31477953184541 16.500000000000004 77.805145046524373 91.686991869918714 0.75620004099200666 1.0000000180025095e-35 8.5000000000000018 54.328123884963965 0.33971423337607626 34.649567318936626 0.8218253968253969 11.500000000000002 0.50396825396825407 1.0000000180025095e-35 0.36451048951048953 0.21778656126482213 0.7633053221288516 0.534959349593496 25.804283694872357 1.0000000180025095e-35 0.36055555555555557 0.64051282051282066 -28.84615384615384 55.825758470074383 48.822594358803748 -1.0000000180025095e-35 1.0000000180025095e-35 57.540708193331618 0.78393734643734658 -19.999999999999993 43.256237006237015 42.829349638688171 23.640841916703987 0.88929738562091509 0.89494906621392201 0.52679425837320581 0.53950103950103967 0.22318007662835251 0.12310606060606062 -3.3042687087724611 31.139971139971149 95.093431159004936 27.500000000000004 0.90254694582344064 90.957190957190974 85.22532021243363 1.0000000180025095e-35 63.182720953326715 55.081142063698699 54.292178409825482 1.0000000180025095e-35 36.088342440801462 53.678919483456262 0.55646630236794181 64.326765188834159 4.5000000000000009 12.500000000000002 -7.6589660193769644
decision_type=2 2 2 2 2 2 2 2 2 2 2 2 2 2 2 2 2 2 2 2 2 2 2 2 2 2 2 2 2 2 2 2 2 2 2 2 2 2 2 2 2 2 2 2 2 2 2 2 2 2 2 2 2 2 2 2 2 2 2 2 2 2
left_child=1 10 4 -4 14 7 26 9 40 36 11 12 13 -1 -3 -16 -17 29 24 22 21 23 -20 -21 42 -22 -7 28 -6 30 32 -32 33 34 35 -5 -2 -11 -39 -23 -9 -10 -8 -44 47 46 -46 48 49 50 -45 52 53 -13 -54 56 -38 -57 -59 -60 -61 -62
right_child=5 2 3 17 27 6 18 8 41 37 -12 51 -14 -15 15 16 -18 -19 19 20 25 39 -24 -25 -26 -27 -28 -29 -30 -31 31 -33 -34 -35 -36 -37 55 38 -40 -41 -42 -43 43 44 45 -47 -48 -49 -50 -51 -52 -53 54 -55 -56 57 -58 58 59 60 61 -63
leaf_value=0.013042659319053226 0.18947536195118775 -0.015978937409509592 -0.077063297310735385 0.10182144949028138 0.10322678543789587 0.088687183755784035 -0.064925661968142034 0.0047282099864199966 0.11287939882578751 0.085124686182414033 -0.078076168335961899 -0.080267701491581092 -0.075315339850080626 1.0626176630271531 0.0040553280220718526 0.06327438203236195 0.49086242874139424 0.13200047431517015 0.09736460022400735 -0.006079619739622422 -0.043926394866677834 0.01491195519208297 -0.042666942384410343 0.16640775891438342 0.17950286095981174 0.022899345241813113 -0.057026126185094415 0.053997244537543343 0.32516963254272901 -0.11725923719640902 0.13488575544942763 0.0068260202271272124 -0.020864834521982966 0.33689771634764265 0.015045583474099612 0.92261514852953808 -0.063460529082218983 -0.31151697144210461 0.024128033719147832 0.10352577985052415 0.055969588066309875 0.0062439104613897555 -0.049702282714240424 0.017687994453348056 0.33284541716172317 0.037975805112295216 0.059553736274680753 -0.0074199398579489519 -0.0039539960976472605 0.41567301474657015 0.38879563925699018 0.34422313304443203 -0.0063131168814477816 0.74202202761598768 0.26513437315715005 0.010981055851767825 0.00014102965087441514 0.057272451779981408 0.0029736893310268408 -0.012714229705801425 0.072821238566746757 -0.049434458116233787
leaf_weight=2.9983337901067055 0.61442199477460135 85.471081952331588 74.200267533538863 0.4533714420395033 1.9312173530925059 1.1578938579186786 3.1362094166688648 11.360396172851322 1.832328485790639 6.8130105271702615 236.97506231904845 0.082439052988774963 17.40033730736468 0.048996710102073737 195.14800764143001 0.71267321764025726 0.29228278074879199 1.5619643423706282 1.955007261596619 34.850462112342939 25.13910108152777 4.7257307134568673 40.35500488471007 1.0180054064840067 0.95223001867998291 7.0218061897903672 31.913516787288245 4.0471413023769855 0.87222434231080104 1.6056508468464006 3.1572683939011759 4.5000463146716356 35.687753323814832 0.33457291056401928 20.367085797479376 0.083643432124517858 11.629717009840535 0.39325410267338146 5.1773406591964886 6.7183762532658875 27.544362260494381 592.57271969900467 4.3710665907710817 1.6952847316861199 1.1995066576637317 2.6010854346677661 0.67543515097349871 14.06325474975165 3.299606969114393 0.70999419782310713 0.17749692313373078 0.25951002677902568 2.2019804042065521 0.10123029875103384 0.32045517012011249 161.0899053568719 14.960687309328931 11.154557182453571 511.49885290488601 342.24336778162979 11.762340803164991 5.113212172407656
leaf_count=1080 14 7760 73295 113 97 21 245 286 40 431 234635 42 16828 19 7862 58 24 31 39 2078 276 57 5774 15 45 109 13951 66 31 35 64 89 3017 28 1334 23 5258 15 295 118 793 12606 39 249 58 82 27 339 83 30 10 32 539 25 8 4358 2046 259 7389 3755 149 67
internal_value=-0.00843381 -0.0356428 -0.0119185 -0.0383635 0.00109447 0.00144086 -0.0154664 0.00329083 0.00868795 0.000133135 -0.0748596 -0.042303 -0.0596323 0.0299183 -0.00136985 0.00499587 0.187635 0.00401994 -0.00767075 -0.0143815 -0.00276764 0.0152924 -0.0361965 -0.00118415 0.0171842 -0.0293361 -0.0519244 0.102401 0.172279 0.000999808 0.00393991 0.0596277 -0.00355079 0.0255423 0.020559 0.229665 -0.00040956 0.0470274 0.000433297 0.0669336 0.0410068 0.00657263 0.0123433 0.0207597 0.0333712 0.120252 0.234394 0.013874 0.0647824 0.152596 0.0528605 0.0771812 0.0515724 0.372941 0.0281721 -0.000518653 -0.0276761 0.000173794 -0.00180057 -0.00255743 -0.0104355 0.0357783
internal_weight=2594.31 690.815 430.426 141.952 288.475 1903.5 187.736 1715.76 633.31 1082.45 260.388 23.4133 20.4477 3.04733 281.624 196.153 1.00496 67.7514 154.665 121.783 79.4735 47.3126 42.31 35.8685 32.8812 32.1609 33.0714 6.85058 2.80344 66.1894 64.5837 7.65731 56.9264 21.2387 20.9041 0.537015 1070.07 12.3836 5.57059 11.4441 38.9048 594.405 31.9289 28.7927 24.4217 4.47603 1.87494 19.9456 5.88238 2.58278 1.87278 2.96561 2.7061 0.183669 2.52244 1069.45 26.5904 1042.86 881.772 870.618 359.119 16.8756
internal_count=408541 347135 93927 78029 15898 61406 23645 37761 13725 24036 253208 18573 17927 1099 15704 7944 82 4734 9673 8466 2653 2268 5813 2093 1207 385 13972 194 128 4703 4668 153 4515 1498 1470 136 23295 741 310 175 1079 12646 1162 917 878 167 85 711 372 289 259 646 614 67 547 23281 7304 15977 11619 11360 3971 216
is_linear=0
shrinkage=0.08


Tree=53
num_leaves=63
num_cat=0
split_feature=4 3 18 4 5 0 4 20 1 13 18 10 18 13 17 1 3 4 5 0 4 20 17 12 20 4 18 5 2 18 18 13 12 5 18 18 20 4 17 1 18 4 18 13 18 18 5 20 1 7 13 1 3 17 17 0 0 17 0 0 0 17
split_gain=96.8685 96.468 20.7743 34.4563 9.05192 8.18555 8.32625 5.25965 4.96134 8.86176 21.5518 4.50747 5.51372 7.62335 9.28903 6.25746 21.7533 6.14956 5.61008 4.30839 6.55025 4.25507 4.07685 3.99973 3.65767 4.76607 4.93181 6.69821 4.47823 4.35572 4.97752 3.65289 3.73168 3.64016 5.66294 7.51542 4.28252 7.37752 3.59966 11.7786 3.74242 8.59162 8.15455 5.49722 5.01477 4.05857 5.59488 3.64421 6.78201 3.54944 6.54041 3.55161 10.5551 7.82019 5.23077 6.39892 3.89285 4.07077 6.61326 3.91708 7.53916 10.3271
threshold=64.136540400403291 77.032967032967051 0.52960654460459688 47.836488454337434 44.31477953184541 15.500000000000002 77.805145046524373 58.235239809813976 0.063508064516129073 0.14039408866995082 0.83796653796653808 1.0000000180025095e-35 0.7576941287878789 0.95974235104669903 0.60922587486744451 0.28416149068322988 35.585996955859976 95.782060785767243 74.431524547803633 8.5000000000000018 54.328123884963965 -71.12850763548154 0.96362433862433872 1.0000000180025095e-35 6.7538163590795195 99.779735682819407 0.97510330578512405 89.099909990999109 0.98348348348348369 0.827216610549944 0.85236587183308499 0.46862745098039216 1.0000000180025095e-35 96.015873015873026 0.89753684635574416 0.90254694582344064 -3.3042687087724611 96.884704968944121 0.97700845665961955 0.94868421052631591 0.9644437420986095 91.686991869918714 0.97714211076280055 0.82085561497326209 0.99683544303797478 0.97379862700228847 92.814068537175473 18.036281004796756 0.66333333333333344 1.0000000180025095e-35 0.86335403726708082 0.50396825396825407 53.694939934473979 0.7886762360446572 0.6478537360890303 6.5000000000000009 8.5000000000000018 0.64365079365079381 7.5000000000000009 6.5000000000000009 7.5000000000000009 0.77459677419354855
decision_type=2 2 2 2 2 2 2 2 2 2 2 2 2 2 2 2 2 2 2 2 2 2 2 2 2 2 2 2 2 2 2 2 2 2 2 2 2 2 2 2 2 2 2 2 2 2 2 2 2 2 2 2 2 2 2 2 2 2 2 2 2 2
left_child=1 19 4 -4 23 11 7 31 -9 10 -10 49 13 14 15 16 18 38 -13 20 21 22 -1 -3 25 26 27 29 -29 -19 -31 -7 -33 34 -30 -36 -37 -38 39 40 -14 42 -42 -44 -45 46 -43 -40 -49 51 -51 52 54 -54 -2 -56 57 58 -53 -59 -61 -62
right_child=5 2 3 -5 -6 6 -8 8 9 -11 -12 12 17 -15 -16 -17 -18 24 -20 -21 -22 -23 -24 -25 -26 -27 -28 28 33 30 -32 32 -34 -35 35 36 37 -39 47 -41 41 45 43 44 -46 -47 -48 48 -50 50 -52 56 53 -55 55 -57 -58 59 -60 60 61 -63
leaf_value=-0.0038973141199717077 0.016898921814411837 0.00057679145628775454 -0.076815860449794396 0.0035958570981259675 0.089769637644113665 -0.067319308903975791 -0.0062147214476748107 -0.080533173633207 1.8208625789628641 0.044979099117970843 -0.080206823856959999 3.6214145313266339e-05 -0.007908367506878379 0.052453975826221355 -0.036010288123847357 0.061824697048313899 1.5457286169154738 0.087540185837665277 0.64639567052002866 -0.077907037039721086 0.066710441385110911 -0.06917065153732635 0.30559812459248148 -0.050405945269203452 0.0086600169069572189 0.078257822642333247 -0.014779162104054904 0.093607435272922326 0.084446486947440766 -0.27061560464018719 -0.033634643520656399 0.027935915888976478 -0.075544952378283847 0.068961805719675515 -0.36885733813410604 0.085998390485877152 -0.36631625577460952 0.0047376161360450772 0.017006218606303834 -0.20540182333459367 0.054168201198001933 0.09438536587292877 0.050945579842718261 -0.085008758090451053 0.0057520211982595073 0.089142419090092448 -0.092639642975377537 -0.014832518458577856 -0.3268368934287782 -0.013162822990142754 0.070762331413278659 -0.019475660611488005 0.015145909202993316 0.070696419930782503 0.12479862440606794 -0.042644136691039093 -0.012934159361749581 0.0017200661288280295 0.046212955019636154 -0.034060945479481422 0.021834350761484211 -0.041835767969045597
leaf_weight=1.0986125872004837 19.755777639744338 271.04330887261312 68.707379785802914 67.717442658147775 7.1669347074348471 26.513165770040359 182.56062023231061 0.27566815377212961 0.073634880944155157 0.22332465287763625 0.079230963834561408 0.34686290402897002 179.8480604327051 39.311912045348436 14.072508073993957 1.4923938211286438 0.086055148742161691 0.9566300418227941 0.11424781242385507 219.21166560490383 3.1074218851281321 17.858174979803152 0.36219691927544762 10.219701095717026 54.80767677212134 13.956957373768089 13.759182574227451 12.11443795543164 1.8170939320698378 0.85076169110834632 1.7021078709512947 6.1181505118729529 3.5097459518583491 5.0461781546473503 0.52632507495582137 1.0627457499504092 0.52390351705253102 0.99282726179808378 92.035434935707599 1.8490694444626559 9.5758497085189465 1.9611206310801197 3.9095731431152698 11.428971204441043 5.9113106466829768 11.787624420598148 2.1416070433333516 2.3463239965494718 0.55049018934369076 11.261938115349039 12.582973793847486 14.75683963857591 61.344407858327031 22.048259217757732 1.5305659396108229 31.987820729147643 164.73238416505046 681.18138593947515 29.25324303843081 61.137438162229955 56.138956235721707 22.976423443760723
leaf_count=283 1533 11914 73295 4734 194 14368 10865 91 31 66 32 105 3832 1068 773 33 16 47 6 234635 646 17603 41 3790 1064 1318 292 364 117 14 44 551 299 354 18 56 11 53 3266 39 316 42 231 88 63 183 24 169 4 329 1026 133 791 383 33 4063 2180 8729 399 578 671 245
internal_value=-0.00789696 -0.034133 -0.0111797 -0.0369017 0.000986634 0.00132119 -0.0132119 -0.0479306 0.177291 0.366222 0.835531 0.00322148 0.00970634 0.0334595 -0.0128853 0.146672 0.378093 0.0066551 0.160182 -0.0744903 -0.0410926 -0.0584325 0.0728398 -0.00127567 0.023172 0.0380918 0.0238462 0.0446118 0.0609272 -0.0580526 -0.11261 -0.0519928 -0.00978692 0.0212142 -0.0277292 -0.0933592 -0.0371456 -0.12343 0.00113237 -0.00430932 -0.00266813 0.0175058 -0.00712648 -0.0347478 -0.0540684 0.06529 -0.00324092 0.0142254 -0.0741236 0.000569743 0.0311245 -5.46562e-05 0.0120631 0.029833 -0.015753 -0.0349981 -0.00166224 0.000483311 0.0241872 -0.000786674 -0.0129614 0.00334349
internal_weight=2563.42 666.493 424.855 136.425 288.43 1896.93 219.354 36.7929 0.651859 0.37619 0.152866 1677.57 486.886 55.424 16.1121 2.03956 0.547166 431.462 0.461111 241.638 22.4264 19.319 1.46081 281.263 108.117 53.3092 39.3522 25.593 22.0835 3.5095 2.55287 36.1411 9.6279 9.96907 4.9229 3.1058 2.57948 1.51673 323.345 228.413 226.564 46.7161 30.8257 21.2499 17.3403 15.8904 4.10273 94.9322 2.89681 1190.69 23.8449 1166.84 136.667 83.3927 53.2742 33.5184 1030.18 865.444 44.0101 821.434 140.253 79.1154
internal_count=408541 347135 93927 78029 15898 61406 26303 15438 220 129 63 35103 14010 2001 933 160 127 12009 111 253208 18573 17927 324 15704 3752 2688 1370 1078 973 105 58 15218 850 609 255 138 120 64 8257 4818 4779 947 698 382 151 249 66 3439 173 21093 1355 19738 6803 1174 5629 4096 12935 10755 532 10223 1494 916
is_linear=0
shrinkage=0.08


Tree=54
num_leaves=63
num_cat=0
split_feature=4 3 9 0 18 4 4 18 4 1 6 18 6 4 20 5 2 7 0 4 0 0 20 1 7 0 2 15 3 0 0 3 3 0 2 20 1 1 18 2 3 18 2 14 15 1 2 10 6 18 3 2 4 6 18 6 18 1 18 9 10 5
split_gain=85.818 93.9816 18.3979 7.24628 6.53839 12.4686 8.37736 17.2015 6.5177 6.21305 7.29272 7.364 5.29663 5.25273 5.07727 4.77912 10.0928 4.59545 4.50325 4.99087 4.33003 7.40443 14.3142 5.53039 4.26065 4.37629 7.08452 7.3141 6.66732 5.54261 4.53636 21.5961 10.736 11.7338 8.65702 8.19049 6.35117 4.24256 4.20546 4.20421 4.18414 4.07695 6.48802 3.92051 5.04447 8.63271 6.26603 4.28783 9.17854 5.41862 3.96742 4.13804 3.79217 3.68624 3.6722 11.9041 3.65861 3.54047 4.66581 3.41771 3.3217 3.31614
threshold=64.624765478424024 77.032967032967051 1.0000000180025095e-35 23.500000000000004 0.78059477963200696 48.989795918367356 41.565737633153368 0.28664077990746867 52.062900218853862 0.31851119894598162 0.6059268867196822 0.58578643578643586 0.99912280701754397 54.12304371289801 7.7653596403596419 54.589800443458991 0.92000732600732615 1.0000000180025095e-35 8.5000000000000018 54.328123884963965 13.500000000000002 12.500000000000002 -6.0331825037707345 0.60208333333333341 1.0000000180025095e-35 8.5000000000000018 0.89998316498316511 1.0000000180025095e-35 77.871939736346533 9.5000000000000018 7.5000000000000009 95.282599020916791 64.326765188834159 6.5000000000000009 0.91513878278584171 -6.5920794181663736 0.49545454545454554 0.13819628647214857 0.64918826918041384 0.86334401709401731 44.033898305084755 0.33971423337607626 0.94334422657952077 1.0000000180025095e-35 1.0000000180025095e-35 0.9177927927927928 0.89735591206179455 1.0000000180025095e-35 0.84198324994625262 0.61964176362522971 81.892697466467965 0.87620421245421254 70.2866502866503 0.82685930236917093 0.66774891774891787 0.68943644968670259 0.96791352093342498 0.70412457912457926 0.94881152910349997 1.0000000180025095e-35 1.0000000180025095e-35 92.071349992142089
decision_type=2 2 2 2 2 2 2 2 2 2 2 2 2 2 2 2 2 2 2 2 2 2 2 2 2 2 2 2 2 2 2 2 2 2 2 2 2 2 2 2 2 2 2 2 2 2 2 2 2 2 2 2 2 2 2 2 2 2 2 2 2 2
left_child=1 18 4 12 6 -6 7 -3 53 10 -8 -12 20 17 -14 -15 -17 54 19 41 21 24 23 -23 25 30 28 -28 37 39 32 -32 -2 43 36 -36 -33 40 -18 -30 -27 42 -1 44 45 -34 -46 -45 49 -49 51 -50 -22 -4 55 -11 -39 58 -53 -5 -24 -48
right_child=3 2 8 59 5 -7 9 -9 -10 13 11 -13 14 15 -16 16 38 -19 -20 -21 52 22 60 -25 -26 26 27 -29 29 -31 31 34 33 -35 35 -37 -38 56 -40 -41 -42 -43 -44 47 46 -47 61 48 50 -51 -52 57 -54 -55 -56 -57 -58 -59 -60 -61 -62 -63
leaf_value=0.0092016669977553027 0.048306611280934053 0.0015756214161958902 -0.072941050209814742 -0.021119545263922679 -0.077430412709263166 0.0019820786071052337 0.056180764420941824 -0.06806848398841886 -0.012919155824588762 0.082188597854101056 1.6533334023901811 0.34873106970994094 0.075207313452391941 -0.011266006538011448 0.013293582432149533 0.22235341219201787 -0.042621437554804693 0.55109331688490704 -0.077744590881960271 0.043163992785898872 -0.047847392006069647 0.070056984174105205 -0.012768467254912303 0.18168341358174392 0.038748654272058779 0.044210340138275919 0.069689466486651627 -0.021288201269340518 -0.062188782705210804 0.050147095385711084 -0.03299694012678369 -0.039996434235848852 -0.020861161277545778 -0.025937024786879169 0.0074933774817381648 0.058111961921179484 0.090951758539668484 -0.01978388226028515 0.060254533927146262 0.023928351572120317 0.38652697015580856 -0.074550237909235623 0.84638104246403056 0.001577455481802691 0.056185624673153092 0.064334492117512423 -0.048502912943624993 0.079075943885901778 0.081010648486507728 -0.01848095699681861 0.033113958021577621 -0.020501968976677123 -0.0060257829807620292 0.77844055432350479 -0.0039100146269439948 0.77499716371994942 0.01957030039878397 0.032934823493635086 -0.17187866127679691 -0.082110509757531813 0.033317022260693982 -0.13118270448846406
leaf_weight=3.123891192488379 30.530915590119548 246.41270335344598 37.497286895959405 36.993414761673193 21.156125665060245 31.48615985235665 0.15212102880468492 25.000292886252282 17.358872661134228 9.1968467184342373 0.048213561123702675 0.065053882193751633 11.487109923036767 20.18711527553387 32.348014558199793 1.881867816671728 4.070089952554552 0.12757307256106365 204.41573633844382 3.8408795017749062 14.778177190048153 10.128773364704101 22.511107150698081 3.9476352427154771 19.783437470090576 6.0768818416399872 5.8589113811030975 162.90155577193946 5.8026027120649806 31.385519996285439 42.732893270091154 2.6689197467640069 34.494332399219275 99.256885254289955 68.683715594932437 29.137186797335744 21.198383854702115 66.614191205124371 6.7785525871440768 9.6818487513810378 0.2374524320475756 15.066298671998082 0.060390776256099232 642.70150678418577 2.8155790641903904 9.7672309717163426 9.9708050424233061 3.9300434682518235 2.0643228106200677 50.025853329338133 105.81634333822876 3.1732378294691443 227.31380074121989 0.032575548917519792 3.3084956026868904 0.16151390207232985 19.557422551850323 2.4749033683910966 2.2111922577023506 6.9913652184186494 18.023630296462215 4.5085001811385146
leaf_count=1088 674 5228 36074 5379 23682 1431 29 23025 1104 1282 4 37 1354 330 720 69 47 5 235864 668 6778 129 1215 60 1152 632 116 1902 53 444 530 41 536 980 750 539 372 2563 93 106 11 16828 11 7979 37 308 96 169 29 876 4912 53 15532 6 1536 17 404 67 20 1783 740 42
internal_value=-0.00739325 -0.0324174 -0.0102321 0.00127503 -0.0038209 -0.0299326 0.000509974 -0.00483941 -0.0534535 0.0320883 0.41805 0.90405 0.00204353 0.0298476 0.0295182 0.0129407 0.0513259 0.0733458 -0.0740364 -0.0397235 0.00137174 0.00292521 0.0318593 0.101362 0.00186902 0.0013748 -0.00710631 -0.0181297 0.00624305 0.0308237 0.0036118 0.0159293 0.00159408 0.000128646 0.0331106 0.0225708 0.0763087 -0.00621392 0.0216585 -0.00834296 0.0570833 -0.0571674 0.025079 0.00308898 -0.0163765 -0.00206098 -0.0530131 0.00456391 0.0158747 -0.0113751 0.0285781 -0.0197882 -0.00857873 -0.0722021 0.0685342 0.0941456 -0.0108521 -0.046264 -0.0826669 -0.030814 0.00772329 -0.0742474
internal_weight=2532.01 651.429 424.921 1880.59 370.033 52.6423 317.39 271.413 54.8887 45.9774 0.265388 0.113267 1836.6 45.7121 43.8351 32.9176 12.7305 12.7944 226.507 22.0915 1792.77 1550.67 54.6111 14.0764 1496.06 1476.28 308.116 168.76 139.356 46.87 1168.16 164.421 1003.74 973.211 121.688 97.8209 23.8673 92.4859 10.8486 15.4845 6.31433 18.2506 3.18428 873.954 61.5564 44.2616 17.2949 812.397 169.696 53.9559 115.74 9.92366 242.092 37.5299 12.6669 9.35836 86.1716 7.85933 5.38443 43.9848 40.5347 14.4793
internal_count=408541 348458 93999 60083 56815 25113 31702 28253 37184 3449 70 41 52921 3379 2074 539 209 2840 254459 18595 50847 28537 2144 189 26393 25241 6231 2018 4213 603 19010 2232 16778 16104 1702 1289 413 3610 140 159 643 17927 1099 15124 1019 844 175 14105 6126 1045 5081 169 22310 36080 2835 1299 2967 140 73 7162 1955 138
is_linear=0
shrinkage=0.08


Tree=55
num_leaves=63
num_cat=0
split_feature=4 18 4 2 13 2 18 15 4 4 0 17 2 17 6 17 2 1 4 6 6 13 4 7 6 18 2 7 1 13 17 5 4 2 0 13 1 20 18 20 0 5 13 13 15 13 2 13 6 17 7 17 10 1 6 2 18 4 13 4 1 5
split_gain=81.8211 82.9501 21.1177 32.53 9.8812 8.07042 7.56089 6.03428 4.9819 9.49663 4.87616 7.97984 6.32232 9.71627 5.9463 5.36895 7.48628 6.56556 5.28926 6.82555 7.53562 7.8302 5.25506 6.81869 4.75235 5.37726 6.56648 4.82693 4.70831 7.71251 9.84898 8.9871 6.44863 5.70094 7.64969 11.4938 8.08956 6.56308 5.18964 5.47117 4.76555 4.72038 5.13958 4.54706 4.38732 4.28486 9.28355 7.86601 5.94532 5.62085 5.41547 4.86446 4.57885 7.76859 5.61604 5.25382 4.81303 4.2441 4.22158 4.16949 4.16068 3.97386
threshold=62.75941033347646 0.45480081716036774 49.324200913242016 0.74100014994751839 0.20871143375680581 0.84943242925320972 0.97883538633818601 1.0000000180025095e-35 38.36175566116858 1.0000000180025095e-35 5.5000000000000009 0.7886762360446572 0.94334422657952077 0.89009661835748799 0.73439102547172108 0.3504385964912281 0.46263497039359108 1.0000000180025095e-35 99.779735682819407 0.84198324994625262 0.82016632160110436 0.95974235104669903 82.780584230177922 1.0000000180025095e-35 0.73439102547172108 0.75521059487624853 0.8294774833010129 1.0000000180025095e-35 0.31622807017543864 0.92582417582417598 0.80810147299509005 58.234803171512034 77.805145046524373 0.89735591206179455 11.500000000000002 0.49242424242424249 0.45889639639639646 -3.8950611812916089 0.9644437420986095 -14.492753623188401 16.500000000000004 84.384031791907532 0.67708333333333348 0.74179894179894201 1.0000000180025095e-35 0.64611005692599621 0.93045514518726313 0.94427244582043357 0.9196102655858106 0.90803382663847787 1.0000000180025095e-35 0.91010101010101019 1.0000000180025095e-35 0.69631093544137035 0.84198324994625262 0.96847250090034487 0.66542288557213947 97.375310002755597 0.92582417582417598 40.329357549471403 0.8765243902439025 81.900656814449931
decision_type=2 2 2 2 2 2 2 2 2 2 2 2 2 2 2 2 2 2 2 2 2 2 2 2 2 2 2 2 2 2 2 2 2 2 2 2 2 2 2 2 2 2 2 2 2 2 2 2 2 2 2 2 2 2 2 2 2 2 2 2 2 2
left_child=1 5 -3 -4 6 -1 -2 -7 9 -9 11 -6 15 14 -14 61 17 -17 45 20 21 -20 23 -19 25 26 -5 -28 32 30 31 -30 43 34 35 36 -33 -36 39 -32 44 42 -37 -18 -31 46 51 48 49 -47 52 -13 55 -54 56 60 -55 -42 -51 -10 -49 -12
right_child=4 2 3 24 10 7 -8 8 59 -11 12 18 13 -15 -16 16 28 22 19 -21 -22 -23 -24 -25 -26 -27 27 -29 29 40 38 33 -34 -35 37 41 -38 -39 -40 -41 57 -43 -44 -45 -46 47 -48 50 -50 58 -52 -53 53 54 -56 -57 -58 -59 -60 -61 -62 -63
leaf_value=-0.060492686483110597 -0.029910846623534496 -0.07728867383342318 -0.077212204579089311 0.3206299977273524 0.05306608625772978 0.11025797079965631 0.01495220194374638 0.0013109613123751004 0.25313633634193672 -0.063991922474026006 0.08617638918957353 0.049581653595226205 0.012533929316975972 0.070690968905965962 -0.033587149582812427 0.47039553247812721 -0.067843711869018553 -0.081093480172692078 -0.21173248351052329 0.077445345288037565 -0.22075753657429084 0.064395550180100014 0.086568353990293917 0.72398090552696304 0.053576488055556259 -0.025619492507950543 0.016020385575981316 0.36542963367880155 0.16859245112025251 0.076832964056940956 0.13407026343226705 -0.051667250108106889 -0.0070569739162198823 0.092561685724258977 -0.038297603010956527 -0.088991491976267142 0.093439342245754189 0.049600717343052561 0.051593881747954498 -0.045518770679577839 -0.019931200532584709 -0.093093022343664733 0.073458562271511874 0.15758458559199842 -0.00053483839313689613 -0.088589712394467904 0.086987920216735889 0.013917275427230671 -0.077441153349869007 0.025821742088378105 0.082540447454000271 -0.099357892060288916 -0.076146530182632996 0.08951550964624358 0.035688955477285463 -0.00022809243174610094 -0.0083262464833132252 -0.10414297279672557 -0.12186246232194473 0.034281590583701116 0.064274240948266309 0.019088400338885557
leaf_weight=14.090130020427749 100.81433978749556 190.90337933352566 58.455575839063386 0.47802454495104285 24.500178288901225 3.2309666588553219 31.571459274389781 242.68515405035578 0.57593480718788015 15.14151317818323 7.1293585384264579 2.4005546439439085 22.608820613473654 7.4158562959637484 85.731048225890845 0.25267822021851216 16.972298694803616 2.050664193637203 0.79264580179006117 14.063788834027944 1.0428837873041628 3.8477944377809763 8.2366170171881077 0.069615808431990334 11.070759398513472 30.298449179681484 19.486499562975954 0.25636499654501577 3.0485713059315449 4.7317967074923208 1.1419786661863387 3.6079392411047611 86.243224778445438 8.1606431556865555 6.1365758255124083 2.2158563955454147 7.7202682859497145 47.660985290829558 5.2258649457944548 22.020848549786024 27.203630998847078 9.5850743828341347 2.8490151986479759 0.59265303949359704 543.1151810210431 4.3259741039946702 11.392972198780624 55.821651333011687 12.321160802617667 15.229857333470138 5.9405350359156719 3.3787950417026877 5.226024951785802 3.5084897624328724 81.6314129056409 488.87786966655403 38.827246530912817 4.4578322302550069 1.3484395556151856 17.055886062909849 12.933935252949594 27.245091870427132
leaf_count=10426 17856 238452 74081 127 511 162 2021 5817 148 7084 1076 37 223 187 1094 41 9371 1060 25 1389 42 221 421 22 390 4599 1555 5 156 77 26 76 5426 162 68 35 155 1043 119 433 611 92 31 48 6877 48 485 694 192 277 717 30 74 166 4246 5811 721 33 8 513 187 503
internal_value=-0.00635386 -0.0319821 -0.0607563 -0.0344656 0.00186209 -0.00142223 -0.0192119 0.00156428 0.000289369 -0.00252411 0.00345555 0.00812552 -0.000361228 -0.0178985 -0.0239624 0.0020336 0.000724683 0.0674857 0.0066823 0.0475463 -0.0264409 0.0172294 0.0576558 -0.0546602 0.00610545 -0.00429731 0.0276513 0.0205575 -0.000157732 0.00220363 0.0207202 0.0335559 -0.0160554 0.0288745 0.0223596 -0.0132899 0.0472241 0.0395743 -0.0204178 -0.0366646 -0.00161063 -0.0600829 0.00238746 -0.0602376 0.000133393 0.00559648 0.0450938 0.00466222 -0.0333619 -0.00738124 0.00648588 -0.0374932 0.00582806 0.0193987 0.0234265 0.00268401 -0.000217806 -0.0317879 0.0138095 0.0414304 0.0233902 0.0330026
internal_weight=2486.96 603.729 310.949 120.046 1883.23 292.78 132.386 278.689 275.458 257.827 1750.84 787.412 963.43 115.756 108.34 847.674 813.3 10.6096 762.912 19.7471 5.68332 4.64044 10.3569 2.12028 61.5901 50.5193 20.2209 19.7429 802.69 698.882 119.374 90.9849 103.808 87.9364 79.7757 25.9782 11.3282 53.7976 28.3887 23.1628 579.508 14.6499 5.06487 17.565 547.847 743.165 17.1723 725.993 33.2254 20.9043 692.767 5.77935 686.827 129.193 123.967 557.633 42.3357 31.6615 16.5783 17.6318 68.7556 34.3745
internal_count=408583 343359 319209 80757 65224 24150 19877 13724 13562 12901 45347 15881 29466 1504 1317 27962 26383 1544 15370 1677 288 246 1503 1082 6676 6286 1687 1560 24839 9994 2396 1818 14845 1662 1500 389 231 1111 578 459 7598 158 66 9419 6954 13693 552 13141 525 333 12616 67 11899 5207 5133 6692 887 644 285 661 881 1579
is_linear=0
shrinkage=0.08


Tree=56
num_leaves=63
num_cat=0
split_feature=5 18 5 2 2 13 5 3 0 17 2 17 10 6 13 13 2 18 3 17 2 3 20 1 3 1 6 0 18 6 13 17 0 6 6 13 18 0 18 5 6 6 3 3 5 0 13 6 13 2 13 5 20 18 6 5 6 5 5 6 2 6
split_gain=65.125 90.6964 12.6535 17.2045 9.79239 9.07883 6.85293 6.76043 5.80667 6.661 6.56559 8.53046 5.39152 4.92163 4.80992 10.6833 6.44396 8.18331 4.51004 4.38156 5.29924 5.23882 6.16446 4.97508 6.00852 12.1074 7.72568 4.69813 4.39639 6.28273 4.37651 4.36356 4.23868 4.10621 3.92494 10.0116 3.79628 3.73428 3.69411 5.20378 3.67401 3.67351 3.63449 4.87651 4.75018 4.62055 3.62942 3.59612 3.53361 9.74297 9.61181 5.72181 4.64199 8.29941 6.93384 6.80023 5.52329 7.20249 4.85641 4.66161 4.40007 4.41485
threshold=56.345809664617548 0.51690154256332133 48.082177385456077 0.6860928362573101 0.67777777777777792 0.20871143375680581 90.636241007194258 20.169491525423734 5.5000000000000009 0.7886762360446572 0.94334422657952077 0.89009661835748799 1.0000000180025095e-35 0.73439102547172108 0.10668563300142249 0.15587044534412961 0.5075092321060064 0.86497211497211512 91.024165707710026 0.3504385964912281 0.46263497039359108 37.884436160298236 48.334902699309488 0.14415584415584423 29.818990155604961 0.063508064516129073 0.98186147186147199 9.5000000000000018 0.93360881542699736 0.97104218880534676 0.21240601503759401 0.7886762360446572 4.5000000000000009 0.99912280701754397 0.80953199448034274 0.11269841269841276 0.63296945767042168 10.500000000000002 0.9233705226071639 96.015873015873026 0.51009552201235786 0.85725316196149548 16.271373414230556 14.724480578139117 73.441913841807931 10.500000000000002 0.15587044534412961 0.63438371526606829 0.71008403361344541 0.93045514518726313 0.94427244582043357 92.071349992142089 -10.75676859923435 0.98843892007484635 0.98186147186147199 97.698500979924788 0.78182490796207949 94.297328687572602 96.881944444444457 0.77210196893416083 0.87778619847585382 0.75592784261388923
decision_type=2 2 2 2 2 2 2 2 2 2 2 2 2 2 2 2 2 2 2 2 2 2 2 2 2 2 2 2 2 2 2 2 2 2 2 2 2 2 2 2 2 2 2 2 2 2 2 2 2 2 2 2 2 2 2 2 2 2 2 2 2 2
left_child=1 4 -3 -4 34 6 7 14 9 32 19 37 -6 40 -2 16 42 -18 -9 -10 23 22 -22 24 41 -26 27 -27 29 47 -24 -20 -7 36 -1 -36 -11 -12 -31 -40 -5 -21 43 45 -45 -16 -8 -23 49 -38 51 -50 -52 58 56 -56 57 -55 60 -59 -54 -62
right_child=5 2 3 13 12 8 46 18 10 33 11 -13 -14 -15 15 -17 17 -19 31 20 21 28 30 -25 25 26 -28 -29 -30 38 -32 -33 -34 -35 35 -37 48 -39 39 -41 -42 -43 -44 44 -46 -47 -48 -49 50 -51 52 -53 53 54 55 -57 -58 59 -60 -61 61 -63
leaf_value=-0.069734150230962549 -0.042846232120606946 -0.075026623159486036 -0.077241645759590638 0.26298836529337061 -0.00070387295488916147 0.083572859898785712 0.024389952467349839 -0.051853289553057319 0.029254079153786895 0.041638134451599598 -0.026898791614109827 0.065628842763302636 0.057806195345963478 0.053323950574700747 0.44603133720969312 -0.027083686347367457 1.1786280658398558 0.15879926147522222 -0.037465386843155174 -0.0079757096914086518 -0.070754311988721605 0.047950098365069006 0.29778756598467393 -0.0051067769335695979 1.1950834207811791 0.42625247635078001 0.74615359810208415 -0.081643691363050636 -0.0064736203944015707 0.071862079115242075 -0.011495997188645309 0.054425348783051525 0.015498093710359319 0.070209310143093118 1.0125301826412849 -0.081431657148702069 -0.034771033907109124 0.085098764132472166 -0.11515663329749677 0.099219691322108935 -0.019010489574229458 0.12532436083309167 0.038897607082312602 0.10136511539113129 0.6630827617370787 0.076126196943418031 -0.021007984861634528 0.0032575156979101501 -0.016422106016039707 0.080520053482592863 0.0003857722142652338 -0.091998685947394132 -0.052253522390100525 -0.075769100703223513 -0.039126358314584241 -0.20723639221742451 0.019544512680976268 0.092654125814003369 0.074837211933716979 -0.13508897905129538 0.043257248015567226 0.01411115633376268
leaf_weight=14.99642198940273 4.4051781484740768 183.50003810788621 39.260864252399188 0.29788774473126878 331.95121090894099 12.01624226255808 27.503531974507496 57.047121236159001 34.848425478732679 19.191237302962691 103.44555685808882 7.1218541651032856 10.394918360339942 7.5866258056485085 0.26293959922622967 3.9628080548136495 0.088767600420396664 0.11637263873126358 8.3097208100371045 2.1918435139814374 13.360266005358424 11.856028608861378 0.29451618681196023 4.9797969743958674 0.087703798548318335 0.16512250760570168 0.13284173421561718 0.39634659793227911 275.24883984500775 13.807210109196605 50.718237300694454 5.4939596615731707 11.414416425512172 6.5373218161985269 0.076493143278640541 0.17842452123295516 7.3794648670591441 1.9410826670937229 1.7478441167622796 1.2379450043663383 39.941203440714162 3.3383363439934328 1.3748935502371749 0.15377339854603622 0.25801733206026256 1.2137008935096671 19.095661284169182 409.46768777351826 20.998767160810534 12.877315893303601 355.23246830864809 9.2288898127153498 5.7124238687101743 10.893687244504688 5.302165766246616 2.1703507220372558 24.363810276146978 3.1668230616487558 9.7013585800304991 0.70287704933434714 39.576416794210672 208.43391587166116
leaf_count=13344 1461 240871 51998 20 22904 317 1127 19110 1907 406 1269 186 302 329 22 706 20 30 82 580 10176 569 40 941 20 12 4 158 5123 252 3710 98 189 795 19 63 96 28 18 33 5503 148 309 60 13 151 572 8604 296 593 5199 129 61 85 84 31 526 113 571 23 754 5423
internal_value=-0.00593794 -0.0281637 -0.0631087 -0.0379965 -0.00172149 0.00168909 -0.0187482 -0.032575 0.00324219 0.00841338 -0.000981957 -0.0191095 0.00107271 -0.00577957 0.0233904 0.0626547 0.165183 0.600096 -0.0419247 0.00149353 0.000267451 -0.000522533 -0.0223797 0.0546778 0.101843 0.309404 0.197527 0.0677235 0.00144983 0.00642777 -0.00971038 -0.000892243 0.0504097 0.00708628 -0.0644429 0.246833 0.00652479 -0.0248359 0.0544136 -0.0262736 -0.0169229 0.0724919 0.137843 0.209882 0.453323 0.141994 0.00578655 0.00451516 0.00558329 0.03852 0.00462397 -0.0394966 0.00662871 0.013782 -0.0173389 -0.087953 -0.00385302 -0.0424656 0.0192873 0.0512878 0.0171633 0.0187622
internal_weight=2458.76 628.184 270.587 87.0866 357.597 1830.57 129.286 82.6873 1701.29 764.9 936.387 112.508 342.346 47.8257 11.8365 7.43127 3.46847 0.20514 70.8508 823.879 789.031 777.739 64.373 11.292 6.31219 0.782015 0.694311 0.561469 713.366 438.117 51.0128 13.8037 23.4307 741.469 15.2513 0.254918 734.932 105.387 16.793 2.98579 40.2391 5.53018 3.26332 1.88843 0.411791 1.47664 46.5992 421.324 715.741 20.2568 695.484 30.2277 665.256 310.024 46.5997 7.47252 39.1272 14.7634 263.424 3.8697 253.723 248.01
internal_count=408583 335353 298721 57850 36632 73230 23761 22062 49469 15691 33778 1483 23206 5852 2772 1311 605 50 19290 32295 30388 28525 13926 1863 922 194 174 170 14599 9476 3750 180 506 15185 13426 82 14390 1297 303 51 5523 728 555 246 73 173 1699 9173 13984 689 13295 425 12870 7671 862 115 747 221 6809 136 6238 6177
is_linear=0
shrinkage=0.08


Tree=57
num_leaves=63
num_cat=0
split_feature=4 3 9 6 2 4 6 15 17 3 3 2 1 6 3 17 4 1 18 5 0 1 17 0 17 0 3 0 17 2 4 3 1 4 18 17 14 7 10 6 15 1 1 1 18 0 2 2 3 17 5 2 18 8 2 5 4 0 2 0 1 2
split_gain=63.9112 80.7894 15.5775 6.00678 5.64996 11.1735 9.18133 7.79145 6.66309 5.65576 10.3049 9.85208 7.21768 5.57093 5.45317 5.41137 11.6323 20.2141 7.00075 6.66406 5.76459 5.40665 13.1958 5.73542 13.2085 5.62514 9.99449 9.74486 6.63651 5.70881 7.11041 5.51104 5.47697 5.32995 23.7871 5.3008 5.26253 6.24048 5.77492 6.72933 5.49342 6.68552 6.71385 5.23233 5.23012 5.10312 6.37847 4.69136 4.65976 4.52475 4.51154 4.48169 5.33484 4.38284 4.3575 4.29696 4.2117 4.15058 4.13668 6.11756 5.33426 6.72856
threshold=62.75941033347646 78.629976580796267 1.0000000180025095e-35 0.72882406540181444 0.69128958503958515 82.780584230177922 0.99912280701754397 1.0000000180025095e-35 0.80810147299509005 68.614072494669514 72.06557377049181 0.89370913062596646 0.62361111111111123 0.86408966659301212 60.49571603427173 0.36451048951048953 73.36391437308869 0.15301003344481609 0.81589473684210534 67.750749162700529 6.5000000000000009 0.45889639639639646 0.74754901960784326 8.5000000000000018 0.8190909090909092 7.5000000000000009 92.907444668008068 6.5000000000000009 0.49561403508771934 0.91513878278584171 93.035692078099757 75.204918032786892 0.61620294599018022 45.176799007444181 0.37810002049600333 0.76533166458072599 1.0000000180025095e-35 1.0000000180025095e-35 1.0000000180025095e-35 0.87241706506222649 1.0000000180025095e-35 0.9177927927927928 0.68496240601503777 0.43405797101449284 0.66542288557213947 9.5000000000000018 0.82340215109520198 0.89735591206179455 87.026647966339425 0.76043478260869579 91.368667518092821 0.44723748473748481 0.97510330578512405 1.0000000180025095e-35 0.68094111207701469 67.750749162700529 34.382070135746616 16.500000000000004 0.93328658251519414 12.500000000000002 0.70900537634408611 0.88668052668052677
decision_type=2 2 2 2 2 2 2 2 2 2 2 2 2 2 2 2 2 2 2 2 2 2 2 2 2 2 2 2 2 2 2 2 2 2 2 2 2 2 2 2 2 2 2 2 2 2 2 2 2 2 2 2 2 2 2 2 2 2 2 2 2 2
left_child=1 -1 33 -4 5 7 9 13 -7 11 12 35 -11 -2 54 16 17 19 -18 -15 -17 22 57 25 58 27 -27 36 -28 -30 -31 -29 55 34 56 49 40 38 -38 44 41 42 -23 51 -40 -37 -47 -42 -34 -6 -49 52 -22 -35 -9 -26 -3 -12 60 -60 -25 -62
right_child=4 2 3 -5 6 8 -8 14 -10 10 21 -13 -14 15 -16 20 18 -19 -20 -21 43 23 -24 24 32 26 28 31 29 30 -32 -33 48 53 -36 45 37 -39 39 -41 47 -43 -44 -45 -46 46 -48 50 -50 -51 -52 -53 -54 -55 -56 -57 -58 -59 59 -61 61 -63
leaf_value=-0.072927598107833669 -0.057452183380593644 0.00049831163198292658 -0.063354492146633329 0.042668661014185143 0.024017580934991817 0.006868081194032343 0.067282561545368519 0.075144795943867845 -0.027186388587797011 -0.05793139843742659 0.022898702031559939 0.077054919926356422 0.032229359933761512 -0.080203487478850213 -0.066077835552968353 0.70079233376240146 0.37799126360455698 2.0768990134874059 -0.081660988612704252 1.0257877814613972 0.057305388980032797 0.083051216309696405 0.08841690252915653 -0.011760846833006338 0.19983161193236965 -0.031838141879072253 -0.13782010510693193 0.061703986264833199 0.068520062871264095 0.0069331593804456094 0.053429187884009126 -0.027793658370218143 -0.04167135851004633 0.023170068337895249 -0.07028475912451787 0.0095642431683656721 0.0021930406918038918 0.083030637474907923 0.077935861201920323 0.032891841545463832 0.054490028438952107 0.059736961815548176 -0.03430511228488653 0.34903908826573926 -0.0076043210738517787 0.015918113257384025 -0.087702120385279886 -0.040415376993757607 0.04784931292061903 0.17920777290020493 -0.13207329342285795 -0.057795560234906604 0.63138128892418122 -0.1155885476650939 0.32645045973546638 0.055602581616250028 0.12722436599906323 -0.027428637934549496 -0.041555862870109504 0.088874979544868005 -0.047207863787324847 0.17992737912260903
leaf_weight=182.35824068814691 48.947108581895009 249.53874274808913 38.714398147771135 3.7513367568026288 52.394193857908249 173.90585774579085 14.295215269550679 2.9566820795880626 46.630955635220744 29.386691141524352 27.32785652554594 16.515284600201994 7.044804183766245 0.11206948565086161 1.5927080085966734 0.071596635971218237 0.30122569517698117 0.051918956101872027 0.71643426117952913 0.050614156061783433 0.86552740959450591 3.5422673569992211 15.957979459781198 183.87837728951126 1.4298720471560979 20.849182256497443 1.5200769342482079 4.6442958309780797 20.695674112532288 64.213336585788056 31.31472367560491 84.904130725655705 7.6877114633098227 56.13257121105562 33.638755129853962 31.173270378960297 634.32801268063486 6.71702976967208 4.9650587881915262 94.000506052747369 2.1313460525125292 8.6135575938969833 26.164679284207523 0.23739420319907356 58.167947174981236 6.3416304400889194 9.4936048152158019 9.8891942119225842 7.2126965159550309 1.230632404796778 5.2675758358091107 6.2140664540638682 0.1176874334923923 1.495672340679447 0.51911381096579123 17.526074245106429 1.6898048545699556 17.019273396464996 49.295308595523238 2.4141382649540892 1.3983768820762628 2.0707690585404634
leaf_count=253138 25492 6430 35480 154 821 7291 1504 123 2882 352 334 563 118 60 38 7 32 27 115 16 244 69 351 2161 35 220 14 64 363 699 580 870 88 4037 43943 372 7950 810 235 4663 31 277 381 8 1136 168 202 94 112 21 45 1866 24 46 29 318 131 229 635 36 15 34
internal_value=-0.00555035 -0.0290645 -0.00828632 -0.0539886 0.00159746 -0.00880767 0.00345952 -0.038592 -0.000332497 0.00287792 0.00151331 0.0197868 -0.0404969 -0.0469477 0.0565061 0.0118911 0.167267 0.702515 0.0543953 0.263893 -0.0136161 0.00259482 0.0260328 0.00155157 -0.00881214 0.00416579 0.0192152 0.00195476 0.0282554 0.0304274 0.0221749 -0.023152 0.0379543 -0.00261973 -0.00710843 0.0103883 0.00458805 0.00624585 0.00559419 0.0193242 -0.0192073 -0.00231847 -0.0203115 -0.0204959 -0.000877063 -0.00922203 -0.0462047 -0.0566426 0.00166205 0.027579 -0.0722701 -0.0326846 0.12602 0.0195688 0.112678 0.066482 0.00135069 0.00358438 -0.0154354 -0.0354665 -0.00990668 0.0883715
internal_weight=2433.63 567.32 384.961 42.4657 1866.31 283.291 1583.02 62.7541 220.537 1568.73 1451.58 117.149 36.4315 57.6856 5.0685 8.73853 1.23226 0.214603 1.01766 0.162684 7.50627 1415.15 60.3051 1354.84 272.913 1081.93 138.593 943.336 117.744 116.224 95.5281 89.5484 33.8564 342.496 284.867 100.633 853.787 798.179 791.462 157.134 55.6086 38.3205 29.7069 7.43468 63.133 47.0085 15.8352 17.2881 14.9004 53.6248 15.1568 7.19728 0.983215 57.6282 3.4758 18.9559 251.229 44.3471 239.057 51.7094 187.348 3.46915
internal_count=408583 343359 90221 35634 65224 38254 26970 28081 10173 25466 23319 2147 470 27891 190 2399 250 103 147 76 2149 22849 914 21935 3434 18501 1876 16625 1656 1642 1279 934 553 54587 50504 1584 15691 14794 13984 6034 897 727 450 2142 1371 742 370 170 200 842 139 2134 268 4083 152 353 6561 563 2881 671 2210 49
is_linear=0
shrinkage=0.08


Tree=58
num_leaves=63
num_cat=0
split_feature=4 3 9 4 17 0 20 0 5 6 3 0 3 1 1 6 2 1 4 3 2 3 10 18 5 17 17 17 17 17 17 1 17 6 18 4 5 2 1 0 0 17 1 20 0 3 9 14 20 18 5 20 6 0 0 17 4 18 3 18 2 17
split_gain=56.1664 76.7389 15.7066 5.97667 5.63432 10.0222 9.11249 5.27284 8.08804 5.40652 4.40122 3.92667 6.33855 8.67391 3.85095 4.43605 3.66721 7.13086 8.01339 4.33458 3.66149 6.67224 3.36737 3.87406 3.50648 4.90976 3.34889 11.4128 4.69458 16.2291 3.96297 3.42539 3.30691 5.59015 3.6687 10.0634 5.34656 3.69348 7.28069 3.26957 3.40813 3.26027 5.122 5.2753 3.61359 5.53327 5.79232 5.53014 4.85353 8.52386 6.89604 11.7219 4.33331 4.33003 5.24482 13.3116 4.8431 4.77024 4.66532 4.5782 4.3603 5.22824
threshold=62.75941033347646 74.352159468438558 1.0000000180025095e-35 45.657137184832244 0.70106382978723414 12.500000000000002 -16.666666666666664 18.500000000000004 67.750749162700529 0.99912280701754397 55.217785843920147 7.5000000000000009 92.031746031746039 0.52704678362573121 0.76043478260869579 1.0000000180025095e-35 0.93328658251519414 0.70659971305595415 1.0000000180025095e-35 99.425287356321846 0.52237318840579727 25.844402277039851 1.0000000180025095e-35 0.46442632170978632 36.151385201824262 0.62115563839701782 0.92052631578947375 0.94804318488529027 0.73993558776167478 0.73606811145510853 0.92637759710930456 0.18561584840654613 0.8218253968253969 0.67087924077657601 0.47352849579570228 43.39123490066887 45.221760978807083 0.97783960431019257 0.9104278074866311 8.5000000000000018 13.500000000000002 0.37617924528301894 0.12390350877192986 -8.1832855616220765 6.5000000000000009 68.801229508196727 1.0000000180025095e-35 1.0000000180025095e-35 -10.75676859923435 0.95475020475020489 88.318280704067519 -5.4722050739336217 0.97104218880534676 7.5000000000000009 8.5000000000000018 0.76043478260869579 93.629319886852798 0.71007246376811606 69.63109354413703 0.58147781626257633 0.93328658251519414 0.91010101010101019
decision_type=2 2 2 2 2 2 2 2 2 2 2 2 2 2 2 2 2 2 2 2 2 2 2 2 2 2 2 2 2 2 2 2 2 2 2 2 2 2 2 2 2 2 2 2 2 2 2 2 2 2 2 2 2 2 2 2 2 2 2 2 2 2
left_child=1 14 4 -4 22 11 26 9 -9 41 20 32 -13 -14 -1 -16 17 19 -19 -15 21 -11 23 24 -3 39 28 30 29 -7 -28 -30 33 -6 36 -36 37 38 -34 -26 -41 42 -2 -44 45 46 -43 -47 -49 52 51 -51 -50 58 55 56 59 -57 -46 -55 -56 -62
right_child=7 2 3 -5 5 6 -8 8 -10 10 -12 12 13 16 15 -17 -18 18 -20 -21 -22 -23 -24 -25 25 -27 27 -29 31 -31 -32 -33 34 -35 35 -37 -38 -39 -40 40 -42 44 43 -45 53 47 -48 48 49 50 -52 -53 -54 54 60 57 -58 -59 -60 -61 61 -63
leaf_value=-0.075652262334335446 -0.044030659760939346 -0.018806887234754592 -0.077099146533327723 -0.015970833410426998 -0.034870581829633054 0.068446867567538303 1.0387158053500596 -0.063271170414508499 -0.0059333792012417706 0.010947304471604484 0.071012128516819692 -0.018946125102797574 0.71276522903928308 0.56840101390985165 1.1838253653810988 0.040080086243543658 0.060739506123525189 1.2258661630037755 0.26466102083600102 -0.070331028880969745 -0.02108186811647823 0.17723849074371326 0.052397119601126453 -0.056925468090191549 0.43534290424528388 -0.050393420197178705 0.41812761803314424 0.12880995186792921 0.85480729791577947 1.748742513687183 1.2934837864095419 -0.012558890129537448 0.023680255417051974 0.12907937585891641 -0.075967990648623585 0.0061204111795461836 0.1520058681502155 0.0012506723500553777 0.20593856477378011 -0.084127301629905865 0.31809910816521342 0.061798481901553952 -0.0013425840762516864 0.085409742972831021 0.019536902236544081 -0.019515651685912405 -0.024695574022288884 -0.00011138690181505982 0.017822049779395339 0.09092526709384581 -0.014900177529441816 -0.025380381986666672 0.060833178849151882 0.067095663704050179 -0.0012787263530280924 0.066475559090902386 0.051377811592030823 -0.033071713643111331 -0.024008239552405657 0.0090513720550314189 -0.032238979634310695 0.053487012867012365
leaf_weight=157.70061280825757 4.5799317673081559 45.439142094750423 27.010688528593164 16.483544254500885 27.55523306835676 0.1864465220714927 0.074538098531774177 18.465112251054961 106.88090603105957 6.7520852307789045 13.004544454626737 6.2882044807192861 0.13976260583149169 0.085106386337427398 0.022053783759473755 1.3640351924113927 7.3433162587461993 0.085396820679306984 0.15860360837541521 0.33823503460735083 10.50038021057844 2.002130523789674 3.5824158103205255 19.775995732983574 0.3181219333782781 0.72963923297356814 0.055834986153058597 0.60561764315934852 0.029855285014491417 0.045830562885385007 0.081291692273225635 1.2157497376902027 20.64423841243843 1.3985649313544843 13.701551396399735 31.60429256412317 1.6060192710719992 163.28230041835923 1.5050040453206737 0.27650638268096372 0.26310744951479137 20.388181616086516 7.5219553182832941 11.11495136574376 18.87202845106367 59.796440359205008 6.5461914443876585 428.76164545398206 241.61321463761851 11.454668391961606 95.086801479570568 10.751474522054194 15.98295347439125 9.8741743994178233 451.23817516578129 3.3390869018621734 35.255260920152068 39.825374547275715 95.075026996666566 72.930827128468081 52.092616835609078 4.9892146077472708
leaf_count=242268 342 3437 36350 3651 4484 125 6 10902 9342 87 1550 2608 24 37 1 396 827 4 79 91 186 58 203 19268 25 70 13 101 17 12 33 427 822 211 20576 2936 32 4128 40 31 26 600 78 481 275 967 85 6061 5660 223 1938 147 868 134 21266 71 691 517 982 862 688 163
internal_value=-0.00519873 -0.0276257 -0.00860408 -0.0539326 -0.00294553 0.00217312 0.168654 0.00146392 -0.01438 0.00261231 0.0350562 0.000787365 0.0413999 0.087958 -0.0744854 0.058278 0.0770569 0.256611 0.60107 0.0580764 0.0107717 0.0489789 -0.0231649 -0.0272171 -0.0147239 0.102153 0.139449 0.27803 0.0698023 0.399986 0.937058 0.00823058 -0.00145678 -0.0269513 0.00172025 -0.018705 0.00666784 0.00540907 0.0360644 0.231918 0.111992 0.0019956 0.0317687 0.050396 0.00158264 0.00506945 0.0407768 0.00395559 0.00570199 0.0123508 -0.00552606 0.0346139 0.0204907 -0.00237986 7.36112e-05 0.012646 0.0265456 -0.025371 -0.0167962 0.0159729 -0.003914 -0.0247461
internal_weight=2405.69 550.997 391.91 43.4942 348.416 278.031 2.29516 1854.7 125.346 1729.35 32.2591 275.736 14.4386 8.15042 159.087 1.38609 8.01066 0.667342 0.244 0.423341 19.2546 8.75422 70.3849 66.8025 47.0265 1.58737 2.22063 0.742744 1.47788 0.232277 0.137127 1.24561 261.297 28.9538 232.343 45.3058 187.038 185.432 22.1492 0.857736 0.539614 1697.09 23.2168 18.6369 1673.87 890.382 26.9344 863.447 803.651 374.889 117.293 22.2061 257.596 783.492 669.545 161.225 118.06 43.1645 113.947 82.805 508.32 57.0818
internal_count=408583 343359 100694 40001 60693 37633 734 65224 20244 44980 1881 36899 3670 1062 242665 397 1038 211 83 128 331 145 23060 22857 3589 152 728 147 581 137 46 444 33229 4695 28534 23512 5022 4990 862 82 57 43099 901 559 42198 16549 685 15864 14897 8836 2308 370 6528 25649 24392 2275 1687 588 1257 996 22117 851
is_linear=0
shrinkage=0.08


Tree=59
num_leaves=63
num_cat=0
split_feature=5 18 5 1 13 1 18 6 10 6 20 9 3 1 6 20 17 1 17 0 17 20 18 18 18 20 13 13 6 1 5 5 1 20 18 5 20 6 6 18 18 17 18 6 1 0 3 5 10 20 18 18 18 13 17 7 1 3 1 18 5 17
split_gain=45.0536 74.9186 12.8599 14.3183 7.01907 6.78673 5.88116 4.93452 4.91647 4.41929 4.31029 4.15744 4.36322 4.94842 4.53325 5.01148 5.54615 4.88394 4.17713 4.59708 5.0448 6.40273 4.38715 5.21553 5.00342 4.14578 5.02795 7.23538 5.59027 5.447 4.75813 5.36566 4.75548 4.52633 4.63185 6.50197 7.30311 6.86492 9.55174 12.0371 5.6855 4.34197 3.90876 3.84898 4.16842 3.79491 4.59088 3.63588 4.35517 4.16008 4.00625 3.79342 3.59161 3.55472 11.3514 6.30425 6.04916 8.75092 5.36568 6.81535 5.29597 4.83845
threshold=56.345809664617548 0.51690154256332133 48.082177385456077 0.30860805860805868 0.20871143375680581 0.39791666666666675 0.97883538633818601 0.62536321577463916 1.0000000180025095e-35 0.82016632160110436 -28.410030782123801 1.0000000180025095e-35 53.889369057908389 0.42997198879551829 0.69720333020637903 -12.675537380510034 0.58257575757575764 0.35805860805860806 0.2965856481481482 5.5000000000000009 0.96824596774193561 7.2727272727272707 0.56147098515519578 0.58147781626257633 0.63670033670033688 22.086689905838846 0.94427244582043357 0.84962406015037606 0.69051610606707714 0.94519519519519524 63.427747180697615 86.709244512712729 0.9294019933554819 -1.5384615384615363 0.92888748419721889 90.636241007194258 -3.8950611812916089 0.97104218880534676 0.82934995466484718 0.89668856048166401 0.90639602803738328 0.91010101010101019 0.89494906621392201 0.64144076235495284 0.28708791208791212 14.500000000000002 51.899951899951908 62.871870397643598 1.0000000180025095e-35 -27.498604107552669 0.91901828298887134 0.94756480754124117 0.96015873015873032 0.92582417582417598 0.8021739130434784 1.0000000180025095e-35 0.37638888888888894 71.010186757215635 0.072299651567944226 0.82063376874697636 65.069803021610269 0.67928571428571438
decision_type=2 2 2 2 2 2 2 2 2 2 2 2 2 2 2 2 2 2 2 2 2 2 2 2 2 2 2 2 2 2 2 2 2 2 2 2 2 2 2 2 2 2 2 2 2 2 2 2 2 2 2 2 2 2 2 2 2 2 2 2 2 2
left_child=1 5 -3 -4 6 43 -2 10 -7 -5 -6 18 -13 14 -14 17 -17 -16 42 22 53 -22 -20 -24 -25 26 27 32 30 -30 -28 -32 41 34 35 -31 -37 38 -38 -40 -41 -26 -9 -1 -45 -46 -47 48 -12 -49 -51 -52 -29 54 56 -55 58 60 59 -21 61 -58
right_child=4 2 3 9 7 8 -8 11 -10 -11 47 12 13 -15 15 16 -18 -19 19 20 21 -23 23 24 25 -27 28 52 29 33 31 -33 -34 -35 -36 36 37 -39 39 40 -42 -43 -44 44 45 46 -48 49 -50 50 51 -53 -54 55 -56 -57 57 -59 -60 -61 -62 -63
leaf_value=-0.063267141823237727 -0.027053491505015695 -0.073821564577909199 -0.076890054466186922 -0.01421881241603113 0.083077832248760225 -0.00028841397204117797 0.012890710943797568 0.11477216753385973 0.05827396148158779 0.071549812712439265 -0.081182148490897291 -0.039911550358297965 -0.094203643358383382 -0.0048820384751199018 0.044720742908367618 -0.020151377634330898 0.10708120331044434 0.29910938202046589 0.091559852082074386 -0.030635230234325489 0.075042378566194876 -0.0039951382106905454 -0.1171037089059095 0.083891649298892493 0.034352457226351434 0.059333922268050884 0.041048615538792299 -0.080025997890478304 0.031297431273610107 0.0078285884537439739 -0.037387525497226917 0.029918591384377857 0.080915225946448593 0.054050406877157599 -0.0061136157316357912 0.068435761320785785 0.088788817805665804 0.084080662146116245 0.084635806195016094 -0.53812284046265546 -0.19114715958448386 -0.039634153447239071 0.021684152743706671 -0.0025774271953348869 0.073961234786218133 1.0531090725718553 0.20403075168619011 -0.10268160134547959 0.18526251606061009 0.057625444814965947 -0.071722819749987524 0.027694699864024157 0.031815627284025719 -0.0058489553067798275 -0.031760418528251358 0.08405406152827373 0.50180776742157163 0.0035149639611905198 0.0031785342908057655 0.3867279444917297 0.06007439079096507 0.12738215122573185
leaf_weight=15.30281234753784 93.135960972809698 149.15118677310238 30.321017395850504 43.976188179745805 7.8654154813848427 325.79560235328972 31.592472179792821 3.9447721899487069 9.4406380599248205 4.2131677918368942 3.6979656392941243 21.910155868681613 1.2944253642926913 350.41397708375007 0.90407701686490227 4.7446509610745107 4.076653074065689 1.0370701840147374 4.1531245419755569 0.47572191973449551 12.685060992022047 13.584202951344194 2.0904259588569394 5.7234016614966086 8.5465265098027938 10.117256001336498 8.5927431923337263 12.696882547810672 85.573717568535358 141.71387853613123 37.314363883342594 9.5130038848146778 4.5115409321151665 13.275310763623564 115.1497487872839 22.884357352741066 0.88054840872064177 1.6084902603179214 0.52689029928296793 0.63653902336955048 0.57549273734912276 12.50293262884952 10.765099406766238 1.3934720919933159 0.21282391209388141 0.073985546245239675 0.090738204657100141 1.5053820665925766 0.43925483670318488 17.659937495307535 3.5561060166801308 7.942413546028547 2.1486247060820451 513.23266808775952 37.434255433676299 5.0409150538034728 0.32186004030518478 26.113184024696238 95.793942414573394 0.52868395502446219 30.684022774687037 0.70401820266852155
leaf_count=13269 21362 240871 49924 7610 109 21900 2399 374 290 316 910 4778 135 4339 19 102 133 23 135 42 477 755 38 166 214 470 109 125 2433 3336 427 177 160 1336 2537 1024 34 113 34 11 29 229 398 1095 33 33 12 12 128 511 95 209 46 6052 4450 228 33 547 10794 73 522 38
internal_value=-0.00486236 -0.0242584 -0.0600268 -0.03382 0.00137394 -0.00114504 -0.016936 0.00273407 0.00136077 -0.00672011 0.0295925 0.00203379 -0.00524374 -0.00314818 0.0472436 0.0642558 0.0386475 0.180629 0.00426801 0.00376418 -0.000256283 0.034171 0.00967842 0.00899361 0.00952668 0.00865588 0.0075847 -0.0194181 0.0100744 0.0135122 -0.0136729 -0.0237143 0.00638095 0.0083921 0.00625766 0.0146956 0.0505891 -0.0460081 -0.125889 -0.234597 -0.373373 -0.00959402 0.0466477 -0.0503453 0.0613078 0.297099 0.585394 0.0175042 -0.0528933 0.0270023 0.0336976 -0.0030518 -0.0638389 -0.00152946 0.00776724 -0.00497453 0.017337 0.0378102 0.00510719 0.18905 0.0660524 0.244855
internal_weight=2383.79 579.972 227.662 78.5104 1803.82 352.31 124.728 1679.09 335.236 48.1894 42.6665 1636.43 384.381 362.471 12.0569 10.7625 8.8213 1.94115 1252.04 1237.33 736.599 26.2693 500.736 496.583 494.492 488.769 478.652 40.4065 438.245 382.825 55.4201 46.8274 25.561 297.251 283.976 168.826 27.1123 4.22796 2.61947 1.73892 1.21203 21.0495 14.7099 17.0738 1.77102 0.377548 0.164724 34.8011 4.13722 30.6638 29.1585 11.4985 14.8455 710.329 192.056 518.274 154.621 57.8231 96.7983 1.00441 31.7099 1.02588
internal_count=408583 335353 298721 57850 73230 36632 23761 49469 22190 7926 1974 47495 9529 4751 412 277 235 42 37966 37194 24011 1232 13183 13048 13010 12844 12374 774 11600 10887 713 604 603 8454 7118 4581 1245 221 108 74 40 443 772 14442 1173 78 45 1865 1038 827 815 304 171 22779 16499 6280 12049 1140 10909 115 593 71
is_linear=0
shrinkage=0.08


Tree=60
num_leaves=63
num_cat=0
split_feature=4 18 2 4 13 17 2 17 13 13 3 18 20 2 3 2 4 1 18 18 20 4 18 17 3 15 13 2 17 15 4 18 5 18 6 20 4 6 3 6 4 18 1 4 5 17 2 4 18 3 6 6 3 17 4 7 9 6 18 1 17 18
split_gain=41.2695 75.7805 8.58273 19.4511 10.9817 9.74507 13.4099 8.35344 8.10763 7.60902 6.55879 7.01225 6.44685 8.16035 6.13798 5.89713 5.3236 13.4454 6.38224 7.11092 7.15371 5.0076 9.39098 4.83725 6.09174 4.73018 4.71892 8.69511 8.35315 8.10687 6.36674 9.36496 8.46346 8.20397 8.49698 11.512 7.7696 7.76745 5.174 4.86524 14.4121 6.50276 8.47289 5.91536 5.41808 4.69882 4.69108 6.81235 7.04129 6.58057 17.163 25.364 4.63225 5.47815 4.58983 4.49644 5.43315 4.31044 4.29165 4.93026 4.27162 4.14019
threshold=54.585502603123757 0.45480081716036774 0.71317913730194438 68.863315600911974 0.78416149068322993 0.73123827392120078 0.93045514518726313 0.62115563839701782 0.54858934169279006 0.92582417582417598 92.907444668008068 0.65235814296241723 20.031923892218014 0.82191086691086701 92.031746031746039 0.83998108775282698 47.836488454337434 0.52704678362573121 0.75521059487624853 0.74369569824115289 -45.680506979942002 55.825758470074383 0.49047532656023224 0.52223320158102771 68.801229508196727 1.0000000180025095e-35 0.95445134575569368 0.92500871080139391 0.96225071225071235 1.0000000180025095e-35 93.629319886852798 0.91901828298887134 96.015873015873026 0.97309362934362953 0.98186147186147199 -0.83482931456948239 99.779735682819407 0.97104218880534676 93.788580246913597 0.97104218880534676 95.782060785767243 0.98297841518180518 0.82891986062717782 96.394209933258239 93.528759082286413 0.78647416413373872 0.68094111207701469 38.36175566116858 0.24602774274905426 70.678733031674227 0.55899563399563412 0.52505561773687637 84.660633484162915 0.75235849056603787 82.780584230177922 1.0000000180025095e-35 1.0000000180025095e-35 0.82685930236917093 0.94092721834496518 0.61200716845878145 0.8218253968253969 0.79180648769574946
decision_type=2 2 2 2 2 2 2 2 2 2 2 2 2 2 2 2 2 2 2 2 2 2 2 2 2 2 2 2 2 2 2 2 2 2 2 2 2 2 2 2 2 2 2 2 2 2 2 2 2 2 2 2 2 2 2 2 2 2 2 2 2 2
left_child=1 46 3 14 5 15 10 9 25 -5 11 -7 21 -14 -2 -4 -3 -18 19 -19 -21 22 -6 -15 -25 52 27 -23 -29 -30 55 37 39 36 -35 -36 -34 61 -31 43 41 42 -41 -33 -43 -12 -1 48 -48 50 51 -49 54 -54 -9 -28 -57 -20 59 -13 -26 -32
right_child=2 16 4 7 12 6 -8 8 -10 -11 45 58 13 23 -16 -17 17 18 57 20 -22 26 -24 24 60 -27 30 28 29 38 31 32 33 34 35 -37 -38 -39 -40 40 -42 44 -44 -45 -46 -47 47 49 -50 -51 -52 -53 53 -55 -56 56 -58 -59 -60 -61 -62 -63
leaf_value=-0.075740888419521216 -0.070684731507522719 -0.077576105481615976 0.040581035791316306 0.013337146005232794 0.52097513035184817 0.11366811396447961 0.065810405749600551 -0.067512425364690223 0.013712157431649752 -0.064256137729855986 -0.040006526961491116 -0.016911671797595253 0.060962200658091263 -0.098523001285221831 0.22322214104713023 0.1110007344532177 -0.077110179848944554 0.06256922829720446 -0.042616481472979841 1.0142414534993995 0.12033483881604209 0.028062092360555617 0.056679321116191714 -0.0049613251054476731 -0.085259413390213173 0.12269811540640653 -0.00055418970952848573 -0.10668074408018086 0.081605157754342503 -0.099999324057783862 0.057139379660502768 0.0039199681695619958 0.078589760858801386 0.040693416738320394 -0.063929074825816626 0.040238470928527448 -0.062149806521919877 0.090480112531252502 0.018391517946027343 -0.086650985678527234 0.040558482597906072 0.10589049794910622 -0.2642104225811453 -0.05526825836748131 -0.10283565126506275 0.061080291391553063 0.00085942565125943313 -0.08052492101581786 -0.061964488994384469 0.057125134662576092 -0.080245405139538734 2.414420968298173 -0.11025498971656136 0.098475008132140246 -0.026059904525269018 0.086059518017144704 -0.11055702052284808 0.18083129155404087 0.010186161722648008 -0.087884051823962667 -0.021339043530308629 0.01551979152574213
leaf_weight=5.2868932592682532 35.673999881750206 124.72727084852522 30.235589434043504 137.51963869424071 0.30209032690618132 2.012786043691448 19.14948133402504 21.852023223822471 37.227197614847682 8.5938103916123492 4.1052690166980019 11.276878913398834 7.2614721013233057 5.7164770867675534 0.46063558151945372 10.171070886892265 28.401614242480719 5.861747223942074 8.0146543802693451 0.10231481282971799 0.13021923083579157 12.537444193847476 3.6171632530749775 47.52948299748823 13.124917467124762 1.2879696339368809 1077.4008072350407 10.761917073279619 4.1030475674197069 5.8629287797957659 19.277871003374457 72.035820331890136 20.72993740672246 23.208364591468126 17.868314789608124 10.951470743631942 2.856324473861604 12.8390517369844 3.9569686893373728 4.8550595436245221 6.7310677606146774 1.3828654773533346 2.6636106502264738 12.713956424500791 1.8752407571300862 10.394138615345581 251.33428798912792 0.048726455483118936 11.961181725375353 8.7432162484619749 0.14956427493598312 0.056105251045664772 1.0575795383192588 3.3656932832673192 78.53267048636917 6.828078062972053 1.0359476730227468 0.59343247546348799 8.2170447264215891 14.092790775233878 13.64951559435576 74.076412311755121
leaf_count=6645 49779 225515 650 10679 13 49 851 8793 520 91 53 210 102 44 12 248 51025 1001 2810 34 38 168 544 529 116 18 16506 85 95 44 767 1056 899 618 250 1131 84 594 48 48 178 31 32 189 32 246 8356 22 7604 472 102 33 10 82 5507 646 6 18 153 145 176 1970
internal_value=-0.00480991 -0.026763 0.000248681 -0.0115962 0.00264778 0.0270859 0.00886839 -0.00468701 -0.0184095 0.00877342 -0.0128968 -0.0313699 0.000858594 -0.0202405 -0.0669381 0.0583069 -0.0692001 -0.0449632 0.0171375 0.0797808 0.513653 0.00216423 0.0924666 -0.0276093 -0.0221536 -0.0296804 0.00191261 -0.0261925 -0.0537485 -0.0128338 0.00267659 0.0133389 0.00211544 0.0224089 0.00466657 -0.0243456 0.061546 0.0321381 -0.0522932 -0.0128905 -0.0512831 -0.108646 -0.149554 -0.00495931 -0.0142443 0.0324592 -0.00110457 0.000344585 -0.00199459 0.0687953 0.469882 1.25475 -0.031553 0.0485688 -0.0350834 -0.000114253 0.0601587 -0.0272122 -0.0400617 -0.0563367 -0.052673 0.0241143
internal_weight=2378.39 445.411 1932.98 325.571 1607.41 109.655 69.2484 289.437 143.323 146.113 50.0989 35.5995 1497.75 87.2819 36.1346 40.4067 167.831 43.104 14.7024 6.09428 0.232534 1410.47 3.91925 80.0204 74.3039 106.096 1406.55 37.2223 24.6849 13.9229 1369.33 284.065 177.872 75.6144 52.0282 28.8198 23.5863 106.193 9.8199 102.258 17.5078 10.7768 7.51867 84.7498 3.25811 14.4994 277.58 272.293 263.295 8.99761 0.254396 0.104832 104.808 4.42327 100.385 1085.26 7.86403 8.60809 33.5867 25.3697 26.7744 93.3543
internal_count=408772 303675 105097 75491 29606 2605 1707 25700 14930 10770 856 557 27001 967 49791 898 280441 54926 3901 1073 72 26034 557 865 821 14410 25477 440 272 187 25037 7879 4548 2982 1999 1381 983 3331 92 1566 321 143 80 1245 63 299 23234 16589 15960 629 157 55 14392 92 14300 17158 652 2828 508 355 292 2737
is_linear=0
shrinkage=0.08


Tree=61
num_leaves=63
num_cat=0
split_feature=4 18 0 5 0 3 13 2 4 2 5 0 18 6 2 17 4 4 6 6 6 13 13 17 3 17 3 17 3 18 2 6 18 3 3 3 4 2 2 18 13 4 5 4 2 2 17 10 3 6 15 6 18 5 6 18 4 6 13 6 5 18
split_gain=36.4791 70.9705 8.29911 12.2272 7.46954 16.5516 7.67866 7.05303 5.39698 12.2118 4.57942 4.57358 4.38102 5.21997 4.36118 4.11434 4.02594 5.8236 3.72822 4.84577 12.0036 3.50045 7.03219 5.78926 6.25215 5.49365 6.59688 4.2705 5.84861 5.9319 5.82126 4.17707 12.6457 12.6831 8.75854 3.55658 4.87996 3.54989 10.3418 5.49217 5.079 7.94385 18.1029 4.21078 3.3893 9.93172 3.23736 3.12511 3.49729 3.04176 2.99106 2.96836 5.95016 4.9949 4.7207 7.00037 4.55758 12.4431 6.50184 5.64274 5.16773 14.286
threshold=54.585502603123757 0.45480081716036774 13.500000000000002 65.720992622401084 12.500000000000002 89.699381078691445 0.15099715099715103 0.63504759129759136 47.836488454337434 0.86795163170163181 99.779735682819393 30.500000000000004 0.75521059487624853 0.68264547485561999 0.84943242925320972 0.96824596774193561 38.36175566116858 1.0000000180025095e-35 0.64500893661472414 0.63294422258616645 0.63571342740412684 0.31414473684210531 0.92582417582417598 0.74133811230585434 66.360856269113157 0.5656275635767023 84.292763157894754 0.8190909090909092 79.118217054263582 0.99683544303797478 0.69630880880880885 0.65021674739083546 0.77735042735042748 15.535444947209657 25.844402277039851 85.934065934065941 81.897262842144741 0.54896323606772468 0.55703059732664995 0.98418947631546072 0.34632683658170921 94.759725400457668 80.082644628099189 95.782060785767243 0.91000398724082954 0.90304020598138257 0.48435972629521024 1.0000000180025095e-35 77.032967032967051 0.82685930236917093 1.0000000180025095e-35 0.62536321577463916 0.7003937007874016 48.394461629105912 0.52505561773687637 0.33971423337607626 83.587919776119421 0.86408966659301212 0.16333333333333336 0.9196102655858106 82.785560344827601 0.78601953601953611
decision_type=2 2 2 2 2 2 2 2 2 2 2 2 2 2 2 2 2 2 2 2 2 2 2 2 2 2 2 2 2 2 2 2 2 2 2 2 2 2 2 2 2 2 2 2 2 2 2 2 2 2 2 2 2 2 2 2 2 2 2 2 2 2
left_child=1 14 4 7 51 47 -7 -4 -3 -10 21 -12 13 18 -1 -9 17 50 19 44 -21 25 27 35 -25 31 -27 28 29 37 -29 32 33 -5 -35 -24 -37 39 40 -23 41 42 -39 46 45 -11 -42 -6 -49 -14 -16 52 54 -53 -2 -56 57 -55 -58 -59 -60 -62
right_child=2 8 3 10 5 6 -8 15 9 12 11 -13 49 -15 16 -17 -18 -19 -20 20 -22 22 23 24 -26 26 -28 30 -30 -31 -32 -33 -34 34 -36 36 -38 38 -40 -41 43 -43 -44 -45 -46 -47 -48 48 -50 -51 -52 53 -54 56 55 -57 58 59 60 -61 61 -63
leaf_value=-0.0526309536641471 -0.047809944751402343 -0.077373749567971453 -0.069240438604878871 -0.082197602895830488 -0.02017598766420493 -0.089035350535497104 0.10609716707984829 -0.017622466986805859 -0.076827642893447984 -0.080239639635365831 0.037103616371030122 -0.083200498883261295 -0.038179431113019482 0.21240948438141419 0.082484038351234371 0.1364984249369969 0.053410086349398478 -0.052983827306595191 -0.06345400118188553 0.92365844137790643 0.10907238545884465 -0.0089747223704231653 -0.058581626977623924 -0.069832822560794178 0.054639519615388404 -0.052976961011714951 0.031101050005055569 -0.072334174113183589 -0.064842112784848041 -0.035600372023259767 0.090974635495481085 -0.0048652680918043626 0.027464569468273067 1.7402995056827064 0.42251103298729703 0.050825204409754542 -0.02687579630294085 0.21002998379890717 0.043302808621668708 0.3151879960081021 0.25475877483476977 0.22095342692554773 1.8947719969301502 0.4472631274730276 -0.0077783401218778662 0.83804868141233868 -0.084263944076072253 0.013035950424917729 0.12727411228931992 0.13939106905872903 0.00078908637322592178 0.066290403166897535 0.041772611570100281 -0.013305522496012646 0.062553165151023382 -0.0071999066320648742 0.049777542995625867 0.027582005741853387 0.014488128175952793 -0.040058616794366161 0.05167796820173113 -0.002563064796263581
leaf_weight=10.143315060529856 10.823425341106484 115.42698922255659 33.164268826993066 0.081437220331280424 20.951818118919618 1.3923516562208558 17.668318010866642 17.658328671896019 26.056467615664587 0.1978073630016296 24.141470110742379 2.2073604571633032 7.8708406345685926 1.2140041239908894 2.9025999307632437 1.1828078033286136 8.9997788226464746 13.103029762685763 1.8437971399398518 0.13930347486166272 0.6855022746603936 11.224305196839847 17.818143516313285 3.31890545785427 11.64191964198835 38.732403860718478 7.0613104393705717 6.4757276296731998 4.4244043491780749 7.617325911181978 1.7811728876549748 44.581913009053096 1.0287703513167796 0.076800917915534228 0.055681787896901369 6.0026240441948167 37.428794136270881 0.096381071489303194 40.188553087413311 0.34477626107400361 0.32318710151594132 0.26823253091424704 0.070806439965963364 0.24781670235097408 2.3790483064367436 0.12178790441248566 0.4076331282267347 15.526701100054199 1.9280781028792251 0.66994609858375032 242.28264847467653 7.3781518322648472 34.435554636613233 347.54460667155217 12.371394650661385 36.013526263297535 18.857537123607472 77.268775337433908 183.24695136526134 8.791282910271546 32.372862852877006 776.11133950925432
leaf_count=9733 161 225515 44475 7 2383 22 322 3461 51040 146 848 62 2798 99 60 182 511 7118 335 35 108 1133 235 56 215 8327 118 858 48 260 51 4437 157 22 28 72 398 38 1551 23 24 8 8 9 310 34 46 1417 42 21 5812 632 914 9699 256 829 521 1727 2969 193 820 15033
internal_value=-0.0044988 -0.0254467 0.00023096 -0.011539 0.00257847 0.0308987 0.091843 -0.0470343 -0.0685033 -0.0436388 -0.00464207 0.0270252 0.0135481 0.0626013 -0.00114198 -0.00794707 0.000811972 -0.00102075 0.0287166 0.0769488 0.24665 -0.00810001 -0.000561549 -0.0175871 0.0270266 -0.0204159 -0.0400123 0.017099 0.023962 0.0304254 -0.0371053 -0.000832727 0.143836 0.703482 1.18644 -0.0284844 -0.0161368 0.0398842 0.0507847 0.000685821 0.263424 0.490726 0.923544 0.162292 0.0250819 0.269692 0.0656604 0.000652912 0.0256548 -0.0242507 0.00175622 0.00152522 0.0153301 0.000634641 -4.8836e-05 0.010635 0.000299216 -0.00656174 0.00324299 0.0206723 0.00235814 -0.000391176
internal_weight=2356.37 434.037 1922.34 319.653 1602.68 57.4673 19.0607 52.0054 156.605 41.1785 267.648 26.3488 15.122 6.58125 277.431 18.8411 267.288 258.288 5.36725 3.52345 0.824806 241.299 149.681 76.2104 14.9608 91.6183 45.7937 73.4703 65.2134 60.789 8.2569 45.8246 1.24269 0.21392 0.132483 61.2496 43.4314 53.1717 41.6026 11.5691 1.41406 0.43542 0.167188 0.978637 2.69864 0.319595 0.73082 38.4066 17.4548 8.54079 245.185 1545.22 93.6439 1451.57 59.2083 48.3849 1444.19 433.605 1010.59 86.0601 991.731 808.484
internal_count=408772 303675 105097 67157 37940 4186 344 48118 280441 54926 19039 910 3886 1067 23234 3643 13501 12990 968 633 143 18129 5033 976 271 13096 8445 4057 3148 3100 909 4651 214 57 50 705 470 2840 1684 1156 133 54 46 79 490 180 70 3842 1459 2819 5872 33754 2160 31594 1246 1085 30962 11619 19343 1920 18822 15853
is_linear=0
shrinkage=0.08


Tree=62
num_leaves=63
num_cat=0
split_feature=4 18 0 4 2 0 2 4 1 18 18 5 6 17 1 1 0 18 13 13 17 17 17 5 2 2 1 5 17 2 2 4 17 1 10 17 2 0 13 17 5 2 17 17 17 2 17 1 0 0 17 18 4 5 17 6 2 15 0 17 0 1
split_gain=32.0255 66.5952 7.27923 11.0254 6.40196 6.38369 10.212 5.42221 11.7688 4.3631 5.69076 4.19362 4.12307 4.10406 5.45297 6.64193 3.95555 3.79921 3.59904 7.25647 5.47424 4.94079 4.63402 5.41366 4.40316 4.2909 5.05036 3.90703 4.85213 3.72751 3.74846 4.66945 3.86441 7.1697 3.69966 5.72254 3.14985 3.61919 3.13435 3.5685 3.49226 5.93947 4.18899 3.80412 3.41636 3.10472 2.96308 3.07424 2.95957 5.11372 9.00194 5.27979 4.74255 5.2153 4.62332 4.50275 3.81437 7.56093 4.50337 4.29719 3.66683 3.60004
threshold=54.585502603123757 0.45480081716036774 13.500000000000002 69.58437081018964 0.63504759129759136 12.500000000000002 0.89998316498316511 47.836488454337434 0.49545454545454554 0.98518437225636535 0.65235814296241723 99.779735682819393 0.78182490796207949 0.87026647966339421 0.967204301075269 0.94519519519519524 29.500000000000004 0.76370794559770949 0.31414473684210531 0.92582417582417598 0.51639784946236567 0.74133811230585434 0.8218253968253969 96.015873015873026 0.69630880880880885 0.66112165296226022 0.19098277608915912 97.698500979924788 0.72821969696969713 0.54896323606772468 0.55703059732664995 95.782060785767243 0.50384615384615394 0.23845060412224597 1.0000000180025095e-35 0.61167800453514753 0.82340215109520198 14.500000000000002 0.43167701863354041 0.58257575757575764 75.419203747072615 0.59220390720390725 0.45889639639639646 0.49561403508771934 0.64365079365079381 0.60793311626644975 0.94519519519519524 0.56048780487804895 8.5000000000000018 7.5000000000000009 0.77459677419354855 0.40824829931972795 86.027512464708366 81.900656814449931 0.57719393282773568 0.99912280701754397 0.89998316498316511 1.0000000180025095e-35 11.500000000000002 0.70412457912457926 6.5000000000000009 0.44058823529411767
decision_type=2 2 2 2 2 2 2 2 2 2 2 2 2 2 2 2 2 2 2 2 2 2 2 2 2 2 2 2 2 2 2 2 2 2 2 2 2 2 2 2 2 2 2 2 2 2 2 2 2 2 2 2 2 2 2 2 2 2 2 2 2 2
left_child=1 13 5 4 -4 48 -7 -3 -9 10 -8 18 17 -1 15 -15 -13 -10 20 22 -5 -21 23 29 -24 27 -27 -22 -29 -20 31 32 33 -31 35 -25 37 -28 44 40 41 43 -42 -40 -32 -36 -6 -48 49 55 51 -51 53 54 -53 60 -50 59 -59 -58 61 -2
right_child=2 7 3 11 46 6 9 8 12 -11 -12 16 -14 14 -16 -17 -18 -19 19 21 25 -23 24 34 -26 26 36 28 -30 30 38 -33 -34 -35 45 -37 -38 -39 39 -41 42 -43 -44 -45 -46 -47 47 -49 56 50 -52 52 -54 -55 -56 -57 57 58 -60 -61 -62 -63
leaf_value=-0.014807651552416801 0.08519879133913863 -0.077156179051663984 -0.074525424178590149 0.0015755287639741913 -0.015078261501525804 0.010649579645611692 -0.083333662960302687 -0.07771143945843656 0.042736820571974754 -0.03105962124479849 0.12739929869775915 0.034232479528419492 0.16986261923670587 0.028904228891418086 1.8436759686281294e-05 0.19885774514584131 -0.075120592257266403 -0.039048504734899819 -0.0065444538882423907 -0.028052382450878235 -0.053656551179612516 0.021452659048946884 -0.071210470232868348 -0.041125560186575268 0.064906904663619966 0.19157943044731124 -0.089926777653333276 0.28020325294631099 -0.072965997990731307 0.021861384052011226 0.04126311406190835 0.43515614916905493 -0.042765890172713407 0.50488619336501739 0.014287272478819755 0.11708008773731951 0.12442344823416868 0.0076193359802199457 0.16908211607247334 0.078924207665100929 0.062975427969990894 0.053927558017427157 -0.032224423382191759 0.66116981082306325 -0.043111163835763015 -0.10750103254550768 0.080417381781167044 0.54452842416720981 0.0037006620555994543 0.098647324321827864 -0.01717385093940178 0.12547740324687551 0.033850873586396497 -0.062843561002708215 0.0058903226755916294 0.066247362684485347 0.12848891046397307 -0.012219342035010078 -0.053187102412562533 -0.00202334059409208 -0.012571538770244899 0.0020838061243632624
leaf_weight=92.587680275610182 3.3473407633719026 106.84111258588382 25.276842602164834 39.746957536379341 9.0235842850379395 44.469163722475059 0.89269872847944221 23.864762512370362 7.125512928992972 1.6019381536170847 10.089473747997543 24.205657748505477 0.9884466689545669 26.39722307090415 156.35881032608449 1.5585743022384111 2.3199203023686996 7.4210961384524126 11.80834881326882 64.610120902769268 41.050938537111506 16.122218287317082 6.541027009545358 3.8752301745116693 1.9817722230218349 0.84509860147954796 3.5259572570212168 0.50674462667666276 0.48943568114191294 0.49266039457870536 7.2753727810049877 0.3174908673390745 0.68470548803452402 0.3273514483589679 1.9642886836081741 2.3509987620636821 1.0160593818873156 7.8624189032125287 0.21996093529742511 16.115782839886378 5.0714702841360104 1.7409547368297351 7.0987274604849517 0.1851923368521966 5.3150637307553552 4.2127545913681388 1.0849319977860421 0.099739925586618372 153.02949785563396 6.1300755576230577 40.053101602359675 2.2041678298264733 82.193733926862478 6.8713070251978925 33.745728028065059 6.7487195651046923 3.6374528813175848 141.75354102661368 19.539584405254573 2.9033061503432691 118.31679859943688 923.43841551698279
leaf_count=14986 133 225515 41789 4297 3052 3983 10 50429 1300 24 169 837 48 3628 4582 38 73 3149 1425 782 10689 294 982 52 55 40 38 34 36 44 590 11 87 19 41 45 35 195 32 434 100 86 106 23 457 40 326 11 8421 109 756 63 1363 66 546 938 80 1929 248 66 1519 17517
internal_value=-0.00421117 -0.0241303 0.000187148 -0.010922 -0.0529312 0.00237548 0.0286543 -0.0678017 -0.0424349 0.0922786 0.11027 -0.00559581 0.0117566 -0.00106607 0.00583681 0.0383794 0.0246685 0.00101323 -0.0087644 -0.00137646 -0.0210703 -0.0181662 0.0160957 0.0229646 -0.0395596 -0.037348 0.00235129 -0.0498577 0.106687 0.0334453 0.0439753 0.156361 0.0975355 0.214686 -0.0249069 0.0186123 -0.0105406 -0.0225819 0.0392152 0.0531042 0.0240387 0.11813 0.00744652 0.394011 0.00564444 -0.0687726 0.000538647 0.119492 0.00140438 0.00319842 0.0160207 0.0261586 0.0226042 0.00101653 0.0132225 0.00111148 -0.00543403 -0.013763 -0.0171823 0.0705573 0.000690872 0.002384
internal_weight=2339.48 423.143 1916.33 315.366 35.4851 1600.97 57.0533 146.241 39.3998 12.5841 10.9822 279.881 15.5351 276.902 184.315 27.9558 26.5256 14.5466 253.355 158.311 95.0436 80.7323 77.5792 69.0564 8.5228 55.2967 13.2495 42.0471 0.99618 56.6531 44.8447 1.82221 1.50472 0.820012 12.4033 6.22623 12.4044 11.3884 43.0225 30.4321 14.3163 2.14611 12.1702 0.405153 12.5904 6.17704 10.2083 1.18467 1543.91 1223.05 171.198 131.145 125.015 42.8212 35.9499 1051.85 320.863 167.834 161.293 6.54076 1045.1 926.786
internal_count=408772 303675 105097 67157 45178 37940 4186 280441 54926 203 179 21979 4497 23234 8248 3666 910 4449 21069 5705 15364 1076 4629 3592 1037 11067 308 10759 70 3414 1989 161 150 63 178 97 268 233 1828 781 347 141 206 55 1047 81 3389 337 33754 23010 2903 2147 2038 675 609 20107 10744 2323 2177 146 19169 17650
is_linear=0
shrinkage=0.08


Tree=63
num_leaves=63
num_cat=0
split_feature=4 4 3 4 0 4 10 20 6 4 6 13 13 6 4 20 15 4 5 6 5 4 0 4 4 20 10 6 5 4 4 6 5 3 6 4 13 13 0 13 13 20 3 20 20 6 17 6 4 5 13 17 20 3 0 20 13 13 17 3 17 20
split_gain=28.0324 54.2624 11.1861 13.375 6.3223 12.7965 5.70021 5.18614 4.23955 4.1837 3.99995 3.91641 4.05432 6.52416 12.5102 20.6081 4.72558 4.03838 3.8858 4.22636 3.60477 4.0048 12.4651 9.12608 12.3684 3.32955 3.31334 6.09085 5.97419 5.51495 5.08109 4.78084 8.21117 4.55696 4.42 4.24119 3.75825 6.17142 4.19849 5.72777 3.52289 3.65949 3.36024 3.33025 7.13177 3.73 3.29744 3.28611 5.39851 4.88991 3.71829 3.90429 3.67152 3.16986 3.16179 3.13626 3.06753 4.93749 6.08204 6.89135 5.05815 4.97599
threshold=54.585502603123757 1.0000000180025095e-35 85.215543412264751 41.327823691460061 15.500000000000002 79.495142538620811 1.0000000180025095e-35 58.235239809813976 0.56128513977500394 31.434809731752967 0.62536321577463916 0.52786377708978349 0.86335403726708082 0.62127348220870571 71.705630308952877 25.146542423430294 1.0000000180025095e-35 76.964212258329908 36.074023998647966 0.64074138293653671 30.025906735751299 42.606122974015953 4.5000000000000009 41.452661328308999 42.260781181936984 -38.058965450685186 1.0000000180025095e-35 0.83828443998280855 48.502779272010052 76.964212258329908 85.196142888450595 0.79232550499217169 90.636241007194258 86.526825332795497 0.8905029937382879 95.782060785767243 0.82555780933062894 0.90454545454545465 12.500000000000002 0.47809523809523807 0.11269841269841276 -35.592309094222706 85.215543412264751 18.899900560517619 -2.7777777777777746 0.82456124057187907 0.62115563839701782 0.9196102655858106 86.027512464708366 87.528801843317993 0.86335403726708082 0.52985739750445637 61.21928658469038 18.30143540669857 5.5000000000000009 -17.483968430139345 0.92582417582417598 0.534959349593496 0.64365079365079381 56.949806949806963 0.6478537360890303 43.210654959288853
decision_type=2 2 2 2 2 2 2 2 2 2 2 2 2 2 2 2 2 2 2 2 2 2 2 2 2 2 2 2 2 2 2 2 2 2 2 2 2 2 2 2 2 2 2 2 2 2 2 2 2 2 2 2 2 2 2 2 2 2 2 2 2 2
left_child=1 -1 -3 6 26 7 -4 11 20 -8 -9 25 13 14 15 -13 17 -15 19 -10 -5 22 23 -22 -25 -6 31 28 -28 -29 -30 32 40 34 42 -35 38 -38 -32 -40 41 -2 -31 44 45 -39 -34 50 54 -50 51 52 -36 -53 -49 -7 57 58 -57 -60 61 -59
right_child=4 2 3 8 5 55 9 10 18 -11 -12 12 -14 16 -16 -17 -18 -19 -20 -21 21 -23 -24 24 -26 -27 27 29 30 33 36 -33 46 35 47 -37 37 43 39 -41 -42 -43 -44 -45 -46 -47 -48 48 49 -51 -52 53 -54 -55 -56 56 -58 60 59 -61 -62 -63
leaf_value=0.0006167270395690096 0.4130800425727843 -0.075626884619795137 -0.069374626004657436 -0.04063283787410521 0.35020839931690029 0.090934510972505253 -0.043300697548907245 0.51359025573641504 0.042822069706227428 0.24408949505692096 0.061370954371854441 -0.080082840633628291 -0.033519611916673263 -0.04149409556286561 -0.081143385805013665 3.2133675387209291 0.4359635470476716 0.2766565928880243 -0.011580867379602587 0.43361918110132619 2.4922545247993213 0.08855573378076427 0.023562641376450449 -0.080290045890443446 1.6396693700995297 -0.066771006667693047 0.077199760905818621 0.053325364041440747 -0.028068280628623793 -0.029356889114744728 0.077794815150937849 -0.0056277944045321831 0.072531535473715547 0.012255842424092514 0.27964045159171824 0.041368652908283093 -0.10486211866534381 0.0030571310880862595 -0.055961064807809893 0.13887485556878892 0.0020492638971399907 -0.053063148592707582 -0.17962015941832565 -0.037713111902486364 0.074134524920027714 -0.084499167490327334 0.023176926404882427 -0.18983208743387839 0.050953979827284689 -0.0053949006700383497 0.074607055106738207 0.17563310310027241 0.00070034115908089586 -0.026628550594599225 -0.034866456054985562 0.0079660142190631587 -0.023461790545887439 -0.05440348928799324 -0.052533218540246535 0.039044738029091509 0.090193104381428441 0.043178150839706275
leaf_weight=249.87001865869388 0.10906502604484458 98.679604027754976 36.455390851115226 1.2588193875271851 0.12297225371003051 2.2955757891759268 0.64428065053652861 0.14027254882967 0.56279114034259947 0.65252291865181178 1.1634676744870374 0.023238844412842297 11.740861722704722 1.4635369744210036 0.060166954644955695 0.025504525066935457 0.18786945767351415 0.30930545786395658 21.016286862955894 0.25844164454611018 0.021752791406470684 3.3991903554269811 0.23924416824593209 0.059265891293762252 0.048783969206851907 36.250281418528175 5.302818959899013 20.934450283501064 55.544338174833683 16.965808507055048 8.1915853011887503 580.73830375674879 10.151756728533654 142.01499388040975 0.59553932398557907 41.350780004402623 3.704094683751463 42.003442068584256 4.309760470641776 1.2445203773677347 560.48797016052413 9.1905575274431595 1.0091069620102633 11.575441379100083 9.1090354900807196 3.3633107412606469 59.103479529265314 1.4418325945734971 11.498392584966494 69.012071254430339 8.49999060644768 0.52644119178876181 0.61269593983888626 8.5475324891740438 2.0276324964361265 74.773019104555715 37.195505145471543 5.0920312386006144 25.506432604277506 6.6249391022138289 7.5298042721115044 9.7448003792669606
leaf_count=9132 2 219221 61973 36 5 33 31 33 135 159 279 36 1208 586 9 29 25 21 12190 35 20 522 110 88 23 45679 709 1454 5162 436 222 10101 153 4293 23 2732 30 671 145 18 15387 2463 9 88 233 46 1105 25 232 1224 146 15 18 254 39 4713 485 56 4055 127 136 147
internal_value=-0.00392665 -0.0228206 -0.0586835 -0.0328084 0.00016169 -0.0125867 -0.0635116 -0.0474979 0.0103381 0.101308 0.110026 -0.0515902 -0.0153209 0.0879193 0.690589 1.64319 0.0544432 0.0140132 -0.00490998 0.165806 0.0765757 0.11573 0.366029 0.997242 0.696263 -0.0653613 0.00182395 0.00753561 -0.00613931 0.0136086 -0.00931763 -0.000373965 0.00440052 0.0108745 -0.00119407 0.0188211 0.00315515 -0.00437899 0.0413882 -0.0123051 0.00123899 -0.0475963 -0.0377926 0.00125601 0.00953648 -0.00343394 0.0304116 0.00520766 -0.00155783 0.00265277 0.0354579 0.00309448 0.13819 -0.014894 -0.0992667 -0.00193571 -0.00321639 0.00260887 -0.00454259 -0.0336514 0.0367903 0.00968793
internal_weight=2322.58 413.166 163.296 64.6168 1909.42 220.25 37.7522 51.4875 26.8646 1.2968 1.30374 50.1837 13.8105 2.06962 0.10891 0.0487434 1.96071 1.77284 21.8375 0.821233 5.02706 3.76824 0.369047 0.129803 0.10805 36.3733 1689.17 469.386 144.348 325.037 139.046 1219.78 639.043 304.103 120.737 183.366 83.5012 69.7553 13.7459 5.55428 569.788 9.29962 17.9749 66.0512 54.4758 45.3668 69.2552 102.762 83.9799 80.5105 18.7822 10.2822 1.20824 9.07397 3.46947 168.762 166.467 129.271 106.904 32.1314 22.3666 14.8368
internal_count=408772 303675 294543 75322 105097 57662 62163 47910 13159 190 312 47598 1914 706 74 65 632 607 12360 170 799 763 241 131 111 45684 47435 18224 7324 10900 6615 29211 19110 9446 2421 7025 1453 1068 385 163 17852 2465 445 1038 950 717 1258 1976 1520 1456 456 310 41 269 64 9752 9719 9234 8895 4182 339 203
is_linear=0
shrinkage=0.08


Tree=64
num_leaves=63
num_cat=0
split_feature=5 3 18 5 18 6 6 0 17 18 17 1 6 6 1 2 6 6 6 2 18 5 5 6 2 0 20 6 5 7 18 5 6 3 1 6 6 0 9 2 1 14 2 18 18 6 1 2 17 3 20 6 0 20 18 5 17 1 20 6 6 20
split_gain=23.4349 51.4781 11.3219 13.4257 4.95957 4.58224 4.58362 3.89434 5.30068 4.16624 3.9514 11.0435 3.6797 3.62074 3.57391 4.08613 3.1943 7.49393 4.56325 3.14666 2.83486 8.1193 5.69062 7.34171 6.04292 5.02673 4.60561 4.18901 3.88605 3.79684 4.29151 5.179 3.62772 3.60438 5.36201 4.97834 4.88643 4.1403 3.50485 8.4851 4.80745 3.4761 3.37668 3.49121 3.28356 3.24361 4.37656 3.33491 8.13374 6.1625 4.92133 3.20073 3.19466 4.7912 3.62203 3.92766 3.11429 3.08482 3.03007 3.02406 2.98633 4.54331
threshold=57.937479858201755 72.87157287157288 0.54123043712898011 42.563724457552148 0.37810002049600333 0.49143979555863659 0.82016632160110436 23.500000000000004 0.3047162859248343 0.93360881542699736 0.23861283643892342 0.091750841750841763 0.66996515726559547 0.62536321577463916 0.24357284113381675 0.6059885290148449 0.87241706506222649 0.9196102655858106 0.65725169295396391 0.93328658251519414 0.73703419131771042 76.409794360822573 66.789215686274531 0.80953199448034274 0.93752705627705646 9.5000000000000018 -35.592309094222706 0.79232550499217169 70.480385986993923 -1.0000000180025095e-35 0.67684537684537693 81.900656814449931 0.7477534634180607 37.884436160298236 0.65058139534883741 0.9094745137304755 0.78182490796207949 18.500000000000004 1.0000000180025095e-35 0.96847250090034487 0.79516317016317029 1.0000000180025095e-35 0.92500871080139391 0.85019685039370085 0.71806526806526816 0.68166896312057623 0.64051282051282066 0.66112165296226022 0.37617924528301894 45.035211267605639 16.631127478839407 0.79232550499217169 7.5000000000000009 -8.1832855616220765 0.69801493710691831 79.177241962774971 0.72046511627906984 0.66969696969696979 -8.1832855616220765 0.8905029937382879 0.7477534634180607 -18.749346097509939
decision_type=2 2 2 2 2 2 2 2 2 2 2 2 2 2 2 2 2 2 2 2 2 2 2 2 2 2 2 2 2 2 2 2 2 2 2 2 2 2 2 2 2 2 2 2 2 2 2 2 2 2 2 2 2 2 2 2 2 2 2 2 2 2
left_child=1 4 -3 -4 12 -5 -7 13 9 10 -9 -12 -1 -2 -10 -16 18 -18 -13 -6 21 22 25 27 57 -15 -27 -24 33 30 -23 32 58 35 36 -22 45 51 39 40 -26 -33 -36 60 52 46 47 48 -35 -50 -51 -38 53 54 55 -34 -52 59 -32 -25 61 -44
right_child=7 2 3 5 19 6 -8 8 14 -11 11 16 -14 20 15 -17 17 -19 -20 -21 28 29 23 24 38 26 -28 -29 -30 -31 31 41 44 34 42 -37 37 -39 -40 -41 -42 -43 43 -45 -46 -47 -48 -49 49 50 56 -53 -54 -55 -56 -57 -58 -59 -60 -61 -62 -63
leaf_value=-0.030775650734221661 0.024724766930254386 0.0015217005662898017 -0.072224139175736987 0.33539048090320672 -0.073028304782855852 -0.016733428952276096 0.057609184633225466 0.004687457017463135 -0.057092707881441565 -0.018135917244487244 0.95611584708902164 0.29530169711665805 0.13303765303770951 0.040704401332127736 0.074784842396019527 -0.034050519112762738 0.47036233891877799 0.03593857055666308 -0.082661663618405865 0.059161905057079994 -0.063956628906511964 0.086165392900734702 -0.033936884832343722 0.022549676527285251 0.0047269883703998667 0.55844412340366256 -0.025116636763092948 -0.14348978643912599 0.00091302201952925071 -0.053875218063955926 0.098423075664858722 -0.0047448976522431298 -0.03307933761091001 1.280892178515123 -0.070645534510704058 0.52718818372104348 0.29707936174738103 -0.072105024857385416 -0.065561557920053581 0.085707124002127891 -0.20412227592922846 0.10102289116334444 -0.029171542223507672 0.00028848853367081608 0.048121321207057401 -0.025815072817328089 0.4748530289189663 0.0064725884676145205 -0.080185174195064948 -0.08024923303130034 0.85551868832679323 0.069325402991533336 -0.069405501490685556 0.11789604353273889 -0.071753537598728032 0.13697077662505558 0.30192578478377641 0.1478440880687148 -0.001639041599260074 0.16281130566701468 -0.06608470330425914 0.10455886555243106
leaf_weight=11.774035764246943 41.481162778596627 333.07773031682882 31.75587542563153 0.24697509000543405 101.31480740779079 57.495908361059264 5.8476071741315527 1.8031185418949447 21.780330874753417 4.9116692063980736 0.10734457874787073 0.28365024525555804 0.94827573117800135 26.911797327018576 3.2227209871634823 7.0101515276473947 0.44539322817581684 0.59181063156574965 0.73202846036292613 1.1657345767889626 10.497784491148192 10.708332417299969 32.794938161590835 8.5793723267852311 1.5301946215331557 0.087172194384037449 12.236069230246356 2.3970695774769402 1411.7558549979585 2.8417039908235884 4.7488417401909828 2.6045649322913933 2.1229672282934167 0.040877003018983227 7.9542263897601506 0.091974019771442594 0.41240135370753606 1.318101802811724 6.1930483281612396 4.4184681745246053 1.3086511911824343 8.4100998546928167 14.237075363285841 38.26165553345345 5.4563869182020417 14.065255738445556 0.1492202472873031 4.2671413227217272 0.43613388272933662 0.11269706863095053 0.11851707095047459 9.3104878384328895 6.0791070804698384 1.9155778591521126 4.3890496166422963 1.472022123634815 0.14412701281253248 1.9963008896447725 3.2708774048369396 1.1111837684875343 12.457873380277304 1.8355125375092054
leaf_count=8380 2034 19050 73832 24 228154 11950 151 332 7017 363 27 61 87 510 438 488 29 18 262 454 11512 310 1144 385 32 5 3299 53 32341 122 69 153 26 6 119 29 32 403 48 197 19 219 136 511 151 1592 8 276 442 104 11 600 171 63 55 28 31 38 119 45 180 27
internal_value=-0.00368032 -0.0182021 -0.00543641 -0.0297435 -0.0656761 -0.00852949 -0.00987043 0.000796456 -0.0236049 0.0311014 0.0921198 0.165099 -0.0185656 0.00137568 -0.0387711 0.000225878 0.123737 0.222488 0.0228928 -0.0715246 0.000799522 0.01116 -0.0023888 -0.0178126 0.0152083 0.0213274 -0.0209886 -0.041399 -0.000242202 0.0361319 0.0411297 0.0292131 0.0117124 -0.0143367 -0.00985532 -0.0588224 0.0184877 0.0609481 -0.0213543 0.01637 -0.0915483 0.0760127 -0.0213732 -0.0155054 -0.00546058 -0.0057601 0.0477783 0.0353301 0.1798 0.124334 0.361978 0.0789857 -0.0237576 0.00427359 -0.0229874 0.0365502 0.551732 0.057288 0.0576123 0.038633 -0.0366862 -0.0138993
internal_weight=2307.05 543.627 428.424 95.3464 115.203 63.5905 63.3435 1763.42 40.8882 8.87501 3.96335 2.16023 12.7223 1722.53 32.0132 10.2329 2.05288 1.0372 1.01568 102.481 1681.05 153.584 99.5643 60.3292 25.1372 39.235 12.3232 35.192 1527.47 54.0195 51.1778 40.4695 29.4548 115.711 105.121 10.5898 30.375 11.041 13.4504 7.25731 2.83885 11.0147 74.7463 66.7921 21.4351 19.334 5.26871 5.11949 0.852352 0.811475 0.375341 9.72289 15.9787 9.89962 7.98404 3.59499 0.262644 11.6869 8.01972 9.69056 28.5305 16.0726
internal_count=408772 342082 105007 85957 237075 12125 12101 66690 9035 1092 729 397 8467 57655 7943 926 370 47 323 228608 55621 7261 5775 1961 764 3814 3304 1197 48360 1486 1364 1054 682 16019 4478 11541 3505 1035 296 248 51 372 973 854 494 2470 878 870 594 588 146 632 343 172 109 54 42 468 188 430 343 163
is_linear=0
shrinkage=0.08


Tree=65
num_leaves=63
num_cat=0
split_feature=2 4 4 18 1 13 2 17 17 3 6 2 3 17 13 17 15 1 0 20 1 17 1 3 13 4 0 4 18 4 13 4 0 17 4 4 0 18 20 2 17 13 2 9 6 3 2 6 0 0 2 1 17 20 18 18 2 0 17 4 1 0
split_gain=23.2116 46.0264 9.08367 37.9861 5.21547 4.01937 14.9662 6.43268 6.10176 7.20481 6.31205 5.34141 6.51753 6.56933 6.2593 6.19499 7.64212 7.36349 5.21833 4.74011 4.45937 5.65219 4.14833 4.22439 5.78346 6.33174 4.35141 5.55789 5.52204 4.15658 5.30921 6.6172 9.35513 7.28479 3.9338 5.03507 3.85303 3.78504 4.96449 3.73381 4.90408 3.72628 3.97604 3.7237 3.72229 4.25173 3.63054 3.5756 3.44837 3.42481 8.00872 5.13729 5.29796 7.05689 4.42961 5.94383 4.23464 11.9306 8.54639 6.30015 7.04574 5.7336
threshold=0.69128958503958515 68.244631185807677 45.176799007444181 0.37810002049600333 0.22335600907029482 0.78416149068322993 0.87981855778629992 0.95742753623188415 0.8021739130434784 88.067796610169509 0.95203030303030312 0.82501879699248137 78.629976580796267 0.52440476190476204 0.95974235104669903 0.95742753623188415 1.0000000180025095e-35 0.81322674418604668 18.500000000000004 -1.5384615384615363 0.55437352245862892 0.91010101010101019 0.26747967479674806 83.438818565400865 0.49242424242424249 93.629319886852798 8.5000000000000018 95.782060785767243 0.91901828298887134 86.027512464708366 0.72363636363636374 65.129568106312306 6.5000000000000009 0.5656275635767023 32.274865591397862 1.0000000180025095e-35 7.5000000000000009 0.28664077990746867 -61.361296562051528 0.47279517867753168 0.25211864406779666 0.39444444444444449 0.82649022803821581 1.0000000180025095e-35 0.80953199448034274 52.976612331679668 0.69404997176736327 0.79232550499217169 17.500000000000004 4.5000000000000009 0.97342555994729929 0.84292763157894746 0.93440860215053767 -22.03586561415095 0.79928057553956855 0.81848688224527166 0.92381350533524464 12.500000000000002 0.61620294599018022 87.528801843317993 0.48435972629521024 13.500000000000002
decision_type=2 2 2 2 2 2 2 2 2 2 2 2 2 2 2 2 2 2 2 2 2 2 2 2 2 2 2 2 2 2 2 2 2 2 2 2 2 2 2 2 2 2 2 2 2 2 2 2 2 2 2 2 2 2 2 2 2 2 2 2 2 2
left_child=1 -1 3 34 -4 6 8 -8 22 41 -11 18 13 -13 15 17 -17 -14 -7 49 47 -22 -6 29 26 -26 36 28 -28 30 31 32 -24 -34 35 -2 -25 38 -36 40 -3 -10 -43 -42 -31 -46 -35 -21 -49 50 -16 52 56 -54 -55 -56 58 -58 -51 60 -60 -59
right_child=2 39 4 -5 5 11 7 -9 9 10 -12 12 14 -15 19 16 -18 -19 -20 20 21 -23 23 24 25 -27 27 -29 -30 44 -32 -33 33 46 37 -37 -38 -39 -40 -41 43 42 -44 -45 45 -47 -48 48 -50 51 -52 -53 53 54 55 -57 57 61 59 -61 -62 -63
leaf_value=-0.07447347602921503 0.0017866270778376877 -0.054827012597527348 0.082261861462365596 -0.072129744459905554 -0.12280864906486658 0.057016967531565106 0.07939448334037634 -0.012998806774933569 -0.07769304326475561 0.061337780334483567 -0.11312411464422711 -0.080900845445219971 0.0011740284925289318 -0.010521343026615813 0.032790421792977788 0.082911751542058557 -0.035289601444481893 -0.1179520595035857 -0.088096884914968782 0.13522766086618818 -0.0043574475289382651 0.03223512568748492 1.5231782793858144 0.0022286169116819245 0.013700727915699096 -0.23031645882276827 0.0097135898613654372 0.046027438140220527 -0.11105861830675667 0.13543312463921731 0.18767607790735835 -0.044195335610626767 0.77892792012028167 0.8266588898737196 0.50028109268379128 -0.063027204582790389 0.095475642749588821 0.027539101738465945 0.10809390805497955 -0.010662615159831046 0.028464534801912002 0.033423781158719107 -0.072797348796958178 -0.045345251558621381 -0.022668516143676053 0.087767895964193682 -0.081194246761547836 0.058721716297592298 -0.059394801150573065 -0.0027506351144332385 0.0029781824050709228 -0.069789417749648572 0.16188633120357568 0.10198428995873077 -0.20172416578139621 0.013196957211032794 -0.011881361722585953 0.19044420249436347 0.20590933696798364 0.084789852741484928 0.0086459264881943911 0.014731921502713217
leaf_weight=81.792577054715366 247.97282413579524 6.1110080908983937 5.2776851863600305 55.373128076927969 1.3416140691551834 17.235592897603059 26.857354296807898 5.8782518202497149 14.082966497197051 7.7282171421393269 1.6024428075179455 9.0180425538565014 5.3970562329923295 144.43241885202588 63.81188331762678 4.9882596383686186 11.738435447157826 8.6325123375281674 1.7466893772070751 3.1673179268836966 57.153532391879708 51.231493845116347 0.034894263983008211 5.6577568181383011 1.3315419676946469 1.3920140601694582 4.6518066267599334 5.7550182924605897 5.056922669231426 4.2512135198339811 0.86123431168380182 6.5000143415527418 0.096969610342057422 0.030854000418912619 0.28310838446486741 7.9158367672644081 5.6864914789330214 2.0739153465256095 0.76408440421800994 206.59529155140626 44.248745031887665 5.2469312192697526 3.9555666746164206 4.8543971492908886 3.6274432074278575 5.7960745077580214 0.32671005971496925 9.5736662489362043 1.8949903594329942 168.35689093862311 599.2279043799208 7.2304334755754089 2.6486210864677586 3.263124043820425 0.89454063563607533 10.376888355240224 280.80329277054989 2.7577254181087474 1.2102152101870185 12.691063724923877 27.283805740677053 2.0886810586089268
leaf_count=196525 7290 343 252 132124 74 773 1143 153 415 174 38 669 62 7342 1677 130 119 66 291 54 1206 2502 15 86 20 22 68 268 38 66 36 111 48 28 29 3905 163 477 39 19803 4674 191 78 1306 48 110 209 285 29 3143 13242 86 182 71 19 256 4671 52 42 204 898 28
internal_value=-0.00291964 -0.0220891 0.000464622 -0.0119873 0.00286348 0.00260586 0.0168413 0.0628036 -0.000856875 -0.0280222 0.0313758 0.00149494 0.000957666 -0.0146574 0.00275062 -0.0329216 -3.94199e-05 -0.0721253 0.0436641 0.00359092 0.0185363 0.0129392 0.0160525 0.0197013 5.51746e-05 -0.111017 0.0113395 -0.0162665 -0.0531922 0.0466546 0.000257817 -0.0228357 0.260838 0.163929 0.000870478 -0.000218369 0.0489702 0.0901412 0.214122 -0.00572362 0.0127567 -0.0518234 -0.0122339 0.0211676 0.0732911 0.045257 -0.00285611 0.059985 0.0392051 0.00203627 0.00584735 -0.00282684 -0.00188189 0.0417883 0.0199029 -0.00385995 -0.00339725 -0.00973347 0.00524035 0.037906 0.0170242 0.114717
internal_weight=2289.87 343.602 1946.27 314.383 1631.88 1626.61 117.75 32.7356 85.0147 32.6161 9.33066 1508.86 1489.87 153.45 1336.42 30.7563 16.7267 14.0296 18.9823 1305.67 123.021 108.385 52.3986 51.057 29.5316 2.72356 26.808 15.4637 9.70873 21.5254 7.85068 6.98944 0.489428 0.454534 259.01 255.889 11.3442 3.12111 1.04719 261.809 55.2142 23.2855 9.2025 49.1031 13.6747 9.42352 0.357564 14.636 11.4687 1182.65 663.04 519.605 512.375 17.1832 14.5346 11.2714 495.192 285.65 209.542 41.1851 28.494 4.84641
internal_count=408468 222651 185817 143864 41953 41701 3602 1296 2306 896 212 38099 37035 8011 29024 377 249 128 1064 28647 4076 3708 1410 1336 665 42 623 374 106 671 447 411 300 285 11740 11195 249 545 68 26126 6323 684 269 5980 224 158 237 368 314 24571 14919 9652 9566 528 346 275 9038 4751 4287 1144 940 80
is_linear=0
shrinkage=0.08


Tree=66
num_leaves=63
num_cat=0
split_feature=2 4 4 18 13 2 17 17 1 2 9 13 7 1 20 0 1 2 20 15 9 10 6 17 20 1 5 5 20 17 18 17 4 17 2 20 6 6 5 18 1 17 0 4 5 2 17 13 20 4 0 2 6 0 13 1 18 4 1 1 1 2
split_gain=20.1632 43.422 7.82134 35.1129 4.48572 12.0933 5.87996 5.0391 5.89276 4.85686 5.60165 5.52776 5.74545 4.74366 6.25822 4.90142 4.5646 7.43556 4.27521 5.67187 4.15172 3.86379 5.70143 9.23164 4.62027 4.08656 3.87104 6.09032 4.59908 3.80647 4.36337 4.56917 4.13865 3.7866 3.77115 4.86554 4.50489 5.38986 3.76448 3.96219 3.74782 3.90081 3.84667 3.63911 3.62057 3.50202 3.43077 5.09559 4.55527 5.12317 3.90071 4.03114 7.8161 3.81464 3.90685 3.41215 3.34507 5.88354 3.30168 3.29714 3.22471 3.10961
threshold=0.69128958503958515 68.244631185807677 45.176799007444181 0.37810002049600333 0.78416149068322993 0.87981855778629992 0.95742753623188415 0.73401360544217698 0.44058823529411767 0.82501879699248137 1.0000000180025095e-35 0.89444444444444449 1.0000000180025095e-35 0.5913729128014843 7.2727272727272707 9.5000000000000018 0.9294019933554819 0.96847250090034487 3.1591501114144909 1.0000000180025095e-35 1.0000000180025095e-35 1.0000000180025095e-35 0.84198324994625262 0.75235849056603787 26.154326322865654 0.53410852713178303 67.750749162700529 69.58437081018964 -8.1832855616220765 0.48610038610038614 0.90797035692679995 0.5656275635767023 94.189797449362359 0.95742753623188415 0.83998108775282698 -12.199924609791777 0.69185667344226343 0.77210196893416083 86.709244512712729 0.36139516047382814 0.52041666666666675 0.72821969696969713 6.5000000000000009 80.267633369137144 96.881944444444457 0.84376154693852479 0.62622549019607854 0.90454545454545465 3.8277511961722479 85.196142888450595 13.500000000000002 0.46884699121541235 0.8905029937382879 31.500000000000004 0.097619047619047619 0.85239651416122009 0.87891006842619757 81.099981099981122 0.3504385964912281 0.47140522875816998 0.85239651416122009 0.38569902319902322
decision_type=2 2 2 2 2 2 2 2 2 2 2 2 2 2 2 2 2 2 2 2 2 2 2 2 2 2 2 2 2 2 2 2 2 2 2 2 2 2 2 2 2 2 2 2 2 2 2 2 2 2 2 2 2 2 2 2 2 2 2 2 2 2
left_child=1 -1 3 -2 5 7 -7 13 -9 10 38 16 21 14 29 -16 17 33 44 -20 58 -13 26 40 25 -25 28 -28 -23 -4 -31 32 -32 55 -29 36 -36 -38 39 -6 43 42 -42 -24 -10 -27 47 53 -48 50 51 52 -50 54 59 -11 57 -39 -14 -3 -8 -51
right_child=2 46 4 -5 9 6 60 8 18 11 -12 12 20 -15 15 -17 -18 -19 19 -21 -22 22 23 24 -26 45 27 34 -30 30 31 -33 -34 -35 35 -37 37 56 -40 -41 41 -43 -44 -45 -46 -47 48 -49 49 61 -52 -53 -54 -55 -56 -57 -58 -59 -60 -61 -62 -63
leaf_value=-0.074021024817119155 0.0007851206554889905 -0.035797803231619581 -0.17537288637993684 -0.071518003381061776 0.54464625541311062 0.076613291521087992 0.034786942453890052 0.037038980632529403 0.0088471739333086229 -0.033805013605478752 -0.040076880519705378 -0.0011218072462886198 -0.21830187862920747 0.059242169714836493 -0.058362901789840917 0.058190619837585153 0.020176665286355963 -0.13743727449654261 -0.071462638483143257 0.079328441618017512 -0.096636538562983654 0.0081006268482004939 0.090382121450215888 0.092584647006221224 -0.034343106681246328 -0.1735504585341997 -0.11945308394735145 -0.098317016635862162 0.10622542806743397 0.04688631703539748 -0.12122006717264441 -0.10703206682732205 0.073289778833704675 0.028697251415770269 -0.10358569004523561 0.0083410702160517554 0.016552873710029933 -0.063352413305977989 0.028341024636651998 0.098961880981726175 0.071912277665352561 -0.03824716627058404 0.0082230166542340329 -0.033023373461938565 -0.16006949465547921 0.031166674075041426 0.071205184705056657 -0.061378658241347951 0.016610578116482012 0.073451505551805782 -0.073142118609823351 -0.030177972312372112 0.47419497023932672 -0.059106123447736456 0.014570312315132412 -0.15014410747704623 -0.089934890593139041 0.1009909793789857 0.076734504277726268 0.2117726935701143 -0.086684852262245982 -0.011157975242897949
leaf_weight=75.947275834412721 259.12820531663601 14.01300533226458 1.1724139575962933 51.535689528041985 0.13013836694881575 25.655879012105292 3.6400339081883422 10.111890889413187 14.310489731171398 13.326217606576398 4.311787011974956 1092.0716069181799 0.24822053895331642 14.396603782923192 2.817363981215748 12.800943958573042 8.4234076375141722 4.8027610108256331 17.371682003984464 1.7580074248835433 1.0424850061535842 19.474816939356973 1.6193150170147443 7.1428709700703612 6.7036125054582945 0.53734584152698417 3.321110598742961 2.9372587613761416 3.626192730764159 3.768164425448048 1.0009047414350773 4.8174203387170564 2.3294550045393407 5.678995414520613 4.6474680360406628 55.06105197686702 13.998985394835474 4.4112446606159192 8.8119541844353062 6.7083616338204592 6.7777532222680739 10.241928413510321 58.056431996636093 27.526336546521634 0.86096203513443548 112.78111886000261 3.7833012491464606 7.4058929104357949 1.1525949953938859 2.8739309979137024 16.25184229115257 11.1371195789834 0.30137423472478975 5.3924426679732269 113.2832010097045 1.8357126843184222 7.5209507346153259 2.0383952986449003 11.019909310154615 0.35295759188011366 2.2715131655568257 85.073726291651838
leaf_count=196525 11740 2357 30 132124 6 1143 115 573 482 163 436 26173 8 400 38 346 145 36 203 35 7 378 24 191 86 3 24 17 126 148 15 104 82 85 37 862 173 51 136 519 176 145 830 335 24 5780 115 81 484 102 8152 1578 26 713 7941 13 63 30 1119 11 38 4566
internal_value=-0.00272081 -0.0207818 0.000421821 -0.0112092 0.00264415 0.0175915 0.0600398 0.00228021 -0.0166311 0.00146288 0.0406612 0.000936615 0.00168356 0.0217662 0.00297172 0.0371657 -0.0309174 -0.0477007 -0.0324529 -0.057605 0.0561043 0.00121848 0.00855368 0.0158318 0.0302981 0.0338953 -0.00583545 -0.0130505 0.0235034 -0.0378319 -0.0242992 -0.0572209 0.0148319 -0.027021 -0.00915078 -0.00616367 -0.0306492 -0.01853 0.062905 0.107443 -0.00181898 0.00763329 0.0148811 -0.026167 -0.000738648 0.0301959 -0.00529116 0.00320685 -0.0151899 -0.0179885 -0.0472467 -0.0138225 0.111457 0.00680206 0.0095863 -0.0478906 -0.0536842 -0.011412 0.0702353 -0.0297152 -0.0118886 -0.00839313
internal_weight=2273.55 336.969 1936.58 310.664 1625.92 119.084 31.5674 87.5163 44.413 1506.84 19.9622 1486.87 1452.81 43.1033 28.7067 15.6183 34.0671 25.6437 34.3011 19.1297 12.3106 1440.5 348.424 231.387 127.165 120.461 117.037 93.9365 23.101 13.0884 11.9159 8.14778 3.33036 20.8409 90.6154 87.6781 32.617 27.9696 15.6505 6.8385 104.222 75.0761 64.8342 29.1457 15.1715 113.318 261.021 140.447 120.574 116.791 28.8429 12.5911 1.45397 133.042 127.649 15.1619 13.9706 6.44964 11.2681 14.366 5.91155 87.9477
internal_count=408468 222651 185817 143864 41953 3776 1296 2480 1317 38177 1097 37080 36638 1163 763 384 442 297 744 238 1134 35504 9331 7570 6060 5974 1761 1257 504 379 349 201 97 261 1233 1216 354 317 661 525 1510 1151 1006 359 506 5783 26126 11103 15023 14908 10240 2088 510 11022 10309 176 144 81 1127 2368 153 4668
is_linear=0
shrinkage=0.08


Tree=67
num_leaves=63
num_cat=0
split_feature=2 4 4 18 1 17 1 18 3 20 6 3 17 0 17 10 6 20 2 0 18 6 4 6 1 18 4 20 20 18 17 4 18 17 3 1 13 4 18 0 13 2 4 13 1 6 20 2 2 13 1 3 6 3 10 1 13 17 3 3 13 13
split_gain=17.5916 40.7938 6.72734 32.8287 4.2388 3.36546 5.26326 10.6811 4.86909 4.14818 22.7707 4.9399 20.103 3.44892 4.41377 3.11799 4.9057 4.88253 5.59637 4.50858 4.01799 3.90296 3.88687 3.80235 3.74386 3.56542 3.63714 3.84568 3.42692 3.57866 3.13018 3.0236 5.67358 2.96131 4.68095 4.84187 4.43057 4.2116 3.69994 3.34846 3.3056 2.94429 3.12389 2.9158 2.90859 2.8595 3.9139 3.04808 2.81321 9.94958 7.60054 7.26732 5.49022 4.91295 6.64241 11.8806 5.1664 4.88219 3.80717 5.16922 3.33053 2.9588
threshold=0.69128958503958515 68.244631185807677 47.836488454337434 0.45480081716036774 0.22335600907029482 0.52679425837320581 0.45889639639639646 0.80442955214122269 52.479508196721319 0.8839342188488325 0.4709293682507969 57.307060755336629 0.65058139534883741 13.500000000000002 0.46470099667774095 1.0000000180025095e-35 0.84198324994625262 -9.7640097459101955 0.91112278244631195 4.5000000000000009 0.63296945767042168 0.53087883204551811 85.196142888450595 0.90007455610650344 0.47434210526315795 0.97156334231805941 77.805145046524373 -15.34007106462858 -7.1223473963199941 0.96313285762827061 0.913664596273292 34.382070135746616 0.24602774274905426 0.62622549019607854 72.570532915360516 0.52440476190476204 0.91987179487179482 82.780584230177922 0.89966442953020154 31.500000000000004 0.097619047619047619 0.38569902319902322 99.779735682819407 0.95974235104669903 0.47140522875816998 0.67087924077657601 -11.7574660311196 0.89370913062596646 0.61383279169698468 0.64611005692599621 0.28035087719298252 66.360856269113157 0.83491781930806341 41.223155929038292 1.0000000180025095e-35 0.35339366515837106 0.37668918918918926 0.53923076923076929 47.124917382683421 43.534002229654412 0.2620137299771168 0.15587044534412961
decision_type=2 2 2 2 2 2 2 2 2 2 2 2 2 2 2 2 2 2 2 2 2 2 2 2 2 2 2 2 2 2 2 2 2 2 2 2 2 2 2 2 2 2 2 2 2 2 2 2 2 2 2 2 2 2 2 2 2 2 2 2 2 2
left_child=1 -1 3 31 -4 13 7 9 -9 10 -7 12 -12 14 -6 -8 20 18 -18 30 21 -17 -22 -21 -25 43 -27 -28 29 -26 -19 32 -2 36 37 38 39 -35 -36 40 44 42 -39 -20 -3 46 -16 -47 49 50 61 52 53 -50 55 56 -55 58 59 -52 -54 -42
right_child=2 33 4 -5 5 6 15 8 -10 -11 11 -13 -14 -15 45 16 17 19 25 23 22 -23 -24 24 28 26 27 -29 -30 -31 -32 -33 -34 34 35 -37 -38 41 -40 -41 48 -43 -44 -45 -46 47 -48 -49 51 -51 57 -53 60 54 -56 -57 -58 -59 -60 -61 -62 -63
leaf_value=-0.073536962847593187 0.0012604873774574241 -0.033975606890440886 0.074696737314955311 -0.072733602900744806 0.031447069881146324 5.6370170583552452 0.00013844108610765047 -0.048455971071731642 0.022593388484579782 0.070950215448739001 2.2447912382183133 0.15514955303610775 -0.08019978108089322 -0.028580096630491977 0.0096729006920527934 -0.084996157782252543 0.10859258226130898 0.074606990919013905 -0.046023165412842876 -0.031995232705893224 -0.028608240760250304 0.050601421556659178 0.0027102792353488436 -0.075523884659355528 -0.052826353722597925 0.10329742301820051 -0.14769685886222769 -0.0093492768836164128 0.015172025367453884 0.058004179847120411 0.019267545509726158 0.056614573545057764 -0.067195829911906146 -0.050674869651120606 0.018648637467386511 -0.087284916871349622 -0.061630713260049388 0.0231982516388115 0.14484402895304549 -0.057374042134964165 0.040295033346365056 -0.013586126446695115 0.21567224982822542 0.038284328339536551 0.20333432650377556 -0.072047466466666599 0.22262046210282563 -0.010381055312101933 -0.0028683313925043454 0.14214025892790913 0.12080458000120473 -0.098478314051236956 0.10762191003013732 0.84278234935877783 0.030547946554737596 0.10131948102483715 0.34047390646263082 -0.0092220884406384422 0.065594471785494476 0.38430964129688738 -0.028956376461246939 -0.0035947468038053649
leaf_weight=70.551354136725422 251.160839167831 13.600852614326865 5.1829019295400931 46.043621702090604 19.787799312442075 0.0048974835081011516 1103.5969784815097 7.4094178170780642 36.998400983749889 7.3298632214718964 0.0361157922598071 2.5852073348651174 0.06980262923752889 44.57946868147701 2.8439230826043063 1.5247349236160506 5.8451885737013063 7.5208787394221863 2.7705123806372276 20.685462429129984 42.240960971597815 12.463111980177926 63.46841432666406 3.4773305372800669 9.4960633898153883 1.178936144337057 1.8210110464133311 4.3760688742622742 77.858921532751992 2.3201510943472377 50.235428550746292 5.9953639025043222 7.9950141417211844 20.886469604214653 3.1119728826452038 1.3813697358127681 6.4879655896220347 2.5121969908941533 2.8474548968952149 5.1220510484999968 11.729436099412849 87.58760616031941 0.68732557143084694 50.146110920468345 0.33877882454544384 6.7817019529466078 0.68554475944256665 21.061398058227496 2.7476818255963797 4.0502475869143373 2.3665685716550784 4.8658921355381599 1.2553465735982161 0.24138558842241775 1.6198841033037752 1.0037637320347128 0.28668881906196475 3.7516490010311818 6.9665933190844953 0.59656729921698559 12.733650272304656 60.715306178259198
leaf_count=196525 8143 2357 217 133150 383 3 21574 378 1420 349 31 296 97 1224 115 23 120 493 51 245 535 334 1027 37 100 43 39 108 1660 32 3545 1303 6599 9284 53 17 74 106 72 713 1121 5473 18 1774 11 79 20 270 225 70 98 67 55 24 27 17 23 146 273 19 209 5574
internal_value=-0.00253078 -0.0195969 0.000391341 -0.0103798 0.00246506 0.00223271 0.0031517 0.027577 0.0107388 0.102159 0.187007 0.177089 0.71257 -0.012314 0.00185983 0.00224168 0.00873563 0.015386 0.0338529 0.00826822 -0.00447268 0.0358207 -0.00980445 -0.00096843 0.00592139 0.0266071 -0.0255002 -0.0500027 0.00907959 -0.0310644 0.0264737 0.000447965 -0.000851405 -0.00493174 -0.0142166 0.0476649 0.00293436 -0.0182844 0.0789456 0.00606063 0.00858189 -0.0108326 0.0645458 0.0338703 -0.0282082 -0.0168019 0.0510347 -0.0254011 0.0130441 0.0196018 0.0138392 -0.0108447 0.0105957 0.075321 0.143487 0.262917 0.570082 0.0685261 0.0979008 0.173856 -0.0167001 0.00351139
internal_weight=2257.62 330.046 1927.58 311.195 1616.38 1611.2 1515.46 54.4337 44.4078 10.0259 2.69602 2.69113 0.105918 95.7398 51.1604 1461.03 357.429 237.732 66.1378 171.594 119.697 13.9878 105.709 113.838 93.1525 60.2926 7.37602 6.19708 89.6751 11.8162 57.7563 265.151 259.156 259.495 119.014 7.3408 140.48 111.674 5.95943 133.992 128.87 90.7871 3.19952 52.9166 13.9396 31.3726 3.52947 27.8431 114.931 90.1764 86.1261 24.7543 19.8884 5.8994 3.15172 1.53184 0.528074 13.6814 9.92973 2.96314 13.989 72.4447
internal_count=408468 222651 185817 149195 36622 36405 34314 2574 1798 776 427 424 128 2091 867 31740 10166 8247 2135 6112 1919 357 1562 2074 1829 2015 190 147 1792 132 4038 16045 14742 26126 15023 142 11103 14881 125 11029 10316 5597 124 1825 2368 484 135 349 7948 7301 7231 647 580 316 91 64 47 536 390 117 264 6695
is_linear=0
shrinkage=0.08


Tree=68
num_leaves=63
num_cat=0
split_feature=3 4 0 0 17 6 1 3 1 17 0 6 17 1 6 17 18 18 8 14 10 6 7 0 5 0 0 17 1 17 4 5 18 1 5 3 15 5 0 1 3 20 4 4 18 0 18 20 18 20 18 18 1 6 6 10 3 5 4 18 20 14
split_gain=15.4096 46.0533 7.54212 5.92809 5.09916 4.54643 4.32839 4.16907 5.92836 11.5474 4.44057 4.35605 4.09715 19.4489 7.55671 4.39619 4.93161 7.08076 3.90257 3.81746 4.71904 4.24337 3.95456 3.79007 9.01876 5.72543 9.6185 8.05641 5.80516 5.51431 5.02599 4.88317 4.64058 4.21222 3.78828 3.6227 4.54172 3.47463 3.45466 3.96686 3.95149 3.69497 3.33603 5.10748 3.31233 3.28475 3.27979 3.26401 3.6601 3.24584 3.69976 4.62431 3.94748 3.1756 17.8674 3.16183 3.16105 3.34836 5.53771 4.89933 4.16145 3.14604
threshold=78.346121057118509 67.704421562689291 8.5000000000000018 2.5000000000000004 0.91734972677595639 0.99912280701754397 0.69337606837606847 69.028213166144212 0.44058823529411767 0.69309262166405039 9.5000000000000018 0.63294422258616645 0.86754385964912295 0.66333333333333344 0.76396751792114703 0.9294019933554819 0.81091721642902759 0.90336728919071885 1.0000000180025095e-35 1.0000000180025095e-35 1.0000000180025095e-35 0.84198324994625262 1.0000000180025095e-35 4.5000000000000009 50.641131020877864 7.5000000000000009 8.5000000000000018 0.77459677419354855 0.70900537634408611 0.81530214424951275 93.629319886852798 93.528759082286413 0.60065359477124192 0.6198686371100165 97.698500979924788 95.74275362318842 1.0000000180025095e-35 69.58437081018964 11.500000000000002 0.31851119894598162 70.087719298245631 20.031923892218014 78.699101004759413 81.897262842144741 0.99683544303797478 6.5000000000000009 0.94881152910349997 -11.7574660311196 0.88757022471910119 -12.675537380510034 0.71378621378621399 0.702836499866203 0.70900537634408611 0.67363678867777776 0.67087924077657601 1.0000000180025095e-35 88.2734912146677 82.785560344827601 84.384031791907532 0.84861217214158402 -13.15760031091378 1.0000000180025095e-35
decision_type=2 2 2 2 2 2 2 2 2 2 2 2 2 2 2 2 2 2 2 2 2 2 2 2 2 2 2 2 2 2 2 2 2 2 2 2 2 2 2 2 2 2 2 2 2 2 2 2 2 2 2 2 2 2 2 2 2 2 2 2 2 2
left_child=1 2 49 -3 6 12 7 8 45 11 -11 -10 18 14 -14 -16 -17 47 23 34 22 56 -21 24 -2 37 27 28 30 -28 31 61 -30 -31 35 -15 -37 -25 40 -40 -9 -42 -13 -44 -32 -5 -39 -18 -49 -1 51 52 -51 54 -52 -34 -22 58 -58 -59 -61 -27
right_child=5 3 -4 4 -6 -7 -8 38 9 10 -12 42 13 19 15 16 17 -19 -20 20 21 -23 -24 25 -26 26 29 -29 32 33 44 -33 55 -35 -36 36 -38 46 39 -41 41 -43 43 -45 -46 -47 -48 48 -50 50 53 -53 -54 -55 -56 -57 57 59 -60 60 -62 -63
leaf_value=-0.036093323102962017 -0.02673067455896452 0.078958194150250169 -0.0720202594770432 0.10087057724569976 -0.024611804152355202 0.056871370700834908 0.076996939544637891 -0.057389347610402583 -0.057394188185833882 0.018920679055371561 -0.037181085618671804 0.17611847427656696 0.11978578306184108 -0.031167098332760691 0.10737431438103645 0.1061841869787515 0.053808709788205809 0.052719015565923295 -0.06595375433027878 0.00065785572988923547 0.08050648943610185 0.030210530402617064 0.071373207411864967 -0.034249807660400026 0.040998416423665349 0.079521444998376212 -0.0099447323716696252 -0.052172195477019914 0.12073053279720133 0.10177685884142848 0.056524561282159047 -0.17902370372802268 0.021244867113651651 -0.0057529215036981277 -0.1626155398046831 0.0738315059809245 -0.036935899572511061 -0.0022902008411009463 0.086932462509513947 -0.058518273005266838 0.018759026843533731 -0.033227639675333744 -0.067121858788771652 0.080048984715030025 -0.024672152531864246 -0.0038973854599855711 -0.028508163009522129 -0.047962943857885174 -0.19941073292065462 -0.0030115876199494282 0.072694481010437323 0.5520312915122032 0.33605148614806879 -0.042212473956180788 2.3085511383240256 0.1035946998528901 -0.0058359281213211187 0.091252640922227887 0.092386888914804358 -0.13314645762787114 -0.027707602170195238 0.0044058469975520225
leaf_weight=10.652817621601569 19.397915781359188 5.574115657946094 85.815952436634689 1.9305813745595504 65.794858828798169 9.3978451720904541 4.5594511833041897 8.6132362717762572 1.6375468068290526 23.587462846189737 14.630120088462716 2.0092153535224524 10.595245655073084 29.904286818928085 4.7505239277379614 3.5619201539084342 1.4015804773662237 8.1911544094327819 6.3443121920281547 766.49782690974826 2.8404655600897959 72.963655833154917 5.0948143738787612 49.849725303531159 35.814342472178396 3.7134336594317565 294.86049183357682 10.260325226845451 5.6067216522060361 5.0712165118602552 22.641897300258282 0.90844078734516998 14.912433541234352 4.3155684111989103 1.1846578996628512 5.4035090856777952 4.2186356146703474 105.94535650173202 1.2884225167799765 17.493255872279406 27.621020680293441 12.807084664236752 1.6437729094177509 18.432394173927605 3.7476231018081299 241.1757513663033 42.90344809461385 4.5278940468560895 1.3187315803952513 0.71616135153453686 0.94793424083036404 0.16935245355125506 0.31703868685872294 2.6773401294194628 0.023440234013833106 3.7304121423512688 19.098586565058216 1.8308631544932747 4.5484131020493797 2.9268239336088344 13.200191520620134 91.421051555022132
leaf_count=17795 4041 418 243801 39 3767 1532 133 78 24 282 223 48 861 953 95 115 42 248 303 49345 60 4523 699 11009 836 411 22667 484 221 307 523 7 572 320 22 349 41 1232 38 264 343 157 21 322 55 23773 469 87 25 541 1094 39 19 496 30 71 405 58 170 30 317 11218
internal_value=-0.00239321 -0.014027 -0.0627428 -0.00302893 -0.00406003 0.00138278 -0.000477368 -0.00142472 0.00256402 0.0246585 -0.00255571 0.0685006 0.00107339 0.00448544 0.0636028 0.0385407 0.0213315 0.00175567 -0.00348609 0.00230143 0.00339843 0.0183404 0.00112479 -0.00293189 0.0172029 -0.00461655 0.000274665 0.0163606 0.0211545 -0.00802309 0.0140715 0.00557514 0.0569151 0.0523401 -0.0216536 -0.0174288 0.0252678 -0.0159693 -0.0193649 -0.0485404 -0.00819133 0.00229034 0.0778353 0.0679991 0.0449937 -0.00306539 -0.00984714 -0.0558377 -0.0821226 -0.0113917 0.0428502 0.164544 0.10103 0.00274218 0.126648 0.037723 -0.00114611 -0.00672073 0.0130569 -0.0327639 -0.0468433 0.00733787
internal_weight=2245.02 550.118 101.32 448.798 443.224 1694.9 377.429 372.87 305.047 61.9405 38.2176 23.7229 1685.5 964.06 34.3471 23.7518 19.0013 15.4394 721.445 929.713 889.002 117.409 771.593 715.1 55.2123 659.888 461.19 156.942 146.682 304.247 122.432 96.0429 24.2496 9.38678 40.7111 39.5264 9.62214 198.699 67.823 18.7817 49.0413 40.4281 22.0854 20.0762 26.3895 243.106 148.849 7.24821 5.84663 15.5041 4.85127 1.20255 1.0332 3.64871 0.971374 18.6428 44.4453 41.6049 23.647 17.9579 16.127 95.1345
internal_count=408468 293745 263815 29930 29512 114723 25745 25612 24732 920 505 415 113191 58445 1473 612 517 402 54746 56972 55607 5563 50044 54443 4877 49566 36856 13562 13078 23294 12214 11636 864 627 1365 1343 390 12710 880 302 578 500 391 343 578 23812 1701 154 112 20014 2219 599 560 1620 1124 643 1040 980 575 405 347 11629
is_linear=0
shrinkage=0.08


Tree=69
num_leaves=63
num_cat=0
split_feature=0 5 4 18 4 20 18 6 18 10 8 2 0 13 13 20 5 20 5 6 9 2 4 18 6 3 1 9 5 6 6 20 18 18 6 6 4 0 20 6 6 5 1 3 3 13 20 1 13 13 18 5 5 2 1 6 18 6 2 6 2 6
split_gain=14.0304 20.7758 7.32445 32.3185 4.62568 6.08922 16.1959 5.94777 14.4888 4.30356 4.1074 3.9693 3.58092 3.23378 7.20211 5.74222 3.16845 3.31876 3.14574 3.55505 3.12184 5.46398 3.06176 3.01376 3.39209 2.8604 2.98836 2.73323 3.46323 8.69016 5.71854 5.98705 3.97664 3.434 16.897 3.41594 5.79127 2.99675 4.63864 3.98901 6.11657 5.21809 4.41288 4.91072 4.81996 5.21086 4.35939 4.31606 6.53601 4.63173 4.02078 6.3464 3.83819 3.80127 4.95872 3.95828 3.67838 3.08508 3.18771 2.94568 3.78654 3.65746
threshold=18.500000000000004 68.663122157453088 52.883062600930948 0.53539330310983868 47.836488454337434 43.210654959288853 0.78059477963200696 0.51565925209542229 0.9644437420986095 1.0000000180025095e-35 1.0000000180025095e-35 0.84943242925320972 12.500000000000002 0.081666666666666679 0.14039408866995082 -33.879577977694488 49.186938127974621 -78.547459252157225 36.074023998647966 0.70290765607030559 1.0000000180025095e-35 0.90627507012622732 82.780584230177922 0.79180648769574946 0.9094745137304755 85.215543412264751 0.56562756357670241 1.0000000180025095e-35 73.441913841807931 0.73439102547172108 0.83491781930806341 -17.125574352548032 0.89753684635574416 0.7276069518716578 0.85124359300829899 0.80953199448034274 78.699101004759413 4.5000000000000009 -46.607289459113723 0.53087883204551811 0.51281299345815479 36.93000693000694 0.82891986062717782 83.438818565400865 84.292763157894754 0.95974235104669903 -10.278526836836472 0.9294019933554819 0.90454545454545465 0.58578431372549022 0.91634860050890599 90.636241007194258 53.452248530112833 0.98348348348348369 0.85857142857142865 0.55899563399563412 0.91188235294117659 0.93001476943009209 0.96847250090034487 0.82016632160110436 0.87981855778629992 0.74086478236837017
decision_type=2 2 2 2 2 2 2 2 2 2 2 2 2 2 2 2 2 2 2 2 2 2 2 2 2 2 2 2 2 2 2 2 2 2 2 2 2 2 2 2 2 2 2 2 2 2 2 2 2 2 2 2 2 2 2 2 2 2 2 2 2 2
left_child=2 -2 3 9 -5 7 -7 8 -6 11 13 -1 -13 15 -15 -4 17 25 19 -9 21 -3 -17 -12 -25 -14 -27 37 30 32 31 -29 -30 34 -31 36 -35 39 -39 40 -16 -41 43 46 -44 47 -43 49 57 -46 51 53 -45 54 -47 -55 -57 -49 -59 61 -61 -48
right_child=1 20 10 4 5 6 -8 18 -10 -11 23 12 16 14 27 22 -18 -19 -20 -21 -22 -23 -24 24 -26 26 -28 28 29 33 -32 -33 -34 35 -36 -37 -38 38 -40 41 -42 42 44 52 45 50 59 48 -50 -51 -52 -53 -54 55 -56 56 -58 58 -60 60 -62 -63
leaf_value=-0.061797174247692772 -0.069890698744477384 -0.001415250355920431 0.37144478447497897 -0.074829195880761049 -0.08041780753647601 5.1227949512878128 -0.080022204277509751 -0.080175006152943387 2.3599101522330366 0.089597053535553889 -0.089184684221932875 -0.00030784845234062248 0.29096198043162846 0.080339711929993604 0.01136367625708481 -0.061230418781283852 0.54628046852130263 -0.045977994754148689 -0.032361283146409674 0.78715104707806349 -0.041517700060573558 0.27099529527131433 -0.0091427166940016881 0.01138946555894327 -0.051701800050476976 0.016162591574824282 0.18516489558799587 -0.010947907879987307 0.092622262176297099 -0.053099321870089596 0.022225349632044776 -0.059392881666255101 0.012678137790145805 -0.056131573846307667 0.096208174908166855 -0.0096281649089662719 0.022422212708317436 0.26000741173337488 0.00074452972675277023 0.12939108362273907 -0.12896655145687969 0.16938207806038313 0.085303865586503158 -0.058274006395246519 0.060487017601792939 -0.016578833324635264 0.0041320587183916787 0.072524097488428765 -0.10802439810785673 -0.068712483077997974 -0.0010760152049576676 0.052742637041179333 0.063513013219182027 0.12256788128134868 0.066942556651915675 0.0046148902888034403 0.10533384384876775 -0.088138595998990724 0.069643462351751118 -0.039584510464590439 0.091683915563123594 -0.11097842782872347
leaf_weight=6.6095899780339087 47.130267759086564 86.234963622147916 0.23545589216519047 48.496617701232026 0.048519264353669267 0.0053816996369285821 0.01327392811072059 0.057418275391681983 0.022929762781132013 3.4311762864817856 4.5225877204502494 258.65433063852834 0.44641955289989743 7.577449397504096 4.8224709834903461 10.379665538726838 0.087411650922149309 1.3502101883641433 14.443955056718549 0.063911359757184982 13.325238077319225 0.47382842935621639 23.743899485212751 11.921891417092413 10.052771952934561 1.9628834331815599 1.016330071724951 48.01414714139537 9.0728660951717774 8.759989545564169 18.656558322254568 24.738630678097252 7.0973110520280889 6.8576352853560811 10.87073072476778 215.14973933959845 48.392568569397554 0.44191130681428958 783.15125047350739 2.3226920031011096 3.3819077634252608 0.8670316091738649 4.9652724706102154 1.7778157447464789 2.0193355157971444 6.4656841200776425 3.7336623246083001 6.2440327838994545 2.4134619683027259 14.726643082685767 170.30384239694104 25.471444699214771 24.203849595272914 1.87749509140849 15.349974292796103 190.20489059248939 2.3493356555700293 1.9679442853666844 1.4042461900971828 2.76451275969157 2.8627080805599689 3.35304846893996
leaf_count=9497 116026 6556 8 163352 54 20 48 81 9 1098 74 17479 22 1322 59 7815 3 1488 20586 2 2228 13 1187 262 130 126 22 1304 202 98 519 5872 116 113 209 2967 756 30 33170 47 32 41 427 35 78 166 65 166 16 190 4791 1510 747 33 450 4374 57 28 54 49 132 57
internal_value=-0.0022267 -0.026099 -0.000539467 -0.0113425 -0.062927 -0.023541 1.42087 -0.025382 0.702744 0.000565946 0.00154448 -0.000564934 0.000970903 0.00202629 0.00252182 -0.02227 0.0689819 0.0602459 -0.0289538 0.376696 -0.00546686 7.33629e-05 -0.0249867 -0.0297128 -0.017473 0.102114 0.0738161 0.00217022 -0.00362322 0.000456155 -0.0172882 -0.027421 0.0575337 -0.00272611 0.0295814 -0.00507159 0.0126721 0.00397063 0.000890742 0.00883776 -0.0464815 0.00976847 0.00919598 0.0348021 0.00692337 0.00604047 -0.00418205 -0.0268729 0.00968228 -0.0531328 0.00833914 0.0149726 0.0551796 0.0105237 0.0421886 0.00697088 0.00584375 0.0392241 -0.0224351 -0.0160183 0.027195 -0.050332
internal_weight=2229.37 147.164 2082.2 336.71 63.152 14.6554 0.0186556 14.6367 0.071449 273.558 1745.49 270.127 263.518 1718.99 1684.63 34.359 4.86325 4.77584 14.5653 0.12133 100.034 86.7088 34.1236 26.4973 21.9747 3.42563 2.97921 1677.06 397.61 306.201 91.4093 72.7528 16.1702 290.031 19.6307 270.4 55.2502 1279.45 783.593 495.853 8.20438 487.649 485.326 39.5626 445.764 440.798 13.581 28.7757 12.0297 16.746 412.023 241.719 25.9817 216.247 21.8157 194.432 192.554 9.61622 3.37219 12.7139 5.62722 7.08671
internal_count=408468 124823 283645 213887 184152 20800 68 20732 63 29735 69758 28637 19140 69292 60282 9010 1661 1658 20669 83 8797 6569 9002 466 392 170 148 58960 12156 4461 7695 7176 318 4143 307 3836 869 46804 33200 13604 91 13513 13466 1126 12340 11913 344 532 264 268 11381 6590 782 5080 616 4464 4431 248 82 303 181 122
is_linear=0
shrinkage=0.08


Tree=70
num_leaves=63
num_cat=0
split_feature=3 4 2 2 3 20 17 5 18 5 1 3 1 4 4 17 2 17 1 0 5 17 13 2 1 3 1 13 13 1 18 17 2 2 13 1 18 2 4 17 18 3 2 0 0 11 0 18 3 20 5 5 4 17 0 0 18 1 20 20 4 5
split_gain=12.2058 36.633 8.40535 8.35868 6.21038 5.55055 5.43607 4.89986 4.8649 7.0596 11.6781 3.94946 8.14514 6.00897 5.08213 8.47872 7.70388 5.03135 5.23842 4.74684 4.53385 4.27262 4.1184 5.18533 3.93737 4.13551 10.5015 6.80885 4.37121 3.80248 8.8239 3.60397 3.57139 3.48628 3.43237 5.81287 4.41914 5.41203 4.71869 4.08369 3.83202 4.9215 6.31511 3.78759 3.68958 3.46763 3.40553 9.37754 4.06888 3.34208 3.20954 3.36386 7.05047 3.88741 5.49382 6.8795 16.8437 3.77863 3.29761 3.16737 3.08086 3.06858
threshold=81.892697466467965 59.748178650617682 0.94167065390749616 0.94001581027668002 79.118217054263582 -0.83482931456948239 0.88303693570451447 65.720992622401084 0.31514294222751643 38.115415657788546 0.44058823529411767 69.282051282051285 0.35805860805860806 81.897262842144741 71.705630308952877 0.5727513227513229 0.65005080969754891 0.77913279132791347 0.40651483050847464 6.5000000000000009 99.779735682819393 0.33578431372549028 0.78416149068322993 0.69128958503958515 0.8021739130434784 60.49571603427173 0.48435972629521024 0.53950103950103967 0.95974235104669903 1.0000000180025095e-35 0.96015873015873032 0.76043478260869579 0.89057420536452803 0.61754827082073016 0.95974235104669903 0.54631217838765023 0.98843892007484635 0.95557280883367857 91.686991869918714 0.76705426356589157 0.96891108247422697 93.419913419913442 0.96847250090034487 8.5000000000000018 7.5000000000000009 1.0000000180025095e-35 9.5000000000000018 0.65863337204800632 58.397435897435905 3.8277511961722479 62.303319878078931 62.871870397643598 69.58437081018964 0.3047162859248343 22.500000000000004 20.500000000000004 0.75088652482269513 0.13819628647214857 38.740377269789043 40.354100796823552 1.0000000180025095e-35 78.283873936047868
decision_type=2 2 2 2 2 2 2 2 2 2 2 2 2 2 2 2 2 2 2 2 2 2 2 2 2 2 2 2 2 2 2 2 2 2 2 2 2 2 2 2 2 2 2 2 2 2 2 2 2 2 2 2 2 2 2 2 2 2 2 2 2 2
left_child=1 2 7 6 -4 33 11 8 9 -1 -11 12 13 21 15 16 -14 20 -19 -17 22 50 23 -13 25 46 49 -28 -29 30 59 -25 -16 -2 36 -36 38 -38 -7 43 61 42 -42 44 45 -37 47 -8 -49 -27 -3 52 -52 -53 55 57 -57 -55 -59 -23 -6 -41
right_child=5 3 4 -5 60 34 24 -9 -10 10 -12 17 14 -15 32 19 -18 18 -20 -21 -22 29 -24 31 -26 26 27 28 -30 -31 -32 -33 -34 -35 35 39 37 -39 -40 40 41 -43 -44 -45 -46 -47 -48 48 -50 -51 51 53 -54 54 -56 56 -58 58 -60 -61 -62 -63
leaf_value=-0.024409605730981065 0.067893327815025786 -0.081096023020593017 0.091197717104086848 0.078723240270959741 1.278933469362225 0.04901689146387004 0.24601517498133429 1.0745011004348448 -0.072598362931226831 -0.081326209146288575 1.4658054052241292 -0.057949976897168465 0.89813734814660873 8.2383267326926655e-05 0.01382146545787317 0.36421138966106997 0.22572646045920006 0.14534507609487288 0.0012042264974997852 0.035432223964442518 -0.19112710905951449 0.78580548529840666 -0.038827543145759896 0.08943348850714393 -0.17613144607087386 0.2016235424427002 -0.096304313180320997 0.068122118387040145 -0.01767913771043042 -0.049799797352489378 1.3867844298595333 -0.069818142325435137 0.079725808627485795 -0.0004188294127097949 0.087803043301275974 -0.067632079026336708 0.086809337987015817 -0.12645904697192525 -0.041434890034794843 -0.031436599333738983 -0.0061319552153785749 0.060907253783172959 -0.17112810698170836 -0.049315913011771163 0.074065438691604243 0.095537815760205994 -0.058905218752491752 -0.0069435478359547676 -0.14305958226435628 0.052632400681907873 -0.08020457297179924 0.0025233053876233371 1.3845754228374119 -0.080544444928021514 -0.080492886340042619 -0.08225995220450498 1.8512066570157328 0.15568204222431456 0.64574721550997671 -0.080383038606603049 0.38008742309982929 0.050802075718181627
leaf_weight=12.241814800043354 4.7965398573724078 1.0356788389326528 1.1662169316841744 7.6626520091667762 0.041035207919776329 4.6802885616198244 0.86949334168457326 0.024177987390429645 70.964733216096647 0.073835841059918361 0.054105512797832489 3.6314786225266271 0.14090645752730679 161.11692189448513 94.99010190309491 0.30422600102610919 0.48231851728633046 1.7049825205176627 30.118721539445687 3.6884717043722048 1.1119712525978673 0.032187188859100213 42.11178442806704 5.2566492178011686 1.0404618587344874 1.0877254134102248 6.7686262375209472 4.1066768402233711 50.902606373187155 29.833853578762501 0.03810639277799055 1.0997563175042158 5.5711064590141168 1504.9469079690098 8.8478595738997665 3.4231598342303204 5.1126402455847701 0.89481364097446192 17.466371670365334 3.1640222796704611 9.9793303296901303 5.5247541214339426 1.7440776065923262 9.3170445105060917 4.5598954521119595 1.1018591308966277 24.373316079756478 9.7618469324370363 1.6419227805454273 8.4406279430259001 0.046777303796261882 1.9473747088923121 0.038209229242056608 0.18831973761552934 0.30876335562788881 0.057372200419194996 0.057977393065812066 0.20917572235339321 0.15153913479298353 0.16823707887670025 0.060220441460842267 35.305500191403553
leaf_count=6690 494 1426 430 539 2 61 71 15 241356 100 4 159 26 8486 1278 13 78 38 464 670 25 19 731 108 13 47 89 63 729 27734 15 11 156 102678 304 59 525 34 294 83 245 806 47 135 210 84 7737 255 15 137 70 711 17 61 164 8 34 10 35 102 50 1455
internal_value=-0.00251068 -0.0123978 -0.0610891 -0.00419115 0.143377 0.00106829 -0.00547614 -0.064198 -0.0645284 -0.0182311 0.572945 -0.0010155 0.00329298 -0.00637578 0.0212402 0.10332 0.377753 -0.0162362 0.0089267 0.0604838 -0.0312851 -0.0368774 -0.0278736 0.0183115 -0.0212507 -0.0197579 -0.00853284 -0.02059 -0.0112737 -0.0472561 0.270887 0.0618805 0.0174726 -0.000201798 0.0183242 0.0265145 -0.00581217 0.0550429 -0.0223196 0.0191984 0.02999 -0.00134251 -0.0306782 -0.0134765 0.0232786 -0.0278996 -0.0415996 -0.00723248 -0.0265416 0.0696407 0.0403556 0.082207 0.578348 0.0677694 0.198334 0.327915 0.889545 0.209919 0.361562 0.0587227 0.744357 0.0440381
internal_weight=2207.59 586.725 84.6261 502.099 1.26747 1620.87 494.436 83.3587 83.3345 12.3698 0.127941 385.443 300.408 195.23 105.177 4.61592 0.623225 85.0353 31.8237 3.9927 53.2116 34.1136 52.0997 9.98788 108.993 107.953 71.3063 61.7779 55.0093 30.0724 0.238531 6.35641 100.561 1509.74 111.122 82.9675 28.1541 6.00745 22.1467 74.1196 55.7177 17.2482 11.7234 18.402 9.08491 4.52502 36.6466 12.2733 11.4038 9.52835 4.04119 3.00551 0.0849865 2.92052 0.973148 0.664384 0.11535 0.549035 0.360715 0.200424 0.101256 38.4695
internal_count=408505 300991 248647 52344 482 107514 51805 248165 248150 6794 104 42649 41113 38892 2221 787 104 1536 502 683 1034 30406 1009 278 9156 9143 1065 881 792 27870 136 119 1434 103172 4342 3428 914 559 355 3124 2636 1098 292 488 353 143 8078 341 270 184 2536 1110 87 1023 312 148 42 106 45 121 52 1538
is_linear=0
shrinkage=0.08


Tree=71
num_leaves=63
num_cat=0
split_feature=4 20 9 13 15 20 13 13 0 1 3 2 6 7 20 20 20 1 9 3 1 1 4 17 4 13 5 2 11 6 1 2 3 0 2 6 6 2 13 2 3 2 1 1 2 17 17 6 1 6 0 13 17 2 4 5 4 6 0 1 3 4
split_gain=10.7322 32.8966 5.79183 4.70028 25.5991 3.99399 3.94453 5.92422 4.85166 4.48996 5.41273 3.75038 3.67679 3.40672 3.61035 3.07243 3.57657 2.96531 2.85766 2.88533 3.65491 4.08426 2.88404 2.87545 3.67934 3.45302 2.62719 3.44262 2.66222 2.58352 2.5722 2.55499 2.53019 2.50599 3.09658 2.50234 2.99961 3.38473 2.58422 4.98839 2.49121 2.87081 2.91941 3.31225 2.66504 4.77442 4.59551 4.04495 5.58233 3.62839 4.95619 13.8387 3.07529 2.58263 3.59757 2.52454 6.12255 4.67002 2.47372 3.15461 8.06252 2.31269
threshold=53.231608261777687 -46.607289459113723 1.0000000180025095e-35 0.081666666666666679 1.0000000180025095e-35 -45.680506979942002 0.14550264550264555 0.20871143375680581 16.500000000000004 0.059714795008912643 16.807909604519782 0.32551892551892558 0.78182490796207949 1.0000000180025095e-35 69.946473775156463 1.6844474709643225 55.767878394460688 0.85857142857142865 1.0000000180025095e-35 46.709956709956721 0.37965517241379315 0.29217479674796754 99.779735682819407 0.14434523809523811 90.957190957190974 0.2620137299771168 91.368667518092821 0.40054749172396237 1.0000000180025095e-35 0.90007455610650344 0.11814556331006983 0.95296710700100096 81.302966101694935 11.500000000000002 0.56389846743295025 0.90007455610650344 0.82016632160110436 0.87145005532102326 0.43614130434782611 0.6527927120669057 14.724480578139117 0.46454637410519767 0.084219858156028407 0.11583184257602865 0.40054749172396237 0.5727513227513229 0.51887464387464399 0.86408966659301212 0.17214439655172417 0.7477534634180607 17.500000000000004 0.36038961038961043 0.73123827392120078 0.44723748473748481 89.784322820037133 81.900656814449931 93.629319886852798 0.71356849033186964 11.500000000000002 0.087595907928388797 44.033898305084755 41.565737633153368
decision_type=2 2 2 2 2 2 2 2 2 2 2 2 2 2 2 2 2 2 2 2 2 2 2 2 2 2 2 2 2 2 2 2 2 2 2 2 2 2 2 2 2 2 2 2 2 2 2 2 2 2 2 2 2 2 2 2 2 2 2 2 2 2
left_child=1 2 61 4 58 -5 8 15 9 10 -7 30 -4 26 -15 29 -17 -3 23 -20 21 -21 -22 24 25 -9 -11 -28 -29 33 -10 -19 -13 -8 -35 36 37 38 39 -23 -25 42 53 -44 52 46 47 -46 -49 -48 -51 -52 -45 -42 -55 56 57 -43 59 60 -2 -1
right_child=3 17 12 5 -6 6 7 18 11 13 -12 32 -14 14 -16 16 -18 31 19 20 22 35 -24 40 -26 -27 27 28 -30 -31 -32 -33 -34 34 -36 -37 -38 -39 -40 -41 41 55 43 44 45 -47 49 48 -50 50 51 -53 -54 54 -56 -57 -58 -59 -60 -61 -62 -63
leaf_value=-0.0036764272270883962 0.032526167725675709 -0.073826040458781134 -0.055833780962965998 0.096326118275449457 1.198024888974152 0.57202151480481933 0.034896514745107958 0.68628631991749744 0.094510954656645746 0.01803902551994643 0.040638503706261063 -0.026291045239004291 0.39316207235036943 0.65391112197420864 0.056591360068260155 -0.059118981860421631 -0.013992314610769335 0.777759756715101 -0.038568915632752068 -0.043346698531836515 -0.0054060346864485791 -0.082440722767927299 0.064848223124066323 -0.093726730677325495 0.040597899934792389 0.17279696472978764 -0.012900322050917264 0.055188276287305119 0.20778608250205602 0.082982722463192535 0.5121003997215372 0.054182596499032509 0.1016337691765814 0.17874560478532342 -0.084307925814374088 0.011439322238142155 0.23934109908470061 0.3860141213709315 0.0035000167606167938 0.46828215703767273 0.079139707463950965 -0.003218462350480279 -0.043684566245697359 -0.049124785925383552 -0.0083663464417439402 -0.023480420104110899 -0.081013696535370883 0.24519566942399956 -0.01390741234427165 0.21667784879149726 1.42193725809199 0.12814379188180403 0.24807390204363891 -0.080938779645746861 0.43633453891224505 -0.00049520795708009183 0.056279546613970631 0.012317783185901638 -0.043298258758490825 -0.015832654468739268 0.55784860734328567 0.028741125808330718
leaf_weight=267.22317787076463 1.4321672659571039 54.773429918619513 15.251967257325301 2.7926655949559054 0.10911031172145058 0.24837896047393115 3.7866932430188154 0.10814874945208353 0.29781205627659701 5.566935205351907 0.24242176601546817 9.2613544389314466 0.11762514128349799 0.12647061370080415 0.13272529467940331 20.527612727106316 24.844573714857688 0.032631943380691975 15.729409808307535 2.007687871620873 366.27492601657286 0.18910693690122671 3.778268191497772 1.7157090548280383 1.9017343311570585 0.37248595510027371 1.2056929017417131 1.2189780306071043 1.8303613492753357 2.6202201759442687 0.13821587487473153 0.72797734293271787 1.1078891486395139 0.31582839282054953 3.0737988428591052 1.6784443566575644 1.1020855749375185 0.20888792892219488 1.6720264595933259 0.23741493854322471 1.8352798649866593 229.58940997812897 3.5477592810784691 2.4202487211878165 1.7694322094612287 2.2833098212868208 0.1362415717303519 1.4845155478396921 0.82954529343987804 0.43143479836726328 0.09306054306216538 0.12263897576485761 0.24542561199632462 0.11811099639453448 0.31699910992756486 795.54500185255893 15.460305284243075 268.79224303243973 27.732382524918648 14.225372249682549 0.215059483074583 14.86802230458852
leaf_count=49421 295 204823 32456 244 6 35 90 35 52 1220 78 5239 18 38 2 16731 1909 29 8411 378 5837 64 157 220 34 74 12 28 63 144 12 423 63 43 176 24 33 8 241 23 251 21203 506 243 801 976 153 48 38 36 36 7 40 95 11 17771 531 13816 15613 1113 8 6020
internal_value=-0.00234562 -0.0151258 -0.00457348 9.94781e-05 -0.0258205 0.000728493 0.000580055 0.000169153 0.0347398 0.0732699 0.309555 -0.00295826 -0.0523976 0.0617664 0.348044 -0.0256363 -0.0344088 -0.0716476 0.000995899 -0.00499831 -0.00359821 0.053275 -0.00468873 0.00276774 0.0905787 0.288338 0.0542117 0.101537 0.146785 0.0149933 0.226882 0.0852258 -0.0126231 -0.00983098 -0.0597979 0.0914015 0.130765 0.078907 0.0483378 0.224108 0.00261007 0.00273481 0.0368132 0.022564 0.0465084 0.0719604 0.116737 0.0826881 0.152312 0.294222 0.373221 0.686333 -0.021762 0.120685 0.29592 0.00232791 0.00669875 0.0051607 -0.0288828 -0.00369642 0.101111 -0.00196781
internal_weight=2198.04 352.995 297.461 1845.05 43.7141 1801.34 1798.54 1777.17 21.3772 10.572 0.490801 10.8053 15.3696 10.0812 0.259196 55.1687 45.3722 55.534 1722 392.878 377.149 7.09565 370.053 1329.12 2.38237 0.480635 9.82197 4.25503 3.04934 9.79654 0.436028 0.760609 10.3692 7.17632 3.38963 5.08797 3.40952 2.30744 2.09855 0.426522 1326.74 1325.02 15.634 13.3636 9.81585 7.15018 4.86687 4.08349 2.31406 0.783376 0.647134 0.2157 2.66567 2.27039 0.43511 1309.39 513.842 498.382 43.605 15.8726 1.64723 282.091
internal_count=408505 293190 87915 115315 17035 98280 98036 91194 6842 1476 113 5366 32474 1363 40 19093 18640 205275 72101 15176 6765 771 5994 56925 143 109 1323 103 91 453 64 452 5302 309 219 393 369 336 328 87 56782 56562 3241 2884 2378 2095 1119 887 86 232 79 43 283 357 106 53321 35550 35019 17029 1416 303 55441
is_linear=0
shrinkage=0.08


Tree=72
num_leaves=63
num_cat=0
split_feature=3 4 2 2 2 17 3 13 1 18 4 2 13 18 17 17 1 3 3 1 13 13 2 3 1 4 13 17 3 20 2 15 18 20 4 13 1 1 3 18 1 20 18 5 3 13 13 18 5 6 4 6 6 18 5 1 5 6 18 6 1 17
split_gain=9.85576 30.9886 7.71191 6.55308 4.78516 8.35365 7.62374 8.04765 7.63323 4.74802 4.49234 4.45638 5.36807 4.72931 4.36071 3.59819 7.21283 3.98106 3.56065 9.21471 5.79979 3.58229 3.50824 3.79045 6.94393 6.66609 4.94077 4.89428 4.74258 5.38429 5.4868 3.9914 3.79322 3.70258 3.47733 3.36287 5.08977 3.67884 3.20194 18.7049 3.17299 3.15818 11.5469 5.1713 3.99498 3.9553 5.94906 4.20881 11.2495 6.18878 5.02962 5.31535 5.79158 4.90744 4.58606 3.9721 3.9603 4.51056 3.9126 4.06529 4.00793 3.75336
threshold=81.892697466467965 57.078215901745324 0.94001581027668002 0.94167065390749616 0.91112278244631195 0.54631217838765023 90.366769774635458 0.52012882447665076 0.5300120048019209 0.31514294222751643 51.321611551001403 0.61754827082073016 0.53950103950103967 0.99683544303797478 0.88303693570451447 0.75235849056603787 0.59761904761904772 82.446311858076584 60.49571603427173 0.48435972629521024 0.53950103950103967 0.95974235104669903 0.93045514518726313 69.63109354413703 0.35805860805860806 81.897262842144741 0.78416149068322993 0.69883720930232573 45.512082853855013 29.835303319774471 0.60271043771043775 1.0000000180025095e-35 0.85307609282245023 53.678919483456262 98.192705498094739 0.57518796992481214 0.70659971305595415 0.68819444444444455 9.6399535423925631 0.96791352093342498 0.52440476190476204 -7.1223473963199941 0.87149410222804724 90.636241007194258 86.72955974842769 0.94427244582043357 0.71008403361344541 0.95153460695270919 93.528759082286413 0.76396751792114703 99.779735682819407 0.84638075584312156 0.82016632160110436 0.90797035692679995 99.779735682819393 0.6198686371100165 89.86145693672988 0.80001544022177795 0.76062357048272544 0.82016632160110436 0.57719393282773568 0.90550595238095244
decision_type=2 2 2 2 2 2 2 2 2 2 2 2 2 2 2 2 2 2 2 2 2 2 2 2 2 2 2 2 2 2 2 2 2 2 2 2 2 2 2 2 2 2 2 2 2 2 2 2 2 2 2 2 2 2 2 2 2 2 2 2 2 2
left_child=1 3 14 9 5 11 7 34 -9 10 -1 -2 13 -13 22 -10 -17 -18 -16 -20 -21 -22 23 24 25 33 -25 -28 29 30 -26 -32 -31 38 40 -8 37 -37 39 -3 -7 61 43 58 -44 46 -46 48 49 -47 55 52 -52 -51 56 -50 57 -49 59 -43 -60 -6
right_child=4 2 -4 -5 41 6 35 8 15 -11 -12 12 -14 -15 18 16 17 -19 19 20 21 -23 -24 26 28 -27 27 -29 -30 32 31 -33 -34 -35 -36 36 -38 -39 -40 -41 -42 42 44 -45 45 47 -48 54 50 53 51 -53 -54 -55 -56 -57 -58 -59 60 -61 -62 -63
leaf_value=-0.024546568978489627 0.068504981401918241 -0.080025950805704515 0.075631745387488333 0.13785834560693355 -0.0092636018390172842 0.015251393956291687 0.023216240377033848 0.10189410069281971 -0.043238420909505602 -0.074008906188318707 0.37991902073827521 -0.10907257155595033 -0.0026163698233500872 0.039844740318359627 -0.040178205519564629 0.17240894616156421 0.15949064103619848 -0.0056405736342497364 0.063590002570659915 -0.092313128314006634 0.056449042424828316 -0.018248800372308884 0.090183213571112891 0.027047407669387492 0.9477689822158657 -9.5518438861518255e-05 -0.055448679247263495 -0.010364742819860754 0.013729724475223666 -0.019707391422268572 0.01343184283350621 0.5792732140201039 0.10637461224859213 0.023163636390566927 -0.22490011092390869 0.052444571295108412 0.12295404364289272 -0.047611236655609228 -0.049931116858879035 4.9871969128670202 -0.070392944473461561 0.013606951525362817 0.038947314572210436 0.082563463871619988 0.077411600343020859 0.060771443651071427 -0.065126578227465134 -0.01679052338200733 0.13226875119007445 -0.054506943036640554 0.058324841123076808 0.084701045055355847 -0.13788918533669881 -0.0022003483548160667 0.064691243959879186 0.039719902266690699 -0.022019615914234708 0.070119822403920062 -0.13955868748065225 0.086754264935596168 0.014787874707421975 0.00065627548429873436
leaf_weight=11.774570369540012 5.1769863690133198 0.029837643975045292 7.6091559636406592 1.0416761811648019 378.31088646069111 4.11381298760534 34.058197431062581 6.1792340771935441 7.6203844405536101 56.487936071949662 0.17841075238538984 5.6407778186548958 100.27423055187683 1.8005144313210619 36.170981421673787 1.8412369113066258 0.99846848199376736 14.555264644441193 9.5927161938161571 6.4713109104486639 4.4598785620182744 52.210406072088517 2.6500704607460639 13.237247329670934 0.081271257266051999 161.12855049502105 23.938746652856935 43.259564576495904 100.43703270648257 2.3139281674521044 0.22140053322073072 0.12473266827873886 4.4913729379186407 5.3420315779512739 0.70555777754634696 32.414765431400156 6.3671969005372366 2.5358127143408629 30.40652780632081 0.0055256636551348484 8.4661273169040197 8.7864858172833937 14.346403579460455 11.936206196900455 2.1950888121500602 5.9418468524236223 12.81072427285835 8.6376506760716421 3.1999469115398815 21.029434798052534 1.3983713923953462 1.8394981417804954 3.0905658584088087 25.278372198343277 4.7288467411417505 40.938403157982975 93.117065553087741 6.8547069490887216 1.1073811172973353 10.888860403676516 38.898062294814736 688.15055640360515
leaf_count=6628 604 103 544 477 32450 458 1728 554 834 227659 106 470 10000 74 10242 103 157 846 208 101 68 849 68 394 36 8490 560 740 2348 74 87 5 123 1933 7 2315 249 118 39130 18 565 227 305 598 119 114 155 105 78 444 51 176 40 420 951 1499 1830 168 18 498 1040 47146
internal_value=-0.00219066 -0.011199 -0.00429654 -0.0612851 0.00100676 0.0116196 0.0263287 6.36665e-05 0.0222707 -0.0643161 -0.0185095 -0.00399688 -0.00748144 -0.0730402 -0.00552131 0.00260235 0.0226843 0.00495999 -0.0196656 -0.00946469 -0.0205634 -0.0123702 -0.00154782 -0.0021792 0.00189992 -0.00703212 -0.0176255 -0.0264255 0.0182353 0.0808026 0.35623 0.217339 0.0635044 -0.0382664 -0.0520789 0.0418279 0.0571695 0.0451851 -0.0490463 0.711749 -0.0423861 -0.000778666 0.00623181 0.0344944 -0.00201604 -0.00455942 -0.0442757 -0.00180098 0.00992789 -0.0160915 0.0368665 -0.0298318 -0.0767656 -0.025954 -0.0124306 0.0464295 -0.0157885 0.0216636 0.0248805 0.0540886 0.0105154 -0.00286265
internal_weight=2189.9 573.665 504.182 69.4826 1616.23 232.749 119.856 44.4801 31.1946 68.4409 11.953 112.893 107.716 7.44129 496.573 25.0154 17.395 15.5537 108.905 72.7343 63.1416 56.6703 387.668 385.018 304.582 196.912 80.4356 67.1983 107.67 7.23271 0.427404 0.346133 6.8053 35.7839 13.2855 75.376 41.3178 34.9506 30.4419 0.0353633 12.5799 1383.49 317.024 71.617 245.407 231.061 15.0058 216.055 102.716 52.2497 50.4668 6.32844 4.48894 46.3078 113.338 44.1384 108.609 15.4924 59.6808 19.6753 40.0054 1066.46
internal_count=408505 300991 66121 234870 107514 19082 7934 3524 2494 234393 6734 11148 10544 544 65577 1940 1106 1003 11468 1226 1018 917 54109 54041 52347 49674 1694 1300 2673 325 128 92 197 41184 1030 4410 2682 2433 39251 121 1023 88432 8836 2381 6455 6150 274 5876 2822 978 1844 267 91 864 3054 1577 2103 273 1783 725 1058 79596
is_linear=0
shrinkage=0.08


Tree=73
num_leaves=63
num_cat=0
split_feature=3 4 0 2 20 17 3 1 1 3 1 15 17 17 20 3 20 0 6 3 7 3 6 6 3 1 2 4 5 4 17 2 2 7 3 6 17 0 0 2 0 0 0 0 17 6 2 17 15 17 6 1 2 20 17 0 0 4 6 2 6 17
split_gain=8.66785 28.5745 7.99858 6.71094 4.29995 4.00788 5.94211 5.18454 4.18191 3.79187 8.79266 4.56922 5.23813 6.30968 5.05796 4.71724 4.27327 3.61645 3.52666 3.26407 3.159 3.14067 2.93032 4.2598 11.1864 6.51606 4.80402 3.89858 3.85422 6.03247 3.65349 3.59486 5.40387 2.88538 2.90413 6.77197 2.86607 2.79985 2.91713 2.83883 6.89694 9.1787 7.13151 6.69615 5.95451 4.09421 4.68312 3.67268 4.97259 4.67422 4.44999 3.51822 3.79354 3.39013 4.47886 3.33526 4.68708 3.8977 4.68459 3.71674 6.29086 3.95907
threshold=81.892697466467965 59.748178650617682 7.5000000000000009 0.94001581027668002 -0.83482931456948239 0.62622549019607854 74.352159468438558 0.48435972629521024 0.47434210526315795 52.479508196721319 0.40967365967365971 1.0000000180025095e-35 0.8389976958525347 0.78297101449275375 49.927281182949123 45.035211267605639 8.2457577500749846 13.500000000000002 0.98186147186147199 15.535444947209657 1.0000000180025095e-35 76.277056277056289 0.79232550499217169 0.87241706506222649 94.494949494949509 0.8190909090909092 0.82191086691086701 97.375310002755597 86.709244512712729 89.784322820037133 0.75893997445721595 0.94001581027668002 0.88504405810907383 -1.0000000180025095e-35 83.935483870967758 0.9094745137304755 0.79795918367346952 20.500000000000004 19.500000000000004 0.90304020598138257 12.500000000000002 13.500000000000002 8.5000000000000018 13.500000000000002 0.72821969696969713 0.77210196893416083 0.90834123972169523 0.83484848484848495 1.0000000180025095e-35 0.70412457912457926 0.80953199448034274 0.8021739130434784 0.90002675585284286 -27.498604107552669 0.65571120689655182 7.5000000000000009 4.5000000000000009 88.944444444444457 0.88138333138333158 0.94167065390749616 0.66140972197871195 0.76253132832080206
decision_type=2 2 2 2 2 2 2 2 2 2 2 2 2 2 2 2 2 2 2 2 2 2 2 2 2 2 2 2 2 2 2 2 2 2 2 2 2 2 2 2 2 2 2 2 2 2 2 2 2 2 2 2 2 2 2 2 2 2 2 2 2 2
left_child=1 2 36 5 20 6 7 8 -3 11 16 14 13 15 18 -13 17 -11 -7 -16 33 -19 -6 27 25 26 -25 28 29 -24 -28 32 -27 34 35 -2 -1 38 39 43 42 45 55 51 -45 46 -42 48 49 50 -44 52 -36 54 -48 56 -41 59 -59 -57 -61 -62
right_child=4 3 -4 -5 22 9 -8 -9 -10 10 -12 12 -14 -15 19 -17 -18 21 -20 -21 -22 -23 23 24 -26 31 30 -29 -30 -31 -32 -33 -34 -35 37 -37 -38 -39 -40 40 41 -43 47 44 -46 -47 53 -49 -50 -51 -52 -53 -54 -55 -56 57 -58 58 -60 60 61 -63
leaf_value=-0.080651901592318137 -0.033757235324545477 0.0065036292260883966 -0.070154880254295837 0.074881458078957255 0.039851716798377575 -0.049795469168233908 -0.063262868442069409 0.061045543108320728 -0.074439586874622099 0.28615815173628723 -0.0096329394550368121 0.11110943493043234 -0.047548948862940553 0.17076971112064868 0.082856656066146506 -0.020257682462554386 0.032851208780841384 -0.083713232453562339 -0.18530240094968611 -0.019085996321467326 0.041884072928720747 0.17830232909654328 0.048429458065373313 -0.0468215722004423 0.071300349563662005 -0.1571956007453105 -0.027962956194032485 -0.049643170671814264 0.052611468712775535 -0.16921420321334399 0.056279245698914536 -0.064360167133181961 0.089331543734211857 -0.029310245281786572 0.025850171916587516 -0.68365319206501096 0.017954518572817373 0.047823319847862374 -0.054460087041518453 0.001313757130572978 -0.080780123761968331 0.0029982273108937114 0.42353131451429415 -0.02534945365195326 0.061862801672427387 0.1522370825902038 0.34093363156430889 0.041811933083579687 -0.022943651561198101 -0.082974778425642895 0.082465098834820338 -0.039761154288147089 0.14371889916722425 0.046886339377828427 -0.087836109153134154 -0.0069055446314360003 -0.013135416909511848 0.055331076546277842 0.0056299042565633711 0.094010098272865966 0.035715722525387919 -0.058517626502192721
leaf_weight=2.3076515237189588 11.808127467375012 151.46268738924118 59.01577906498278 6.853170017246156 25.830658148275688 31.283941234170925 7.8226727670989922 11.043546641565625 4.1982465416658661 0.80860515698441604 190.50590813512099 2.4609193056239764 5.4713182536652303 2.1618862955365321 2.0927395742328363 6.0508658473845571 19.56277010620397 0.50822812363912795 1.2794678541831661 50.932234432111727 11.343566038762217 0.69067162420833483 1.7379397731274369 5.2430261150002506 18.774137507425621 0.74396184459328596 4.1397253363393274 12.815603686496615 6.5738468430936337 1.5348524809814987 16.142925122985616 12.145433218451215 2.4204795556142926 21.911046982160769 79.748978769406676 0.10351369529962617 10.336809542401168 7.8771935217810087 6.2677738390630102 839.75622397576808 1.2993377115053606 15.323761137929976 0.41214878359460161 38.26023328753945 5.7653978908783747 5.0692119877785444 0.64099256478948508 6.162569404434179 134.40333327022381 0.47566922669648182 0.60306673869490623 5.1474830329680108 1.7866951831965696 2.0882241688668732 0.20603659801417962 66.480724383756751 173.33754010085249 24.170430539175868 24.379276553168893 6.9211907911230837 7.1453742569428851 4.7504288985801395
leaf_count=3791 2689 20314 232489 539 524 20548 199 211 49 39 3183 48 93 47 291 92 469 255 8 5939 937 20 24 54 2262 5 70 321 116 25 441 390 110 626 6018 2 12367 1118 606 53662 158 928 63 3797 254 88 192 294 8291 18 10 253 160 20 59 10424 11000 383 403 556 107 56
internal_value=-0.00205822 -0.0105671 -0.0577834 -0.0037343 0.000934336 -0.00483757 0.00488071 0.00807837 0.00432055 -0.0102424 -0.00415171 -0.0229394 0.0160969 0.0487217 -0.030303 0.0177231 0.0442578 0.155413 -0.0551198 -0.0150626 -0.00017361 0.0672308 0.0163452 0.00896497 0.0201891 -0.00330933 0.0214398 -0.0205584 0.0172961 -0.0536396 0.0390853 -0.0445728 0.0313729 -0.000493307 -6.38906e-05 -0.0394049 -4.14446e-05 0.000257414 -8.82711e-07 0.000235446 -0.000883327 0.0410537 -0.00168458 0.0114791 -0.0139285 0.103733 0.0456684 -0.0185927 -0.0213319 0.123968 0.220928 0.0243835 0.028433 0.101643 0.236637 0.00040961 -0.00115846 0.0122783 0.0303736 0.00197889 0.0333677 -0.0019151
internal_weight=2178.6 566.85 71.6602 495.19 1611.75 488.337 174.527 166.704 155.661 313.81 212.076 101.733 16.145 10.6737 85.5884 8.51179 21.5703 2.0075 32.5634 53.025 1503.65 1.1989 108.103 82.2719 59.6097 40.8356 25.5257 22.6622 9.84664 3.27279 20.2827 15.3099 3.16444 1492.3 1470.39 11.9116 12.6445 1458.48 1450.6 1444.33 1313.63 24.6276 1289 130.709 44.0256 9.3038 4.23459 142.057 135.894 1.49088 1.01522 86.6832 81.5357 2.93525 0.847029 1146.94 1013.09 133.847 48.5497 85.2977 18.817 11.8958
internal_count=408505 300991 248647 52344 107514 51805 20773 20574 20363 31032 3966 27066 280 187 26786 140 783 314 20556 6230 103172 275 4342 3818 3332 1070 565 486 165 49 511 505 115 102235 101609 2691 16158 98918 97800 97194 86712 1445 85267 10482 4051 517 429 8676 8382 91 73 6431 6178 271 251 76591 64662 11929 786 11143 719 163
is_linear=0
shrinkage=0.08


Tree=74
num_leaves=63
num_cat=0
split_feature=13 4 15 1 4 4 15 13 15 17 7 4 20 0 17 2 17 3 4 20 4 2 20 1 17 17 20 4 2 0 20 6 17 4 4 6 1 13 1 6 6 2 1 4 6 2 17 6 4 4 17 3 17 4 1 4 4 13 0 2 0 20
split_gain=8.03821 14.5762 6.20086 16.8564 5.11086 25.3144 5.58138 5.23754 4.17112 3.18272 4.17435 4.29872 7.32712 3.45966 4.91026 3.25932 5.93135 3.20187 4.99923 4.45664 4.17079 4.2951 3.44551 4.30937 7.24227 7.09053 4.3953 3.69232 3.15879 3.12203 6.55565 12.0004 6.70809 5.48521 4.51785 3.38643 3.65384 3.51818 7.0078 3.96568 3.80979 3.05469 2.93248 2.83711 3.50632 3.35834 2.72119 4.24609 4.17398 4.14937 3.3193 4.85842 2.66841 2.64152 2.62945 3.50689 2.87884 2.6274 2.60486 3.94962 3.92572 2.60099
threshold=0.23303167420814483 68.244631185807677 1.0000000180025095e-35 0.28708791208791212 47.836488454337434 1.0000000180025095e-35 1.0000000180025095e-35 0.95974235104669903 1.0000000180025095e-35 0.38956639566395673 1.0000000180025095e-35 88.944444444444457 58.235239809813976 8.5000000000000018 0.64051282051282066 0.53869810744810753 0.31311274509803927 69.63109354413703 89.784322820037133 20.031923892218014 91.686991869918714 0.84517635071040653 -2.7777777777777746 0.5300120048019209 0.86425061425061445 0.81016731016731025 -3.8950611812916089 88.25172527111404 0.59397103870788093 10.500000000000002 -19.178227452481181 0.73439102547172108 0.77003205128205143 59.748178650617682 78.699101004759413 0.99912280701754397 0.5887605042016808 0.91987179487179482 0.28416149068322988 0.96187226822121419 0.90007455610650344 0.92500871080139391 0.3246621621621622 96.884704968944121 0.98186147186147199 0.94334422657952077 0.76043478260869579 0.79232550499217169 88.944444444444457 76.011695906432763 0.8218253968253969 64.326765188834159 0.66954022988505757 54.12304371289801 0.69337606837606847 86.752489409693581 93.035692078099757 0.90454545454545465 11.500000000000002 0.93857943586204462 5.5000000000000009 32.526067122841319
decision_type=2 2 2 2 2 2 2 2 2 2 2 2 2 2 2 2 2 2 2 2 2 2 2 2 2 2 2 2 2 2 2 2 2 2 2 2 2 2 2 2 2 2 2 2 2 2 2 2 2 2 2 2 2 2 2 2 2 2 2 2 2 2
left_child=1 2 -1 -4 5 6 7 -2 58 10 -6 12 15 14 28 -12 -17 18 22 43 -20 -22 23 24 25 -16 -25 42 -11 35 31 32 41 -32 -33 36 37 38 39 -15 -40 -31 -24 53 -45 -46 -39 48 49 -48 -49 -52 -37 -19 -35 -56 -57 -21 60 -60 -3 -44
right_child=4 8 3 -5 9 -7 -8 -9 -10 13 11 -13 -14 29 17 16 -18 19 20 57 21 -23 27 26 -26 -27 -28 -29 -30 30 33 34 -34 54 -36 52 -38 46 40 -41 -42 -43 61 44 45 -47 47 50 -50 -51 51 -53 -54 -55 55 56 -58 -59 59 -61 -62 -63
leaf_value=-0.073356994679330587 -0.081165976368083315 -0.050644140567541698 -0.080016808888381932 5.2056495360601538 0.018020611963085419 -0.056787795649681005 -6.8400941662289928e-05 0.17067786216296399 0.29946445292377655 0.14942012598155166 -0.081590699716920914 0.056508239841049503 0.94014366116890336 0.046011691613668103 0.39410798425927085 1.2489540639169194 0.14469478894892354 0.034203040683462207 -0.061920218346333752 0.037536951090278568 -0.015479598790818934 0.053335653276468442 0.19584977583412572 0.030301193022218152 -0.080398201639694189 1.7145599825553737 0.69390900389128374 0.15246302369872788 0.021066253071854897 -0.025447078023208426 -0.067890718511724291 0.17584311400465971 0.16405474353522909 -0.0027191415691524101 0.049778109642011036 -0.17011933139009824 -0.021657627062281217 0.0012675605448708061 -0.016331504706091279 0.32644755178223234 -0.10661931050773978 0.095131117095898471 0.037285547301442644 0.035333254340350999 0.048152698130663786 -0.023568278661911499 -0.085240080428391651 0.15794880531157898 -0.095953179856539172 0.12847738107686854 -0.050656423978379717 0.10014171712349246 -0.0047664238313059387 -0.00026775238824544096 -0.011634812789639576 0.22701511459480356 0.045412391262378449 -0.056097427762106009 -0.015414722178281813 -0.41720736062278174 0.021421101168849679 -0.049292223730489519
leaf_weight=27.549355465351258 0.69230787080596146 5.7834223869722328 0.014253474422729506 0.0052962024929001919 44.203055814665277 59.816839221020928 242.22270797446254 2.2336120239342563 0.28186345100402732 1.2491096360754443 0.15611373254796379 0.76994116022251546 0.10868030629353598 2.1212842355598691 0.058774263947273364 0.041996286061475985 0.12032527588598896 14.442246797727419 5.9326976907905218 2.2494407997000936 14.01973529905081 9.9064400377683324 0.68312206346309423 0.52517020850791596 0.067906829921412282 0.0467108364100568 0.07272255967836827 1.7708249483257521 69.671254633969511 13.823026908779871 8.2564979612943699 4.4018329037062349 1.4907201354653796 284.50845702497463 3.1011510500684381 1.5644830022938543 104.7896330615331 42.498811960715102 6.4053435551031708 0.38063164986670006 5.6112942104227841 1.4895495432429005 19.809483048709811 33.180486995959654 5.5671958904713419 16.750029430957511 0.89660831136279684 2.3585494442377222 2.2607341054826975 1.6538628777489064 2.1389266460028011 3.7905895530711859 1.0397036380600182 957.34596587662236 2.2512105219066134 1.0419908287003639 1.2044218846131114 13.014360392000526 85.994534159195609 0.15686396509408851 29.587774034996983 2.5011833680473492
leaf_count=101105 482 76 71 2 5578 192482 7965 54 5 60 174 29 5 778 39 51 52 2487 80 69 168 347 201 326 61 21 6 56 1438 931 32045 108 128 21585 38 36 1767 769 604 8 56 29 499 1834 253 1229 385 32 18 32 23 82 30 16280 26 15 34 154 13944 2 1200 61
internal_value=-0.00191033 -0.0198176 -0.0723463 1.35192 -0.000585032 -0.010127 0.00125829 0.111089 -0.00792838 0.00111339 0.0220126 0.169422 0.372966 0.000544532 0.00292531 0.179391 0.430392 0.00160749 0.0203495 0.000611657 -0.00187574 0.0130128 0.0463372 0.212851 0.563996 0.97883 0.111017 0.0411512 0.0233269 -0.00503135 -0.000330254 0.0396156 0.00205356 -0.00359651 0.123738 -0.0135476 -0.0121993 0.00193616 -0.0331315 0.0886761 -0.0584923 -0.0137177 0.0325787 0.00124923 0.0188419 -0.00567695 0.0110935 0.0429725 -0.0168082 0.0533458 0.077675 0.045745 -0.104103 0.000244536 -0.00175971 0.0589313 0.129648 -0.0422984 -0.00864136 -0.0161463 0.00963796 0.0275796
internal_weight=2167.68 149.373 27.5689 0.0195497 2018.31 304.965 245.149 2.92592 121.804 1713.34 45.4001 1.19706 0.427116 1667.94 1168.86 0.318435 0.162322 1097.94 55.3948 1042.55 29.8589 23.9262 25.5359 0.771285 0.173392 0.105485 0.597893 24.7646 70.9204 499.079 321.569 24.3063 16.8033 297.263 7.50298 177.51 174.906 70.1166 14.5186 2.50192 12.0166 15.3126 22.9938 1027.29 55.4977 22.3172 55.5981 13.0993 4.81121 2.55047 8.28807 5.92952 2.60419 971.788 289.006 4.49762 2.24641 15.2638 121.523 86.1514 35.3712 22.3107
internal_count=408505 116405 101178 73 292100 200983 8501 536 15227 91117 5889 311 282 85228 25669 277 103 24171 1865 22306 595 515 1270 453 121 60 332 817 1498 59559 54939 1234 1088 53705 146 4620 4554 2787 1446 786 660 960 761 22083 3316 1482 1341 572 435 417 137 105 66 18767 21660 75 49 223 15222 13946 1276 560
is_linear=0
shrinkage=0.08


Tree=75
num_leaves=63
num_cat=0
split_feature=0 5 13 13 4 4 4 13 13 9 4 7 17 7 13 2 18 6 5 2 18 5 4 13 6 5 1 1 17 6 5 18 5 5 6 18 2 17 3 0 3 0 6 17 17 0 6 4 2 0 6 2 13 0 4 4 6 17 6 0 6 4
split_gain=8.03998 15.6701 4.32666 4.13262 3.48179 2.96439 2.69377 3.71267 3.87959 3.00422 12.2828 3.90299 3.38873 3.34014 3.30845 3.36619 16.6511 3.12409 4.02049 5.64963 50.4068 3.07672 4.53954 3.07355 4.41808 3.05278 2.9311 3.26352 2.81697 2.70356 4.91389 3.06869 10.1291 6.32229 4.38296 2.83292 2.61669 4.00973 2.6085 3.41142 2.63933 2.57397 3.13068 2.52275 4.54759 3.79919 5.86004 8.59274 6.29038 3.12119 3.23754 2.86085 2.50506 3.54426 2.45011 2.79817 2.41359 2.38166 2.37097 2.58769 2.8858 4.40977
threshold=18.500000000000004 67.750749162700529 0.081666666666666679 0.14550264550264555 78.699101004759413 82.780584230177922 96.884704968944121 0.20871143375680581 0.21240601503759401 1.0000000180025095e-35 45.657137184832244 1.0000000180025095e-35 0.14434523809523811 -1.0000000180025095e-35 0.95974235104669903 0.47279517867753168 0.60885910428244538 0.66140972197871195 72.473494796226063 0.42781385281385287 0.52960654460459688 77.345911949685544 81.897262842144741 0.2620137299771168 0.59340037556697312 76.409794360822573 0.14854215918045707 0.13100686498855837 0.58411949685534603 0.71356849033186964 73.441913841807931 0.7003937007874016 79.177241962774971 61.34151329243354 0.86408966659301212 0.64014388489208651 0.8955610290093049 0.48181216931216936 72.570532915360516 7.5000000000000009 81.120250685468093 11.500000000000002 0.74086478236837017 0.3047162859248343 0.23861283643892342 19.500000000000004 0.86408966659301212 88.25172527111404 0.48539725672877854 26.500000000000004 0.60740846570565643 0.48703491821340794 0.17267080745341615 8.5000000000000018 86.752489409693581 81.099981099981122 0.75592784261388923 0.42462121212121218 0.93001476943009209 17.500000000000004 0.8905029937382879 78.699101004759413
decision_type=2 2 2 2 2 2 2 2 2 2 2 2 2 2 2 2 2 2 2 2 2 2 2 2 2 2 2 2 2 2 2 2 2 2 2 2 2 2 2 2 2 2 2 2 2 2 2 2 2 2 2 2 2 2 2 2 2 2 2 2 2 2
left_child=2 -2 5 4 -4 -1 7 28 26 11 -11 12 -10 -14 15 16 -13 18 19 20 -12 -15 -23 -18 -25 -20 27 -9 52 30 54 32 33 -31 56 -36 -21 -38 -30 -40 -41 42 -42 44 -3 -46 -47 51 -49 -45 -51 -48 -5 -54 55 -19 -35 -16 59 60 -33 -62
right_child=1 43 3 6 -6 -7 -8 8 9 10 17 14 13 21 57 -17 23 29 25 36 -22 22 -24 24 -26 -27 -28 -29 38 31 -32 58 -34 34 35 -37 37 -39 39 40 41 -43 -44 49 45 46 47 48 -50 50 -52 -53 53 -55 -56 -57 -58 -59 -60 -61 61 -63
leaf_value=-0.05794001936815435 -0.067326250445309488 -0.022748871092455807 -0.043448475748448873 0.076932158616293697 0.062793990836627345 -0.01046626458194589 0.0093222355520358249 0.1519951942853113 0.26905970333313578 -0.073795175373602917 6.4934116123171188 4.2029485224306873 0.00068497448894508633 -0.074790685579227273 -0.14505894665525867 -0.012691602345297705 -0.082922212324876288 -0.051894164560236801 0.19526940985071106 -0.042430985887710326 -0.081485989240413684 0.11184455348024117 -0.024367420794041236 1.5448405653807664 0.22895063341927896 0.045610940428093112 0.074682832821295106 0.78880945515270573 -0.068070682038666896 0.18124513108710844 0.04343602464017389 -0.0091698633794534169 0.15626632753598249 0.031624685681342107 0.14149393033444058 0.01090247725731411 0.57070695721104547 0.01811844422174088 -0.079119797568852859 0.13846237146968107 -0.051100426526579076 -0.04789437868509458 0.13058254728214277 -0.0038834080303976936 -0.039607831922529646 -0.012631206983681115 0.55419029190033942 0.022281921058316924 0.23008710013718672 0.35346913452845519 -0.05079044774083312 0.24206998774525651 0.18108462477031251 -0.047662708978636024 -0.13949508521930809 0.065108752661873159 -0.052622606891479129 0.082342583151346641 -0.022317991713416006 0.095560683811595951 0.11526960489482946 0.0063711437637304141
leaf_weight=13.485462933735105 34.656769128021551 7.6080083405831855 2.4022145909402743 2.6073470026894965 11.079392374900634 22.401816374971531 161.55923514848109 0.11183060437906434 0.29997997023747203 16.988897805655142 0.008518800183089037 0.0065371854434496104 1364.1788906807924 6.7617948259430731 0.30577604053542096 7.2596109589358093 0.23052720361738466 14.92315813616734 1.3222282284405076 5.3589029006398077 0.060190679432707839 1.7243431278038794 17.040721813682467 0.01720657259284053 0.32038117058982607 2.5636058519594371 0.40037011394451838 0.095475429538055323 12.336858734837735 1.179266944527632 4.3257370700594029 183.11334024024836 3.185617870418354 2.7786438968614702 1.621994430082849 3.0855067444499582 0.084391571319431757 20.227278721140465 3.3959728704794525 1.0080036929721243 1.0018194583390143 3.3333735364285531 1.5402187556028364 68.978429555136245 1.9296577135683017 2.5316887503140606 0.34684502391610283 2.7731563500128686 1.4044061941094694 0.12805951607879151 12.759677351190474 0.41024518175981939 0.48795078039984208 3.88512067355623 1.8196517021860916 1.4338478142162774 10.04082483431557 8.183647556928916 51.109914206550457 1.6797415570035799 2.4763085678569032 61.106817650957964
leaf_count=21247 115744 304 4951 1718 482 1190 5714 89 43 64038 12 23 141665 962 9 2378 123 4215 24 5133 138 34 259 23 176 38 193 39 16659 83 77 3380 60 51 28 38 8 2157 202 314 132 110 35 7050 41 213 26 52 41 29 1554 30 43 2482 15 31 116 906 677 251 42 742
internal_value=-0.00201961 -0.0210371 -0.000773588 -0.000280074 0.0438632 -0.0283056 -0.000579343 -0.00145491 -0.000992153 -0.0010605 -0.00726833 0.000663219 0.000206503 0.000148469 0.0395538 0.00206228 0.188449 -0.00424236 0.020685 0.00923404 0.733689 -0.0285229 -0.0118507 0.142255 0.29602 0.0965351 0.201111 0.445282 -0.0295587 -0.00638984 -0.0331968 -0.00451285 0.024401 0.00194469 -0.0101192 0.0558985 0.00729497 0.0204144 -0.0432704 -0.0135062 0.0188646 -0.00165394 0.0589811 -0.0048114 0.0232282 0.0604561 0.0863174 0.137082 0.0921415 -0.0106354 -0.0467735 0.385061 0.0148664 -0.0221389 -0.0514342 -0.0416377 -0.0343618 0.0741519 -0.0066264 -0.00339744 -0.00407124 0.0106123
internal_weight=2171.48 133.527 2037.96 2002.07 13.4816 35.8873 1988.59 1827.03 1797.43 1796.82 390.494 1406.33 1390.01 1389.71 16.3237 7.83426 0.574652 373.505 29.6251 25.7393 0.0687095 25.5269 18.7651 0.568115 0.337588 3.88583 0.607676 0.207306 29.5967 343.88 22.5024 321.378 21.8919 18.7062 17.527 4.7075 25.6706 20.3117 22.6162 10.2794 6.88342 5.87541 2.54204 98.8702 17.004 9.396 7.46634 4.93465 4.17756 81.8662 12.8877 0.75709 6.98042 4.37307 18.1767 16.357 12.8195 8.48942 299.486 248.376 246.696 63.5831
internal_count=408639 125084 283555 261118 5433 22437 255685 249971 228276 227955 81354 146601 142963 142920 3638 2723 345 17316 7510 7448 150 1255 293 322 199 62 321 128 21695 9806 4338 5468 376 316 233 66 7298 2165 17452 793 591 277 167 9340 707 403 362 149 93 8633 1583 56 4243 2525 4261 4246 167 915 5092 4415 4164 784
is_linear=0
shrinkage=0.08


Tree=76
num_leaves=63
num_cat=0
split_feature=0 4 13 13 5 12 0 5 20 0 20 2 1 4 4 5 18 6 4 13 17 0 20 5 5 0 18 1 1 0 17 5 1 20 13 17 2 2 18 2 1 2 13 17 2 6 0 18 4 13 17 4 2 17 2 2 2 15 17 1 20 17
split_gain=6.93559 14.7057 3.70814 3.46862 3.07069 3.0408 2.78686 7.34104 10.0352 4.67354 7.73307 4.28819 5.30624 4.19751 3.86607 3.62664 3.99392 5.27593 5.40323 5.22227 5.08706 3.49651 6.22061 6.95261 3.66013 3.40987 3.37364 3.35328 3.119 3.16019 3.07623 2.8739 2.83104 2.76419 2.7829 3.26275 4.5817 4.83161 7.93062 15.6025 19.9053 6.22526 3.6368 5.26678 2.81763 2.74327 3.94926 2.99768 2.68069 2.65863 5.46361 2.62076 3.32878 2.94539 2.6175 2.607 5.94867 4.4922 5.07868 7.40999 2.6008 2.59719
threshold=18.500000000000004 68.244631185807677 0.081666666666666679 0.14550264550264555 92.071349992142089 1.0000000180025095e-35 8.5000000000000018 48.502779272010052 -78.547459252157225 12.500000000000002 -19.178227452481181 0.8955610290093049 0.43534002229654412 60.435607557909726 87.528801843317993 96.015873015873026 0.97234964322120299 0.97104218880534676 99.779735682819407 0.91987179487179482 0.92637759710930456 13.500000000000002 -4.947956064005921 83.589986575061218 99.779735682819393 12.500000000000002 0.95850550964187342 0.70659971305595415 0.72046511627906984 10.500000000000002 0.61470985155195701 73.441913841807931 0.6198686371100165 -5.4722050739336217 0.31414473684210531 0.51639784946236567 0.66669891640866885 0.51018705952916499 0.88103563103563121 0.57092069604906581 0.19848484848484851 0.5237483861168073 0.16333333333333336 0.41728855721393038 0.74100014994751839 0.78182490796207949 11.500000000000002 0.37810002049600333 96.394209933258239 0.95974235104669903 0.8218253968253969 96.884704968944121 0.57666991552956481 0.27361853832442073 0.71317913730194438 0.84517635071040653 0.83095695970695982 1.0000000180025095e-35 0.81016731016731025 0.31622807017543864 -32.7268483150836 0.81530214424951275
decision_type=2 2 2 2 2 2 2 2 2 2 2 2 2 2 2 2 2 2 2 2 2 2 2 2 2 2 2 2 2 2 2 2 2 2 2 2 2 2 2 2 2 2 2 2 2 2 2 2 2 2 2 2 2 2 2 2 2 2 2 2 2 2
left_child=2 -2 45 4 -4 -3 15 8 25 28 11 12 31 -12 -10 -5 19 30 -19 20 -17 22 23 26 33 27 -15 -8 -9 -30 -18 60 -13 61 35 36 37 42 39 41 -41 -39 43 -35 -37 -1 -47 -48 -32 50 55 53 -53 -24 -52 56 57 58 -36 -60 -11 -23
right_child=1 5 3 6 -6 -7 7 9 14 10 13 32 -14 21 -16 16 17 18 -20 -21 -22 24 51 -25 -26 -27 -28 -29 29 -31 48 -33 -34 34 49 44 -38 38 -40 40 -42 -43 -44 -45 -46 46 47 -49 -50 -51 54 52 -54 -55 -56 -57 -58 -59 59 -61 -62 -63
leaf_value=-0.05116146898907508 -0.07449081576841611 -0.0013956914310307589 0.010440042833369271 0.00030436519593360481 0.088849581991317539 -0.041505388647327897 -0.016493129846670472 -0.0067143033005632189 -0.062938261890201727 0.16814064092380818 -0.080970700107217908 0.08891532713358323 -0.06095267535401494 0.04934597890116324 0.077801463612435381 0.11157895755030633 -0.11529887151073434 -0.035308383546180322 0.046875555320040542 0.066921072470983917 -0.099675970423740878 -0.039390925184914896 -0.25496109340406575 0.14193672750681544 0.04631656244988952 0.077012616300197706 -0.10455105921828339 0.13731643093018053 -0.049887717653984316 0.062498528874279806 -0.031944752350577178 0.21804469196188037 0.22593478440609296 -0.08348650077719319 0.013432517127110169 -0.047785404498643685 -0.1681470800546436 0.68326001056297292 0.050499961889838241 2.1943196247078141 0.27375326384810822 -0.0042064381800320516 -0.02771907396530842 0.546848706501041 0.10090582024309797 0.034957254141900228 0.35667592294418143 -0.042450088046688358 0.061996620451439791 -0.0087624025380034914 -0.079046212059958446 -0.021472927058440183 0.082626817604739791 -0.0019619937876018761 0.080994948346440693 0.11599862981528387 -0.10752539566098859 0.083275518646154637 0.81565971322765618 0.011182939183069699 -0.035405394207931533 0.025780007547461882
leaf_weight=15.910615395143394 25.3894169331179 91.730899540241808 8.5310501459607604 1379.2195010357318 5.1119189183227709 13.934290957433403 11.659195943997474 270.85481299692765 34.598805075169366 0.6352447969838978 3.7300383891270021 5.176565415575169 2.7202588873624336 3.425751052942358 1.2959428209578607 1.0210781423375039 0.76562401000410574 21.036504798568789 6.7667836882174006 17.162074435036629 2.5547930682078004 22.110651514813075 0.29801294775097886 5.3599538668058813 9.5444256542250496 4.4334592833474735 1.242189551820047 0.98369698488386426 17.812096827081408 1.7594521797727782 2.2611743961460915 0.86481685284525145 1.1862241143826393 0.16375289153074835 24.803311268304245 17.119204774979156 0.76677273714449334 0.10970940363768056 2.2771594483201625 0.061486598133342341 0.078799423383316025 0.36400442352169193 4.8195280050713336 0.17603647355281282 0.85643365420400996 8.3954525640001538 0.12179005146026511 10.807830132485831 13.862836469430475 31.650707295513712 4.4182742685225085 3.0281923634465766 5.6041858652606606 24.983979558877763 0.76767731324071053 2.2341523645445696 1.9893749952316273 9.0018771023023856 0.12480828815023315 0.1774789369374048 1.093033207303959 4.7552714789635493
leaf_count=19666 111444 10381 5276 106792 157 3259 520 10106 106271 39 14215 120 164 64 38 52 20 372 1056 909 39 311 13 90 357 219 11 22 290 33 48 17 29 22 2120 5938 5 41 160 18 31 115 534 20 24 449 2 2320 485 581 1008 70 179 1633 27 54 17 139 38 12 89 108
internal_value=-0.00198297 -0.0198212 -0.000833986 -0.000380604 0.0398195 -0.00668504 -0.000656794 -0.00555367 -0.0338401 -0.00248416 0.0070029 0.0701566 0.0171027 0.00303935 -0.057857 0.00117741 0.0195803 0.00611668 -0.0153064 0.0485961 -0.0393528 0.00475816 0.024418 0.0797724 -0.00148518 0.0166437 0.00839231 -0.00452577 -0.00894286 -0.0397844 0.0413828 0.0989859 0.11446 -0.00502669 0.000988587 -0.0211489 0.0187121 0.0365096 0.119301 0.374465 1.11553 0.155007 -0.00988477 0.243075 -0.0407011 -0.0265606 -0.00630641 -0.0380026 0.0488226 0.00887931 0.0217105 0.00805062 0.0461092 -0.00494424 -0.0553553 0.032137 0.0269465 0.0347898 0.0174048 0.343335 0.0394099 -0.0278557
internal_weight=2165.7 131.055 2034.65 1999.41 13.643 105.665 1985.77 541.117 52.9711 488.146 197.719 11.6761 5.31335 186.043 35.8947 1444.65 65.4309 44.6929 27.8033 20.7379 3.57587 182.313 43.9423 10.0279 138.371 17.0764 4.66794 12.6429 290.426 19.5715 16.8896 2.59309 6.36279 128.826 101.961 26.7929 8.81725 8.05048 2.89116 0.614 0.140286 0.473714 5.15932 0.339789 17.9756 35.2357 19.3251 10.9296 16.124 75.1677 43.517 33.9144 8.63238 25.282 5.18595 38.331 36.0969 34.1075 25.1056 0.302287 1.72828 26.8659
internal_count=408639 125084 283555 261118 5433 13640 255685 145912 107070 38842 28413 458 309 27955 106309 109773 2981 1981 1428 1000 91 13740 2060 165 11680 761 75 542 10429 323 553 145 149 11323 10904 6908 946 941 365 205 49 156 576 42 5962 22437 2771 2322 533 3996 3415 1895 249 1646 1035 2380 2326 2309 2170 50 128 419
is_linear=0
shrinkage=0.08


Tree=77
num_leaves=63
num_cat=0
split_feature=3 4 17 0 1 5 1 4 3 4 3 17 5 9 9 2 4 2 17 17 17 2 2 13 1 1 3 20 17 18 3 17 18 18 10 6 18 2 4 2 6 20 17 4 4 13 5 18 2 0 4 2 0 6 6 13 0 0 17 17 13 3
split_gain=6.33766 24.2232 7.31084 8.5788 4.21834 5.14377 3.63739 3.44251 3.35406 3.33174 3.1944 5.35777 4.39687 3.89535 3.52847 3.17913 3.12196 3.34569 7.60484 2.97379 2.79905 4.62181 7.8644 4.15941 3.95229 3.5364 5.64622 6.42189 3.4376 3.74192 3.331 3.23923 3.15237 4.3577 2.94746 2.89061 5.58812 2.77394 2.654 3.25873 2.81333 2.62558 5.37702 9.28726 2.62383 3.63372 3.8399 6.59419 3.98649 3.22184 3.37094 3.13179 2.73956 2.58511 3.74253 2.90091 2.75645 2.56484 2.55737 7.33747 2.53828 2.39541
threshold=53.410852713178308 67.704421562689291 0.65571120689655182 9.5000000000000018 0.20156250000000001 67.750749162700529 0.9177927927927928 72.543939855735047 45.867486338797825 81.897262842144741 37.248718959400875 0.31311274509803927 61.34151329243354 1.0000000180025095e-35 1.0000000180025095e-35 0.64235661998819904 70.981706465577446 0.57092069604906581 0.47434210526315795 0.71010186757215632 0.52679425837320581 0.63274929961650284 0.84943242925320972 0.82085561497326209 0.43826219512195125 0.45889639639639646 72.87157287157288 -2.7777777777777746 0.82426470588235301 0.93774224806201556 99.425287356321846 0.50384615384615394 0.85770528683914515 0.87194394752534299 1.0000000180025095e-35 0.9196102655858106 0.89966442953020154 0.93603069053708454 86.027512464708366 0.6156915741337029 0.96187226822121419 2.4242424242424261 0.67928571428571438 62.345301757066473 86.027512464708366 0.47213622291021679 82.785560344827601 0.81494165398274998 0.60271043771043775 23.500000000000004 97.375310002755597 0.66384297361808631 10.500000000000002 0.9094745137304755 0.90007455610650344 0.55363984674329514 12.500000000000002 13.500000000000002 0.76705426356589157 0.74754901960784326 0.90454545454545465 54.641148325358863
decision_type=2 2 2 2 2 2 2 2 2 2 2 2 2 2 2 2 2 2 2 2 2 2 2 2 2 2 2 2 2 2 2 2 2 2 2 2 2 2 2 2 2 2 2 2 2 2 2 2 2 2 2 2 2 2 2 2 2 2 2 2 2 2
left_child=1 6 10 7 5 -2 -1 8 -4 -5 13 -12 14 -3 16 58 17 18 -13 -17 21 24 -23 -24 30 26 27 -22 29 -28 34 57 41 -34 -6 -30 -37 -21 -35 -40 -41 42 -29 -44 53 46 47 48 -46 50 51 52 -48 54 55 -14 -57 -25 59 -9 -42 -27
right_child=4 2 3 9 20 -7 -8 15 -10 -11 11 12 44 -15 -16 19 -18 -19 -20 37 25 22 23 31 -26 61 28 32 35 -31 -32 -33 33 38 -36 36 -38 -39 39 40 60 -43 43 -45 45 -47 49 -49 -50 -51 -52 -53 -54 -55 -56 56 -58 -59 -60 -61 -62 -63
leaf_value=-0.073367140212398999 -0.0521031064661222 0.0053477724725644162 0.048869945156975271 -0.072924031884435178 -0.09071498071263781 0.11135901725432731 0.27862764191195555 0.012112840845917253 0.41358004471692489 -0.02688590554643823 0.24455593765179839 1.7569685132043713 -0.053240346287594997 -0.049926160618224039 0.56574321445549292 0.13311596108200754 0.042245755169254717 0.21526273011046518 -0.080135571508680323 -0.047006405464818053 -0.078448743181167194 -0.066355197264204829 0.15523183264488677 0.010951682820302842 0.11981629533816149 0.097080160436276736 0.04633292322537181 0.018995377185028122 0.098392511436204921 -0.067706223423587286 0.076582146439025361 -0.047830208168418105 -0.10210658269879871 -0.046386141224847473 0.11524654376314414 -0.070941968932073593 0.10633045170885709 0.084674091518510006 -0.074850435264494655 0.053862653798836473 0.057637870056493262 0.041128392151860566 -0.080253374654326012 1.1419530429521381 -0.084791930770289889 0.0036492980384212038 0.14585473199102233 0.33794355438251006 0.21994249786540956 -0.070454099798999761 0.12566815489436917 0.14602870160265391 -0.022146436364970649 -0.10511262492471656 0.26169630650085318 -0.075811412939556913 0.097099368716818027 -0.019476478665314313 0.02800881084432728 0.3128494173672059 -0.049649105401381996 -0.00048187152811963389
leaf_weight=38.816277023535804 1.7058086388715299 90.217387965589296 0.37964546290459367 12.352380928728961 2.4002261075074771 4.4360498462338001 0.18880125368013878 1.3765128648956326 0.28070657828357071 54.219471190648619 0.7130443409550925 0.030445592914474018 4.1861759897728898 8.9713578656665032 0.1290604532114229 0.79224777594208617 0.82720381583203562 0.26509457582142204 0.027399758924730122 7.4253380006412026 5.5994874377793158 17.446387565491023 0.9951316243968894 39.08098050839908 2.9161190759477904 1.6121572901320167 5.7904878515837499 0.25933422484376834 9.9276082781434507 2.7001887024380267 2.258181995144696 11.961077997795654 2.5015040457947206 4.585825575093625 0.54581030922417983 2.1835794182261443 2.3768288029823452 1.1875989986583588 2.0457303524017361 12.219445110298695 2.1666340259835115 10.919177254225358 0.07077892601955682 0.090882767311995849 0.6708610863424862 15.087760808877645 0.71729959174990465 0.81756319990381587 0.4653037975076586 1.3985245523508627 3.2669280786067247 1.1469146758317945 4.6370599472429603 1.7854792954167349 0.33907808980438847 0.81065809144638512 2.1681840543169528 32.450387997669168 7.7597384748514742 0.83369297138415266 4.0483926124870777 1707.911218904519
leaf_count=178692 4293 8438 85 8428 2932 135 25 52 12 5114 17 9 740 2470 37 17 98 50 31 81 25629 7434 105 3527 250 768 1615 74 659 314 220 1737 59 498 80 59 99 139 16 156 51 352 142 11 42 201 11 37 18 72 64 21 147 35 14 14 63 5286 208 25 41 146590
internal_value=-0.00185214 -0.0134569 -0.00337931 -0.0216155 -0.000232113 0.0659599 -0.0716633 0.0242801 0.203903 -0.0354283 0.00800951 0.0272522 0.0232564 0.000348392 0.169107 0.0181581 0.124599 0.335546 0.886783 -0.0152064 -0.000447549 -0.0128282 -0.0174554 -0.00735779 0.0452569 0.000319213 0.0182813 0.00165446 0.0504857 0.0100664 0.00347847 -0.00929566 0.0131827 -0.00142232 -0.0525566 0.0741733 0.0214502 -0.0288496 0.00862563 0.0209436 0.0315742 0.0486869 0.244729 0.606845 0.0182808 0.0304249 0.0612154 0.164683 0.0400087 0.0431126 0.0593721 0.0260579 0.000359929 -0.0185953 0.00199014 -0.0103002 0.0500437 -0.00285213 0.0496327 0.125551 -0.0122476 -0.000389866
internal_weight=2157.5 264.291 225.286 86.6073 1893.21 6.14186 39.0051 20.0355 0.660352 66.5719 138.679 39.49 38.777 99.1887 1.2792 19.3751 1.15014 0.32294 0.0578454 9.40518 1887.06 110.054 101.934 84.4876 8.12034 1777.01 67.4859 44.5072 22.9787 8.49068 5.20422 83.4924 38.9077 27.5675 2.94604 14.488 4.56041 8.61294 25.066 20.4802 18.4345 11.3402 0.420996 0.161662 37.4978 28.2082 13.1205 1.95373 1.13616 11.1667 9.7682 6.50127 5.35436 9.28958 7.5041 7.16502 2.97884 71.5314 9.96994 2.21021 6.21503 1709.52
internal_count=408639 205507 26790 14161 203132 4428 178717 619 97 13542 12629 1721 1704 10908 225 522 188 90 40 237 198704 21571 18089 10655 3482 177133 29775 27029 2746 1929 3232 10550 1400 821 3012 817 158 220 762 264 248 579 227 153 1479 613 412 97 60 315 243 179 158 866 831 817 77 8813 285 77 92 147358
is_linear=0
shrinkage=0.08


Tree=78
num_leaves=63
num_cat=0
split_feature=3 5 0 6 5 2 17 18 20 1 3 3 3 13 18 1 3 18 17 20 17 2 15 18 2 0 3 17 5 0 13 0 17 0 20 5 8 5 20 3 13 18 3 17 20 9 6 0 18 5 13 0 2 2 17 13 5 17 3 20 17 6
split_gain=5.76109 21.2284 6.99871 4.7521 4.59606 4.27903 4.59536 4.05533 4.98591 3.81957 5.87561 4.22278 3.50321 3.07742 5.00082 4.5705 4.20267 4.81303 4.159 3.77095 3.64002 3.4614 3.38375 3.29319 3.52696 5.15452 4.26082 4.13673 3.89188 4.02308 4.19369 3.2609 3.63814 5.68189 12.2211 3.13237 3.02796 3.1931 5.47108 3.02247 2.90552 4.10358 3.83044 5.75633 2.88499 2.81782 2.83603 6.92809 4.26159 5.41852 5.22541 4.26518 4.33843 5.12486 13.5237 4.69651 3.27754 6.54368 3.10363 2.70276 2.64468 2.9868
threshold=78.629976580796267 63.427747180697615 8.5000000000000018 0.85124359300829899 99.779735682819393 0.92225829725829744 0.62622549019607854 0.62272426348891108 17.183901652858363 0.48435972629521024 66.360856269113157 74.352159468438558 63.564213564213567 0.54858934169279006 0.97073101085094249 0.24190177638453506 16.807909604519782 0.98963702749140914 0.76043478260869579 1.0000000180025095e-35 0.6478537360890303 0.91513878278584171 1.0000000180025095e-35 0.78601953601953611 0.82501879699248137 7.5000000000000009 58.643678160919542 0.86425061425061445 75.419203747072615 12.500000000000002 0.84962406015037606 11.500000000000002 0.73746867167919816 20.500000000000004 64.820653785000147 82.785560344827601 1.0000000180025095e-35 77.345911949685544 -15.34007106462858 41.712454212454219 0.90454545454545465 0.98297841518180518 37.248718959400875 0.3551971326164875 30.253854280366298 1.0000000180025095e-35 0.78182490796207949 20.500000000000004 0.96566460359563822 71.460892049127366 0.10668563300142249 12.500000000000002 0.51165187858736261 0.48053780381366595 0.42997198879551829 0.16333333333333336 63.952484547118345 0.54201977401129953 26.365441906653427 15.714285714285714 0.49561403508771934 0.71824290849395289
decision_type=2 2 2 2 2 2 2 2 2 2 2 2 2 2 2 2 2 2 2 2 2 2 2 2 2 2 2 2 2 2 2 2 2 2 2 2 2 2 2 2 2 2 2 2 2 2 2 2 2 2 2 2 2 2 2 2 2 2 2 2 2 2
left_child=1 2 3 -1 36 6 7 8 -3 10 12 -11 40 14 19 18 -16 31 -15 -8 -19 23 -21 -17 26 -26 28 -28 44 30 -30 -18 33 39 -35 -27 -2 -38 -39 -33 42 -42 45 -44 -25 46 47 48 49 56 -51 58 53 55 -55 -53 57 -9 -52 -23 -57 -62
right_child=4 5 -4 -5 -6 -7 13 9 -10 11 -12 -13 -14 15 16 21 17 20 -20 22 -22 59 -24 24 25 35 27 -29 29 -31 -32 32 -34 34 -36 -37 37 38 -40 -41 41 -43 43 -45 -46 -47 -48 -49 -50 50 51 52 -54 54 -56 60 -58 -59 -60 -61 61 -63
leaf_value=-0.012689352311231717 0.0006680390751443952 0.52625116767808877 -0.058427695632018023 0.1829620518819487 0.057500771150214222 0.051655349282688667 0.30779571796307786 -0.080082701787713845 0.081996261283807159 0.073581681249887482 -0.058752604855778781 -0.046200036902607197 0.13692761302104842 -0.0033390552416371439 0.16772049090212449 0.028543686143506278 0.13588195472259057 0.10075601148769875 0.26750240669163794 -0.036618637624547305 -0.032941775799884353 -0.017989108989475758 0.14682107470868741 -0.015268507505110072 0.0053664066423320545 -0.059699360273011169 0.024635476193988346 0.13655954940361076 -0.10771795077503869 0.028385422208415556 -0.012003184500106226 -0.041221544950572404 -0.059242599669315582 0.11147638077079515 1.2079125107919262 -0.018293529828445097 -0.079182173460708022 0.1077182407968961 -0.027103687413176362 0.1619270006939425 -0.054613958624746335 0.066414508995186194 0.15071953812911548 0.022915844261553953 0.19741874149769142 -0.046883165446246683 -0.0024652447172424938 -0.023897944371940101 0.0041224033176838091 -0.080654393363739613 0.21295052219444624 0.42849639263993333 0.072214515748741145 1.2919133644519709 0.1022639767034759 0.00055543207267133435 -0.081480688237071983 2.1915984976775311 0.56291562004944606 -0.15166125225987842 0.049759791271390193 0.48855408275322376
leaf_weight=19.63410643632233 1616.7756679530212 0.17841553618200023 64.924148045007314 0.82801683568686613 9.02155919279903 9.3771434457739797 0.20636235468555142 0.023758797833577705 1.7237965472013455 9.5016462599160132 9.3470892941113544 2.349384816014207 1.311489576823077 0.69548221863806137 1.0242299419478538 19.009967865655199 2.3196698174870134 1.4277876483392926 0.75870487724023405 62.819882334122667 14.944542341865597 2.1240633167326446 0.65022432059049506 0.67006804209086368 43.062542123021558 17.41295115579851 7.0359822994796541 3.0208282135426998 3.8918508831411609 10.436640684027223 11.850001231767237 1.2525437481235719 2.0492430584854446 0.26042685285210598 0.086728387512266636 35.597536720335484 5.8507647520018535 2.1778901442885426 16.677608616184443 0.74901171826058988 9.691273993928915 2.1999558279640032 2.4291432684694874 31.548789610591484 1.0443070506444199 7.3692692033800986 66.530852872543619 7.0064415125816586 2.9175343804963632 0.52766960958251719 0.35141010733786959 0.38064215460326556 1.9797526986803857 0.10181398328859348 0.15314147458411753 0.64747256191913016 0.91420952028420288 0.012325338713708334 0.30118150054477155 1.7787538226693866 0.20457027258817106 0.19289552350528538
leaf_count=20429 111581 6 246745 34 1690 577 24 40 266 187 146 31 25 16 43 283 91 74 38 12015 1075 28 11 38 513 269 104 48 41 141 111 153 539 72 9 378 416 46 231 20 113 36 55 1269 30 2016 3458 1664 231 139 18 25 178 12 40 48 619 20 23 17 17 27
internal_value=-0.00172423 -0.00923953 -0.0455696 -0.00477216 0.000556263 -0.00177277 -0.00300654 0.00755321 0.123665 0.00615526 0.00261311 0.0498358 0.00680616 -0.00986518 -0.0218794 -0.00320605 0.00914759 0.00211358 0.137969 -0.0336293 -0.0212823 -0.0045142 -0.0347394 -0.00261683 -0.00703668 -0.0151932 0.0136123 0.0582548 -0.00248367 -0.0101309 -0.0356667 0.0591346 0.0186547 0.0866199 0.385395 -0.0318946 0.000243297 -0.0275518 -0.0115312 0.0347997 0.00554658 -0.0322229 0.00918049 0.0320528 0.114289 0.000508358 0.00475467 0.0353212 0.0829667 0.12269 0.156978 0.186052 0.152459 0.246992 0.577339 0.187911 -0.0519638 0.69586 0.374465 -0.0789117 0.100273 0.262713
internal_weight=2151.34 500.84 85.3863 20.4621 1650.5 415.453 406.076 159.896 1.90221 157.994 146.143 11.851 136.796 246.18 87.7907 158.39 24.1142 23.09 1.45419 63.6765 16.3723 156.935 63.4701 153.033 134.023 96.073 37.9497 10.0568 27.8929 26.1785 15.7419 6.71762 4.39795 2.34871 0.347155 53.0105 1641.48 24.7063 18.8555 2.00156 135.484 11.8912 123.593 33.9779 1.71438 89.6149 82.2457 15.7148 8.70838 5.79084 4.84055 4.31288 3.66029 1.68054 0.254955 1.42558 0.950294 0.0360841 0.652592 3.90282 1.04494 0.397466
internal_count=408639 294675 267208 20463 113964 27467 26890 10709 272 10437 10219 218 10073 16181 14126 2055 2076 2033 54 12050 1149 2001 12026 1956 1673 1160 513 152 361 293 152 884 793 254 81 647 112274 693 277 173 10048 149 9899 1324 68 8575 6559 3101 1437 1206 527 388 347 169 52 117 679 60 41 45 92 44
is_linear=0
shrinkage=0.08


Tree=79
num_leaves=63
num_cat=0
split_feature=13 4 18 18 4 4 18 18 17 20 13 3 5 1 0 2 17 6 17 13 5 12 4 8 4 1 7 13 20 3 0 1 4 18 5 0 0 4 3 12 3 6 6 0 5 4 3 1 18 18 0 17 18 5 0 13 13 4 1 5 5 3
split_gain=5.16677 15.3648 4.21265 8.14623 5.17656 4.58458 4.19245 3.56094 3.47146 3.33851 3.71289 2.89105 3.72168 3.5086 4.68037 3.19923 5.39821 3.59653 3.2331 3.08498 3.51796 2.85534 11.7096 2.97622 2.83234 2.75092 2.72671 5.57454 2.68822 2.66789 5.40757 2.89444 3.50609 2.66035 2.57438 2.55725 2.45337 2.40325 2.37561 2.34331 2.59189 6.42437 3.40584 2.29398 2.17996 2.48192 2.16561 2.16499 2.14198 4.37837 3.21468 3.65965 4.15521 2.11299 2.02816 2.01704 2.90094 4.54519 3.47442 2.38926 6.36819 2.11078
threshold=0.31009615384615391 68.244631185807677 0.97883538633818601 0.99683544303797478 98.192705498094739 95.782060785767243 0.98601330203442894 0.98675438596491238 0.36996779388083739 -16.666666666666664 0.14039408866995082 23.13266443701227 96.881944444444457 0.084219858156028407 12.500000000000002 0.71317913730194438 0.72046511627906984 0.9094745137304755 0.53923076923076929 0.17914438502673799 90.636241007194258 1.0000000180025095e-35 45.657137184832244 1.0000000180025095e-35 99.779735682819407 0.61620294599018022 1.0000000180025095e-35 0.95974235104669903 -2.7777777777777746 70.678733031674227 18.500000000000004 0.27326839826839833 90.957190957190974 0.68239268680445164 71.460892049127366 9.5000000000000018 19.500000000000004 98.192705498094739 95.74275362318842 1.0000000180025095e-35 22.378716744913934 0.93001476943009209 0.65180451558682939 13.500000000000002 39.588620981387486 66.288924558587482 31.85111989459816 0.35339366515837106 0.90254694582344064 0.95153460695270919 12.500000000000002 0.42462121212121218 0.93533452807646367 51.867348520068198 30.500000000000004 0.10668563300142249 0.15587044534412961 91.686991869918714 0.053342816500711272 71.460892049127366 76.409794360822573 14.724480578139117
decision_type=2 2 2 2 2 2 2 2 2 2 2 2 2 2 2 2 2 2 2 2 2 2 2 2 2 2 2 2 2 2 2 2 2 2 2 2 2 2 2 2 2 2 2 2 2 2 2 2 2 2 2 2 2 2 2 2 2 2 2 2 2 2
left_child=1 38 9 4 6 -5 8 -8 -4 10 -3 12 39 14 19 18 17 -17 29 20 46 23 -23 26 -24 -10 -2 -28 -7 30 35 -32 -33 -18 -25 -15 -26 -30 -1 40 55 42 -42 -9 -40 -46 -13 -35 -37 50 -50 52 -52 -29 -39 -11 57 58 -57 -60 -61 -62
right_child=21 2 3 5 -6 28 7 43 25 11 -12 13 -14 15 -16 16 33 -19 -20 -21 -22 22 24 34 36 -27 27 53 37 -31 31 32 -34 47 -36 48 -38 54 44 -41 41 -43 -44 -45 45 -47 -48 -49 49 -51 51 -53 -54 -55 -56 56 -58 -59 59 60 61 -63
leaf_value=-0.073859489787762383 0.0013320479588297884 -0.024893729648425005 0.34356237403376866 -0.049286866167820645 0.2752514069191343 0.096963141784844956 0.42028032302529672 0.1989390715049833 -0.03204048106338736 -0.032180409698439369 0.10961285551749056 -0.080860557426169516 -0.090816374741807773 0.21323806455132741 -0.016461106880322228 0.02232233783407386 0.078883845953012982 0.14895848857147972 -0.047638830387064228 0.064752104052983872 0.65846707797522774 -0.073357380590427484 -0.0042780843742428656 -0.090437670603500692 0.081307800706401409 0.16277729778459235 -0.013753803612234446 0.30817874905398962 -0.033582125095349441 -0.080848047682266749 -0.045958174192089356 -0.084372410948038448 0.24787614013023881 0.075316467877839882 -0.015811652849414763 0.0036680206240452622 -0.10104195737907977 0.024441542077313513 -0.083320767968191808 -0.051294645927411731 0.42810825821409182 0.36235002341666883 -0.047872051294504961 0.039223403904828515 0.13682116534519259 -0.095295317942977034 0.33206224618902908 -0.039339574914551159 0.41050213383233181 -0.082448007542248389 0.36687689456868133 -0.03960883955200039 0.061339742109171876 0.068689423923333534 -0.086365544981766199 -0.051920416870498379 0.0065439263048796817 -0.009532070069194128 -0.0089459467387271435 0.45624455787195745 0.23756725794726333 0.062701752595508822
leaf_weight=27.120237611132328 1487.2896642868 2.3807816589251152 0.19513810437638257 9.0223633465066069 0.87623290461488057 2.3670576009899369 0.27243025490315664 1.0882191191194581 3.0902613411017232 3.9414437338127888 2.9296447192318738 0.11826727655716174 2.226591035258024 0.60397032974288478 1.7218632636649998 5.0620180591940906 1.4985217349603797 2.0033700792118907 41.822793426108547 0.5630006535211578 0.15215851599350572 16.003568364467355 388.66012332936225 3.4018100936373257 3.9616101866122326 0.54580373875796784 8.7224423551524524 0.24192575392953664 6.8212983892299226 2.8576366070192298 9.8512224472942727 0.34906251291977319 0.48668656032532454 1.1250347304157937 22.702692364342511 3.9447753018466756 0.53610830940306176 24.978685834445063 0.98323826254636459 2.8045027231273698 0.10878803199739084 0.49855563812889159 0.83222343103261665 1.2216401095211038 1.0392252693272892 0.41158097470179189 0.25996850512456149 16.693949864013121 0.27086226397659707 0.66511738201370452 0.52097900537773945 0.63392925431253377 0.62856409203959629 9.2795787033683137 1.1038941740989674 0.50953913122066241 10.079110278544247 2.1978207773063332 0.38443810469470951 0.50955129286740009 0.76176531496457744 1.0517623471096156
leaf_count=136887 153778 26 19 966 30 64 41 40 293 945 61 53 24 15 713 77 29 39 10274 73 9 71110 18803 1085 182 12 3496 20 193 46 2427 48 12 32 364 527 24 865 636 760 41 24 236 115 176 6 36 236 17 90 36 87 19 1120 46 26 916 43 144 53 20 54
internal_value=-0.00161476 -0.0137197 -0.00469181 0.0144989 0.092865 0.00160157 0.0679468 0.146732 0.0148447 -0.0127366 0.0493106 -0.0155352 0.00806724 -0.0221933 0.0657366 -0.0249742 -0.00160616 0.0582296 -0.0348171 0.195181 0.333627 -0.00034122 -0.00627811 0.00124476 -0.00354763 -0.00279671 0.00170912 0.032449 0.0146189 -0.00905207 0.00237455 -0.0338316 0.109108 -0.0234911 -0.0255365 0.0556112 0.0595725 0.00869519 -0.0670646 0.0173653 0.0265896 0.130167 0.00715487 0.114469 0.00864491 0.0709718 0.202949 -0.0321006 0.0413256 0.0959509 0.15371 0.11471 0.199811 0.0747745 0.0197518 0.0189177 0.0319163 0.0791437 0.139725 0.175792 0.206363 0.136153
internal_weight=2144.99 204.188 174.633 51.583 7.28973 44.2933 6.41349 2.58229 3.8312 123.05 5.31043 117.74 25.9061 91.8338 2.81526 89.0185 26.3829 7.06539 62.6356 1.09339 0.530394 1940.8 409.161 1531.64 393.158 3.63607 1505.53 18.2439 35.2709 20.8128 17.9552 10.687 0.835749 19.3175 26.1045 7.2682 4.49772 32.9039 29.5543 23.6795 20.875 1.43957 0.941011 2.30986 2.43404 1.45081 0.378236 17.819 6.66423 2.71945 2.05433 1.78347 1.14954 9.5215 26.0826 19.4354 15.494 5.41488 3.21706 2.70752 2.32308 1.81353
internal_count=408639 158657 20952 2684 550 2134 520 196 324 18268 87 18181 3286 14895 884 14011 413 116 13598 171 98 249982 90119 159863 19009 305 158414 4636 1168 3324 3278 2487 60 297 1449 791 206 1104 137705 3262 2502 301 277 155 818 182 89 268 776 249 159 142 55 1140 911 2201 1256 340 297 271 127 74
is_linear=0
shrinkage=0.08


Tree=80
num_leaves=63
num_cat=0
split_feature=0 5 1 9 4 3 4 6 13 3 6 18 6 6 4 4 4 13 13 7 18 4 3 6 5 1 18 17 18 6 0 4 17 17 18 13 17 7 1 3 6 3 4 4 5 0 13 13 4 3 3 4 6 5 17 6 0 17 17 18 18 4
split_gain=5.87725 10.9245 4.84876 3.02044 9.13651 3.6441 4.40734 5.39351 4.27863 4.55086 9.94973 7.28393 20.822 15.9403 4.71754 3.48705 2.54724 2.46693 2.75495 4.23357 4.74131 7.3443 2.38361 3.38452 3.21901 2.98525 3.80084 2.75258 2.65963 3.89975 2.3865 2.32477 2.25923 3.08245 2.31363 2.5748 2.18236 3.5857 2.87702 6.72599 4.77191 8.87267 9.37954 6.108 5.13821 8.08037 4.35667 3.75911 3.26959 3.10754 3.42812 2.86105 2.74998 3.80912 4.1987 5.03075 6.75657 2.85081 3.66416 2.73866 2.7158 3.07712
threshold=17.500000000000004 60.499014420583059 0.57979626485568769 1.0000000180025095e-35 45.657137184832244 48.331479421579537 96.884704968944121 0.9094745137304755 0.93541666666666667 51.899951899951908 0.68264547485561999 0.54634402443680796 0.65021674739083546 0.6287515256498396 76.011695906432763 99.779735682819407 99.779735682819407 0.10668563300142249 0.14550264550264555 1.0000000180025095e-35 0.9233705226071639 83.587919776119421 68.801229508196727 0.64574949100246282 59.656494176618025 0.39791666666666675 0.87082869855394895 0.89699381078691431 0.36139516047382814 0.56332772566782585 11.500000000000002 96.884704968944121 0.56711711711711721 0.45199692780337947 0.77820186598812569 0.14039408866995082 0.33578431372549028 1.0000000180025095e-35 0.23013871374527115 44.536271808999089 0.85725316196149548 43.534002229654412 90.397787144362511 86.027512464708366 81.900656814449931 19.500000000000004 0.95974235104669903 0.56330128205128216 88.944444444444457 76.5331664580726 27.95348837209303 91.686991869918714 0.85725316196149548 88.318280704067519 0.52440476190476204 0.94091693330823767 18.500000000000004 0.38956639566395673 0.36055555555555557 0.84584115071919963 0.99683544303797478 91.686991869918714
decision_type=2 2 2 2 2 2 2 2 2 2 2 2 2 2 2 2 2 2 2 2 2 2 2 2 2 2 2 2 2 2 2 2 2 2 2 2 2 2 2 2 2 2 2 2 2 2 2 2 2 2 2 2 2 2 2 2 2 2 2 2 2 2
left_child=3 2 16 17 -5 6 -6 -8 9 10 11 -7 13 -13 -14 22 -2 -1 19 32 21 -21 31 24 28 26 30 -26 29 -24 -25 -10 33 34 35 -19 37 -3 47 40 41 43 -43 46 45 -45 -40 49 -47 50 52 -49 -38 54 55 56 -54 58 -55 -46 61 -61
right_child=1 36 -4 4 5 8 7 -9 15 -11 -12 12 14 -15 -16 -17 -18 18 -20 20 -22 -23 23 25 27 -27 -28 -29 -30 -31 -32 -33 -34 -35 -36 -37 38 -39 39 -41 -42 42 -44 44 59 48 -48 51 -50 -51 -52 -53 53 57 -56 -57 -58 -59 -60 60 -62 -63
leaf_value=-0.021531656372008975 -0.067745336947905438 0.0062857433707661781 0.51324305296615802 -0.068570715874740382 -0.061075615106238712 0.085764802874149365 0.3406142353663274 -0.008304511298674851 -0.050807920404760697 0.025251162538767406 0.056784844861293142 -0.080057793220137619 -0.081625747189577741 4.3082245813888482 1.0813416733833829 0.081888020173542436 0.26644903746051513 0.59191559808493599 0.0021797702691468898 -0.08023238754719561 0.08766875406136404 1.388058269369052 -0.012076480144874009 -0.086190262300849876 0.028149711717919492 -0.0063495495903027922 0.16451998155866362 0.16426639502022444 -0.01285150545944431 0.12001742069592541 0.090310252394602483 0.10488578995892711 0.013193497713469074 0.16943426313270329 -0.046991058217591551 -0.082215979925782431 -0.052970974583434048 0.12744599957444008 -0.03579986066549655 -0.018256544002164216 0.0058334435318599933 0.15692373689160352 1.2774958641563292 -0.0092839247272321276 -0.048064953710167266 0.32129327043429634 0.52415740620174933 0.010889875117653413 0.7286969005519055 0.10337478230273153 -0.060892853228606499 0.20093375421698614 0.42076563474875139 -0.054407879333746328 -0.055213473488528689 0.38703007786858779 0.027894934334967664 -0.052107809678709475 0.1787608118885872 0.028469526666448797 -0.032575229891192312 0.22766076059048346
leaf_weight=27.923115391735337 25.206630537162717 26.133043732741502 0.09288843114336387 14.26416586905543 11.675201802601801 0.069434759876460528 0.39227804727852422 1.0227855830453334 10.311224726494398 21.736964641269878 0.55097252398263663 0.0073256388277513898 0.04177820471522864 0.019137276540277526 0.047938331961631775 2.9936361382715395 0.14681615249719371 0.081841311504828207 1531.1781032352228 0.03532420996634833 0.14027079202060122 0.056956961750984192 2.7784649297245805 1.0609752612654113 1.9395178828854105 325.34838738570397 1.4943192704959072 1.8652011025696993 9.6821888229314919 2.9480827408842742 0.91149387265613757 0.65263549610972482 7.6445718091708841 1.6002817834378218 0.98788495229382534 0.065106727430247702 6.5328491839463849 1.6627322696294857 2.6966274814622042 41.620555485103978 10.526030810127848 0.11591862178465806 0.081359258852899075 0.30529221310280252 0.70797171373851631 0.26963635615538806 0.091957541939336696 1.6538443935860407 0.23678755073342472 1.019804163428488 19.794767211758881 0.73110990412533272 0.32716739506577086 0.83137884549796559 1.0872118218976536 0.41554570687003423 1.9499246942723401 5.1785844407277182 0.89640629990026355 0.72106868331320662 0.54736416391096998 1.5926279728300867
leaf_count=15096 124643 1821 39 65975 11635 10 31 51 1929 984 70 32 55 29 2 141 9 27 157974 144 62 3 54 13 29 5418 44 28 1966 42 38 9 2473 269 101 31 3301 71 1714 1197 724 52 4 29 31 34 5 50 17 34 8990 14 39 22 391 23 298 312 22 56 21 47
internal_value=-0.000732382 -0.0158303 -0.0636963 0.000434699 -0.00566326 -0.00340613 -0.0449149 0.0884213 -0.00199282 0.0318781 0.227442 0.734016 1.12144 3.09343 0.539784 -0.00409566 -0.0658101 0.0020345 0.0024613 0.0430816 0.380658 0.826013 -0.00481268 -0.00365566 0.0289809 -0.0055627 0.0682813 0.0948787 0.0127094 0.0559268 -0.00462795 -0.0415401 0.0355184 0.0979159 -0.00293561 0.293235 -0.00629423 0.0135335 -0.0118093 -0.000622787 0.0403956 0.0897808 0.619058 0.0752167 0.134131 0.315805 -0.0173345 -0.0282805 0.511782 -0.0343899 -0.0381855 0.069148 -0.0120816 0.0129155 0.0774776 0.131055 0.0843417 -0.0224193 0.0665643 0.0928118 0.127672 0.165582
internal_weight=2134.7 153.174 25.4463 1981.53 411.814 397.55 13.0903 1.41506 384.46 22.4736 0.736587 0.185614 0.116179 0.0264629 0.0897165 361.986 25.3534 1569.71 1541.79 10.6122 0.232552 0.0922812 358.992 348.029 19.2135 328.815 3.46679 3.80472 15.4087 5.72655 1.97247 10.9639 10.3797 2.73511 1.13483 0.146948 127.728 27.7958 99.9318 59.5132 17.8926 7.36661 0.197278 7.16933 4.38075 0.811716 2.78859 40.4186 0.506424 38.0336 37.0138 2.38495 17.2191 10.6862 3.77985 2.69264 2.27709 6.90637 1.72779 3.56903 2.86106 2.3137
internal_count=408775 144010 124691 264765 88585 22610 11717 82 10893 1182 198 128 118 61 57 9711 124652 176180 161084 3110 209 147 9570 7632 2119 5513 95 57 2062 96 51 1938 2901 428 159 58 19319 1892 17427 3931 2734 2010 56 1954 235 80 1719 13496 51 13432 13398 64 4408 1107 751 360 337 356 44 155 124 103
is_linear=0
shrinkage=0.08


Tree=81
num_leaves=63
num_cat=0
split_feature=13 4 9 4 1 18 4 6 4 18 3 18 6 20 6 6 20 15 3 20 1 1 4 20 4 18 6 4 20 4 4 17 20 18 4 3 17 6 18 20 20 20 13 10 17 18 18 3 13 13 13 1 18 3 1 20 17 13 4 6 6 4
split_gain=4.90909 8.89015 3.44812 9.4951 2.73172 2.43624 3.89538 3.56937 4.62315 10.3383 4.94982 3.24207 7.71313 7.98027 4.75346 5.04595 10.0251 4.6785 4.05973 7.31485 5.09136 4.08935 3.77087 3.16778 3.31927 3.281 3.81028 5.45514 7.92357 3.49095 3.42837 3.01103 2.96784 2.84167 6.27406 2.84018 3.98736 2.81514 3.46619 6.98023 2.82742 6.77118 3.81668 3.37472 3.10444 3.1364 2.75116 7.04333 20.4831 19.7885 15.131 3.60512 3.07854 2.73776 4.07251 3.17877 3.308 3.9492 2.51568 3.50469 3.32444 2.49132
threshold=0.20871143375680581 68.244631185807677 1.0000000180025095e-35 52.062900218853862 0.26747967479674806 0.92888748419721889 48.989795918367356 0.97104218880534676 95.258532597588399 0.91188235294117659 63.702239789196319 0.96566460359563822 0.97104218880534676 -1.5384615384615363 0.98186147186147199 0.96187226822121419 -3.8950611812916089 1.0000000180025095e-35 92.907444668008068 8.7044279785094059 0.89039039039039047 0.17274535809018574 94.759725400457668 -47.511875014069915 50.095057034220538 0.97714211076280055 0.95203030303030312 95.258532597588399 -11.240969450729027 96.394209933258239 89.784322820037133 0.98888888888888904 -2.7777777777777746 0.91388579903596601 96.884704968944121 24.068965517241384 0.58257575757575764 0.87241706506222649 0.95020661157024799 -8.7287157287157218 -10.75676859923435 -12.675537380510034 0.88194444444444453 1.0000000180025095e-35 0.32630878438331862 0.94756480754124117 0.97379862700228847 30.877573131094262 0.27149877149877155 0.23303167420814483 0.24621212121212124 0.63211600429645554 0.97073101085094249 58.643678160919542 0.48435972629521024 39.527551732155317 0.77459677419354855 0.49242424242424249 84.384031791907532 0.80953199448034274 0.75592784261388923 95.258532597588399
decision_type=2 2 2 2 2 2 2 2 2 2 2 2 2 2 2 2 2 2 2 2 2 2 2 2 2 2 2 2 2 2 2 2 2 2 2 2 2 2 2 2 2 2 2 2 2 2 2 2 2 2 2 2 2 2 2 2 2 2 2 2 2 2
left_child=1 -1 5 -4 -5 7 -7 33 9 10 -9 14 23 22 15 37 -17 -16 19 20 -15 35 -14 24 -13 30 29 28 -28 -27 46 -18 -29 -2 53 -21 -37 58 40 -40 41 43 44 -39 -42 -46 51 48 49 -48 -51 -25 -53 55 -55 -35 -57 -58 59 60 -8 -44
right_child=2 -3 3 4 -6 6 11 8 -10 -11 -12 12 13 18 17 16 31 -19 -20 21 -22 -23 -24 25 -26 26 27 32 -30 -31 -32 -33 -34 34 -36 36 -38 38 39 -41 42 -43 61 -45 45 -47 47 -49 -50 50 -52 52 -54 54 -56 56 57 -59 -60 -61 -62 -63
leaf_value=-0.070595211653416395 0.0021864182089220969 -0.0076641886649025928 -0.060316237416600277 -0.043417545538367332 -0.0024657488992513112 -0.080026204723549446 -0.031568270468300554 -0.08734908042359911 0.058611175423367079 -0.16312093238585879 0.069320889796427421 0.56315517762107481 0.054108494933503115 -0.065249360746764212 -0.03457490050275086 -0.13347264062077299 -0.02393027600068098 0.077910710483888895 0.039562575763896837 0.0018055654115169536 -0.32955712308036406 -0.021688317610822187 -0.073728240558773209 -0.013886790844516364 0.08304016575766919 -0.0078180143015930421 -0.11552650798169517 0.069267361055266555 0.091356480943898075 0.024524609662543058 0.0070326679122655437 0.097603990711652377 -0.052529663715756944 -0.080643274551579852 -0.072543972408141436 0.16199710385112875 -0.0084950480703169119 -0.032630192308572288 0.045776774751608712 -0.060551781166588436 0.21049433783153981 -0.092196134488582354 0.037978729567502971 0.10050315781517048 -0.04500702258995682 0.14672123276864366 0.66325199902609189 0.073397426517505193 -0.032052535798130097 1.9870102701280781 6.2395814462069588 0.073034231139228661 0.0086790030662383024 0.10243124854930043 0.024564086946745292 -0.0056410084390855573 -0.0060480876338694601 0.36256256425442063 -0.0075757234160983653 -0.08049383419979389 0.037691171950124135 0.10983380072885397
leaf_weight=16.724909122298413 995.86938361229113 101.89572809883975 19.812089583028865 10.71369496288389 386.69520324123005 4.1374595347879213 28.55686143940693 1.66377031709999 16.677284077741206 2.2047965996898711 5.7544704561587423 0.13028994598425825 1.608564640861007 1.2388753856066603 3.497041895054279 6.360322096850723 6.1872329694451746 7.3194628842175007 11.10429412324447 5.0310806022025627 0.74809675896540273 29.045135108754039 18.023006237111986 8.2976863293224614 0.31488489307230338 108.05131885110313 1.3298446368426091 1.7255547372624276 10.864259812282398 26.6208007754758 37.683187154121697 1.6532788577023891 4.9632922830060116 3.2151575898897118 4.5341562591493121 2.2132772319018845 1.4551104626152662 2.0831819982267916 6.0936568095348802 11.239695203243171 0.36779346934054302 4.2253178101964277 15.203243520110847 2.9359055478125811 6.2032891477865633 0.59876588208135206 0.037427979237690034 6.9638861081548384 0.11664802012091968 0.013532350603782106 0.0088612910185474902 12.595592847268565 7.6445696757000396 4.6625011360592898 55.086590324601275 4.390092280038516 0.3750609900598646 0.36905723428935744 78.361526489956304 7.7382072467444223 5.2510831561448859 3.8752854324411592
leaf_count=91289 150378 13772 86749 8547 8258 20343 3832 35 720 22 224 39 36 38 81 66 120 348 1420 61 18 639 251 2525 45 4073 10 53 227 694 753 106 87 3430 74 40 65 32 137 254 13 55 326 118 256 23 29 483 128 9 42 250 132 810 3108 324 105 16 1181 972 318 186
internal_value=-0.000722124 -0.0165371 0.000210396 -0.00626442 -0.00356976 0.00190459 -0.00272391 0.00401725 0.0331328 -0.0110227 0.0341828 -0.00207854 0.00319401 -0.0199312 -0.0100194 -0.013003 -0.0588433 0.0415434 -0.00320118 -0.0151529 -0.164761 -0.00727714 -0.0632536 0.0103613 0.223556 0.00994308 0.003294 0.0369483 0.0687946 -0.00142481 0.0238605 0.00169688 -0.0211091 0.00330059 0.0185771 0.0408378 0.0943693 -0.00923432 0.00615255 -0.0231713 0.0204732 -0.0175744 0.0338732 0.0452459 -0.015889 -0.0281297 0.041634 0.0860456 0.585171 1.78872 3.66978 0.0305219 0.0487277 0.0246442 0.0306404 -0.0182657 0.0207965 0.17677 -0.0160131 -0.0319271 -0.0208108 0.0525741
internal_weight=2130.36 118.621 2011.74 417.221 397.409 1594.52 499.718 1094.8 26.3003 9.62304 7.41824 495.58 297.829 70.4674 197.751 186.935 14.2008 10.8165 50.8359 39.7316 1.98697 37.7446 19.6316 227.362 0.445175 226.916 153.555 18.883 12.1941 134.672 73.3614 7.84051 6.68885 1068.5 72.6326 8.69947 3.66839 172.734 52.8261 17.3334 35.4928 9.24441 26.2484 5.01909 7.16985 6.80206 35.6782 7.14036 0.17647 0.0598216 0.0223936 28.5378 20.2402 68.0985 59.7491 8.34937 5.13421 0.744118 119.908 41.5462 33.8079 19.0785
internal_count=408775 105061 303714 103554 16805 200160 40914 159246 1001 281 259 20571 12147 2568 8424 7995 292 429 2281 861 56 805 287 9579 84 9495 5144 377 237 4767 4351 226 140 158245 7867 166 105 7703 1400 391 1009 205 804 150 292 279 3598 691 208 80 51 2907 382 7793 3918 3875 445 121 6303 5122 4150 512
is_linear=0
shrinkage=0.08


Tree=82
num_leaves=63
num_cat=0
split_feature=3 20 9 4 7 20 2 18 6 18 4 5 5 4 6 6 18 4 6 5 18 4 18 5 1 15 5 2 20 20 18 5 18 20 4 18 15 5 18 6 18 6 5 18 5 6 1 1 5 6 5 6 5 18 4 5 20 18 20 4 18 2
split_gain=5.39878 16.2443 2.23335 9.06666 2.94296 5.19961 2.81926 2.43704 4.51729 8.44514 7.36235 5.78314 4.50306 11.3498 4.76895 3.52277 4.15967 3.44812 3.46824 5.33887 12.6081 11.3321 8.50777 7.48325 7.09622 6.69919 5.34539 5.05724 4.91492 4.25846 3.65951 6.15573 4.68025 4.4133 3.36074 6.85591 3.18505 3.18031 5.64879 4.64635 4.10563 7.00619 5.10674 6.5488 6.12371 6.30185 5.03441 4.38184 3.92751 3.88695 4.80342 3.67866 5.19022 7.56318 7.68037 4.24687 4.11963 3.63133 5.4215 4.67577 3.78566 3.75042
threshold=39.753086419753096 41.265954009821982 1.0000000180025095e-35 41.002092050209214 1.0000000180025095e-35 -2.1645021645021596 0.46454637410519767 0.92888748419721889 0.96187226822121419 0.89371116550555463 94.189797449362359 92.071349992142089 92.071349992142089 99.779735682819407 0.85124359300829899 0.723033549286349 0.88425402348847337 49.650281242357551 0.96187226822121419 93.528759082286413 0.97309362934362953 95.782060785767243 0.98418947631546072 99.779735682819393 0.82891986062717782 1.0000000180025095e-35 96.881944444444457 0.68888888888888899 7.7653596403596419 -3.3042687087724611 0.96566460359563822 93.528759082286413 0.97714211076280055 -5.4722050739336217 98.192705498094739 0.96313285762827061 1.0000000180025095e-35 82.785560344827601 0.78964130070398941 0.94091693330823767 0.89371116550555463 0.86408966659301212 89.099909990999109 0.84584115071919963 85.22532021243363 0.75592784261388923 0.5913729128014843 0.46770833333333339 83.589986575061218 0.80953199448034274 60.499014420583059 0.83491781930806341 85.973110345958375 0.74369569824115289 86.752489409693581 84.384031791907532 -13.15760031091378 0.85426779935275088 -15.34007106462858 93.629319886852798 0.87194394752534299 0.97342555994729929
decision_type=2 2 2 2 2 2 2 2 2 2 2 2 2 2 2 2 2 2 2 2 2 2 2 2 2 2 2 2 2 2 2 2 2 2 2 2 2 2 2 2 2 2 2 2 2 2 2 2 2 2 2 2 2 2 2 2 2 2 2 2 2 2
left_child=1 -1 4 -4 6 -6 -2 8 12 -10 11 -11 37 15 -15 -14 -17 -9 30 20 29 24 27 26 -21 28 -24 -23 -25 -20 31 -19 -32 -33 35 36 -29 49 39 51 41 42 43 44 45 48 -44 -45 -40 -8 -51 55 53 -53 -55 56 -39 61 -59 60 -60 -49
right_child=2 -3 3 -5 5 -7 7 17 9 10 -12 -13 13 14 -16 16 -18 18 19 21 -22 22 23 25 -26 -27 -28 34 -30 -31 32 33 -34 -35 -36 -37 -38 38 40 -41 -42 -43 46 47 -46 -47 -48 57 -50 50 -52 52 -54 54 -56 -57 -58 58 59 -61 -62 -63
leaf_value=-0.072633021885026294 0.089766656749729473 -0.0039694833853738806 -0.075131206895977895 -0.0028507753366456908 0.080104212757710999 -0.0060810843325732845 0.0010775087324825044 -0.080038942298105265 0.058373321614661806 0.028322549445747219 0.017306863219050769 -0.14830020918733108 0.13938079124339708 -0.067380269334213358 0.072847819653148224 0.086826572500009441 0.024678373658739931 -0.01579410864065868 -0.11227634864004042 -0.046344404542093327 0.077291576865183856 -0.059160723307542525 0.014503668434043961 0.08154650194385088 -0.17927349915222504 0.074367790346211007 -0.078642254636901984 -0.029280215541101957 -0.062857777557463551 0.038464163006576138 0.025069880779971614 0.080385676042426607 -0.00078230815261611842 0.0076688163692748461 0.095274396835020814 -0.057066546662234811 0.088852692206169412 0.067747246525685187 -0.18643172035815156 0.10143333722833968 0.0060133334556398653 -0.037332872682003332 -0.02845075762908671 0.062442281839009607 0.040700716013479722 0.030188826381497075 0.046874905816576579 -0.034859416887081419 -0.047616247543381562 0.081851349802656959 0.012983360947897401 0.06111468046352269 0.066763634672884778 0.017889249425695104 -0.16985638996320759 0.084558237492201815 -0.057984300719505499 0.080557743665019721 -0.015528683998054103 0.067896519479432801 -0.085557025325271457 -0.16070814959800345
leaf_weight=26.034386386534607 2.306964151619467 144.12257625194616 11.424131330590169 399.75052976842562 8.3607403061396344 9.6521203457014035 588.73611461112887 3.7443985803038222 25.868155138799921 1.7655056975781942 16.584203122649342 3.6174450074322522 2.3171187341213217 9.8756043352186662 1.841587732778861 8.7709187755826843 32.184948358684778 134.04229985118582 4.198918447829783 6.0250577218830568 10.429452268406747 3.7162207425572005 4.8508900469169047 1.8934461625758539 4.4822750876192003 6.0980499526485792 21.068906543310732 1.8627795970533059 7.4191233038436621 1.6790424571372593 66.553813760685443 6.8611591635271933 137.23158810772293 24.119080064003356 5.5447051031514993 4.6598473461344829 6.766784134786576 2.9163818256929517 1.820159641327338 4.4341323347762218 64.08096273848787 68.329662602511235 7.9724961230531362 2.4724523383192709 18.026126254117116 5.4189458712935448 19.736290268599987 2.7786957845091846 4.6037426609545946 6.8862440232915096 110.36343557975488 2.6263775916304422 3.2225360714364788 2.1918144775554538 3.8335687627550215 7.0046237749047577 3.8956964763347113 2.3642544392496374 8.1166454371996277 2.0714874877594402 12.625674901064484 3.3338079750537872
leaf_count=134517 941 22321 64575 29611 1286 1743 111906 18435 1016 31 603 46 60 162 99 255 751 3316 43 59 206 39 95 406 53 1047 244 47 160 46 1993 131 2884 541 285 62 334 52 22 198 1066 1398 91 46 312 80 423 25 53 1061 2711 100 120 61 56 153 54 31 98 40 138 37
internal_value=-0.000806927 -0.0144752 0.000381235 -0.00485902 0.00177471 0.0339222 0.0013958 0.00126219 0.00337304 0.0273975 -0.00907918 -0.0903713 0.00224064 0.0245047 -0.0453407 0.043417 0.0379877 -0.00358008 -0.00295703 -0.0169725 0.0244829 -0.0260604 -0.0133968 -0.0349621 -0.10305 0.00918541 -0.06121 0.0261281 -0.0334973 -0.0692172 0.000489588 -0.00836598 0.0076607 0.0237733 0.0429567 0.0211283 0.0633525 0.000965143 -0.0067139 0.0258079 -0.0110925 -0.0179577 -0.00346358 -0.0159461 0.0113402 -0.0333498 0.0252019 -0.0400852 -0.0869485 0.00372657 0.0170281 0.0127554 -0.0198991 -0.0521785 -0.101561 0.0408192 -0.00415621 -0.0481865 -0.0347584 -0.046709 -0.0581543 -0.103498
internal_weight=2127.59 170.157 1957.43 411.175 1546.26 18.0129 1528.24 1525.94 1062.69 47.8353 21.9672 5.38295 1014.85 54.9902 11.7172 43.273 40.9559 463.248 459.503 90.6955 16.3074 74.3881 63.8808 41.3304 10.5073 15.4106 25.9198 22.5503 9.31257 5.87796 368.808 165.023 203.785 30.9802 18.8341 13.2894 8.62956 959.862 253.877 30.1251 223.751 159.67 91.3408 63.632 29.869 11.8428 27.7088 33.763 6.4239 705.986 117.25 25.691 11.8743 8.65176 6.02538 13.8167 6.81208 31.2906 25.1781 22.8138 20.7423 6.1125
internal_count=408775 156838 251937 94186 157751 3029 154722 153781 123355 1696 680 77 121659 1327 261 1066 1006 30426 11991 3126 295 2831 2719 1952 112 1613 339 767 566 89 8865 3988 4877 672 728 443 381 120332 4654 794 3860 2794 1396 882 467 155 514 415 75 115678 3772 596 337 217 117 259 106 369 307 276 236 62
is_linear=0
shrinkage=0.08


Tree=83
num_leaves=63
num_cat=0
split_feature=0 6 0 3 20 17 0 2 17 3 2 1 18 9 20 3 13 3 2 18 20 20 3 3 6 6 18 20 18 18 0 0 6 6 17 20 2 2 1 3 20 0 17 18 18 6 20 20 20 18 18 18 6 13 6 20 6 17 6 6 2 18
split_gain=5.2048 7.70889 2.41656 1.94902 2.95494 2.75537 2.49549 3.57401 2.38634 2.47851 5.2412 3.0948 1.92874 1.91785 3.35587 3.16298 2.94616 2.78818 4.69649 2.58522 2.50335 2.35 3.104 2.57133 3.09 2.22102 2.21849 2.29108 3.90221 2.78622 2.36883 2.04987 4.46347 2.08794 2.00898 3.71854 3.11756 2.82298 2.50837 5.01385 1.98759 1.92538 3.33446 2.03506 3.49567 2.78155 2.49715 2.74254 2.00448 1.90221 3.62427 7.41815 3.59381 2.04995 1.89412 1.81836 16.5054 1.81036 1.80172 3.92867 5.13032 4.84369
threshold=15.500000000000002 0.69315831057210375 31.500000000000004 78.346121057118509 48.334902699309488 0.5727513227513229 36.500000000000007 0.55160425993759332 0.57719393282773568 80.322580645161295 0.89370913062596646 0.30471628592483424 0.99683544303797478 1.0000000180025095e-35 -59.418744785389812 48.331479421579537 0.93541666666666667 68.801229508196727 0.67234017809675717 0.42162768721946614 37.96817136123893 -1.0000000180025095e-35 89.699381078691445 83.935483870967758 0.58319430968391128 0.78182490796207949 0.98843892007484635 11.515817515817519 0.85770528683914515 0.88425402348847337 8.5000000000000018 12.500000000000002 0.83491781930806341 0.90007455610650344 0.85857142857142865 -4.947956064005921 0.92225829725829744 0.82340215109520198 0.52704678362573121 63.224516988674225 -48.495432128708863 8.5000000000000018 0.49561403508771934 0.28664077990746867 0.31514294222751643 0.56428801773476722 -16.666666666666664 -35.01712830981122 -53.573593073593067 0.85770528683914515 0.71378621378621399 0.71806526806526816 0.63016166766795545 0.39444444444444449 0.86408966659301212 -58.467938813866532 0.51281299345815479 0.91010101010101019 0.93001476943009209 0.8905029937382879 0.90002675585284286 0.9303336703741153
decision_type=2 2 2 2 2 2 2 2 2 2 2 2 2 2 2 2 2 2 2 2 2 2 2 2 2 2 2 2 2 2 2 2 2 2 2 2 2 2 2 2 2 2 2 2 2 2 2 2 2 2 2 2 2 2 2 2 2 2 2 2 2 2
left_child=13 3 -3 4 -2 12 49 -8 -7 10 11 -10 -5 -1 -15 -16 20 25 -19 41 34 23 26 -21 40 -18 27 29 -29 -23 54 58 -33 -34 35 -17 -36 38 39 -37 55 43 -43 45 -45 -20 47 48 -46 50 53 -52 -53 -6 -31 56 -25 -30 59 60 61 -26
right_child=1 2 -4 5 6 8 7 -9 9 -11 -12 -13 -14 14 15 16 17 18 19 21 -22 22 -24 24 31 -27 -28 28 57 30 -32 32 33 -35 36 37 -38 -39 -40 -41 -42 42 -44 44 46 -47 -48 -49 -50 -51 51 52 -54 -55 -56 -57 -58 -59 -60 -61 -62 -63
leaf_value=0.0018893150597417445 -0.065627358836834432 -0.0033979860958656166 -0.057905446553805695 -0.049201492708680288 -0.05715022682432571 0.5691004013970522 -0.080378108375388932 0.76078427169714713 0.88555039637909705 0.014241564830522921 0.97998613668850088 0.0098720230528779023 0.13482252868418568 -0.06900802387806948 -0.048897988901986267 -0.01547155158025155 -0.072019737205813547 0.29935350022647927 -0.05825046770600361 -0.052933945489579755 0.15599933612478403 -0.032957337200117218 0.077465868195174856 4.1589116902343157 0.022492541386624865 -0.0026625629251898998 -0.056462049487783404 0.15267462544515192 -0.021862532617576143 0.13170982496969641 -0.042872305064794863 -0.043384183487214081 0.17524460001522912 0.04349900808075173 -0.041075262946958818 0.014946085501876491 0.050474375018242992 0.14154615033739851 -0.045941010443381967 0.259615295740112 0.15357441589441634 0.23188841697863941 -0.086125598336296211 0.25058183015932078 0.27590949948296373 0.10410154314073616 -0.022274956955767138 0.17510962009168826 -0.032245211907606958 -0.069747907965281075 0.86029292536922375 0.31929915689208499 -0.031799391761734956 0.16365167836418215 0.019830837445209457 -0.080493003851672712 -0.080062638385367382 0.084373097724844678 -0.020498093633617039 0.015623321612152564 -0.011443199571866666 0.18532952156968052
leaf_weight=1509.0037749962867 24.920780563392331 166.01906988861447 5.3740445268194881 7.7419583333030442 1.8558617861490345 0.054873891029273536 0.063509573941700981 0.065843830350786448 0.028982145391637792 2.9519576611346565 0.052451364215812646 0.23748735749541083 0.38251492209383275 5.0724780782911685 9.5903706557000969 4.2155202505746301 6.8218508615391311 0.32889040969894168 1.8309555649175293 7.3664970054087453 0.90877413703128596 7.973913556896159 4.6841958663426331 0.0066052966722053288 4.9509477113169842 5.2130016595037887 3.1408203151077023 1.8658856619149435 2.9452945198863745 1.9010973926633599 1.529091842472553 2.2026367361249859 1.4577517695724966 1.6315625822171567 6.1394796625099826 1.8913443593846779 3.8882166726252763 2.8151861921214731 1.4758463469042906 0.74803964237798926 1.2736069224774826 0.24728231025801495 1.4387559181777758 0.70807253418024618 0.15697390519198906 1.0701226360979488 1.5493885707110169 1.533456760487752 0.96934806308127019 1.9573241587058872 0.088640377231058554 0.28576526488905074 0.53760188513115281 0.31473994618863788 1.9741972032934425 0.48455514885426965 0.053444299148395658 1.5759008228778837 49.737952031195164 52.45728509966284 188.60892431181855 1.5305016512720611
leaf_count=148855 137402 36760 1825 4494 879 28 37 4 39 565 16 126 103 20945 11984 2567 15528 46 47 10768 16 97 162 19 336 100 47 34 51 26 24 290 24 21 1213 146 320 54 22 20 193 10 140 25 38 14 14 23 112 448 20 67 254 44 22 1309 225 22 609 554 8491 101
internal_value=-0.000738159 -0.0126009 -0.00510707 -0.0435199 -0.0542094 -0.0154288 0.000835626 0.347793 0.0459086 0.0371312 0.249 0.105114 -0.0405373 0.000586438 -0.0043538 -0.00351907 -0.00238368 -0.00411782 -0.00281298 -0.00309785 0.0259831 -0.00425038 0.0181281 -0.00623084 -0.0051006 -0.0419771 0.00599387 0.0159184 0.0553376 -0.00290108 0.0414455 -0.00572542 0.0436276 0.105666 0.0204028 0.0437762 -0.0055771 0.0798145 0.0375845 0.0842889 0.0988785 0.0380531 -0.0394842 0.0547742 0.0861244 0.00163643 0.0584591 0.105489 0.0107019 -0.00806927 0.031094 0.164917 0.0900561 -0.0251337 0.0747151 -0.0290327 0.386213 0.0151668 -0.00660395 -0.0038123 -0.00903829 0.0609442
internal_weight=2119.9 212.933 171.393 41.5403 30.0901 11.4502 5.16929 0.129353 3.32575 3.27088 0.318921 0.26647 8.12447 1906.97 397.966 392.894 383.303 361.221 349.186 348.857 22.0824 339.353 27.5904 311.762 304.396 12.0349 22.9062 19.7654 6.38708 13.3783 5.40439 302.578 5.29195 3.08931 21.1736 11.1459 10.0277 6.93042 4.11523 2.63938 1.81821 9.50436 1.68604 7.81832 4.91724 2.90108 4.20917 2.65978 1.12632 5.03993 3.08261 0.912008 0.823367 2.1706 3.87529 0.544605 0.0600496 4.5212 297.286 247.548 195.09 6.48145
internal_count=408775 183111 38585 144526 139155 5371 1753 41 774 746 181 165 4597 225664 76809 55864 43880 39522 23894 23848 4358 23425 485 22940 12172 15628 323 276 107 169 72 10426 335 45 4342 2809 1533 242 188 166 1746 423 150 273 212 61 187 173 150 1712 1264 341 321 923 48 1553 244 73 10091 9482 8928 437
is_linear=0
shrinkage=0.08


Tree=84
num_leaves=63
num_cat=0
split_feature=0 4 3 3 3 1 0 3 2 0 20 18 4 20 6 2 2 1 20 6 5 20 9 13 2 1 18 6 18 2 2 4 1 4 1 6 2 20 1 1 2 18 5 6 20 5 6 4 5 5 4 10 1 5 6 18 20 4 20 20 1 4
split_gain=4.84878 9.27453 16.1438 3.50518 6.2501 4.30124 3.55642 5.27746 4.5666 4.3951 3.6111 4.99192 4.2208 4.02904 4.74479 7.94257 3.38448 3.27569 3.27117 3.24516 3.69216 5.48971 3.53307 3.24164 3.10694 2.95847 2.78293 2.91377 3.33135 2.69946 5.30258 3.14239 3.13198 2.74011 2.68331 2.666 2.6476 6.83682 9.51811 23.5918 3.0722 2.90414 3.61721 2.64037 2.63811 2.62061 2.50626 4.09966 3.30887 2.4868 3.5747 3.36571 2.88583 2.53603 3.28856 2.4845 2.39852 2.39109 4.8152 2.35809 2.32597 2.31688
threshold=8.5000000000000018 59.471109040074566 78.346121057118509 69.282051282051285 72.06557377049181 0.62361111111111123 7.5000000000000009 95.282599020916791 0.88504405810907383 6.5000000000000009 -11.240969450729027 0.67451088962716887 38.812267775048817 -9.2592592592592613 0.76396751792114703 0.91997849462365611 0.93328658251519414 0.66333333333333344 -6.5920794181663736 0.8905029937382879 90.636241007194258 -5.4722050739336217 1.0000000180025095e-35 0.95974235104669903 0.87778619847585382 0.72377109317681587 0.77154105736782908 0.71356849033186964 0.86121248986212506 0.91997849462365611 0.83555908449284144 96.394209933258239 0.70659971305595415 92.340286831812264 0.63211600429645554 0.80001544022177795 0.83845971684846365 -50.565179812859334 0.49545454545454554 0.5300120048019209 0.82501879699248137 0.83395989974937357 95.093431159004936 0.66652958869601631 -39.386178105449211 39.588620981387486 0.85124359300829899 92.340286831812264 81.900656814449931 53.070896605087533 1.0000000180025095e-35 1.0000000180025095e-35 0.70659971305595415 46.181616217717313 0.63860179663718697 0.76752374713396676 -1.0000000180025095e-35 93.035692078099757 -6.0331825037707345 -19.999999999999993 0.56048780487804895 90.957190957190974
decision_type=2 2 2 2 2 2 2 2 2 2 2 2 2 2 2 2 2 2 2 2 2 2 2 2 2 2 2 2 2 2 2 2 2 2 2 2 2 2 2 2 2 2 2 2 2 2 2 2 2 2 2 2 2 2 2 2 2 2 2 2 2 2
left_child=3 2 -2 36 5 -5 9 17 24 -6 11 12 25 -12 15 -15 44 56 -17 -16 22 -22 -21 -19 -9 -10 55 -28 -29 30 -11 33 46 61 57 -35 37 38 -1 -40 -39 43 -43 -42 -3 -38 47 48 -32 50 52 -52 -4 54 -53 -13 -8 -18 -59 -34 -48 -31
right_child=1 16 49 4 6 -7 7 8 10 29 13 26 -14 14 19 18 34 23 -20 20 21 -23 -24 -25 -26 -27 27 28 -30 31 32 -33 59 35 -36 -37 45 40 39 -41 41 42 -44 -45 -46 -47 60 -49 -50 -51 51 53 -54 -55 -56 -57 -58 58 -60 -61 -62 -63
leaf_value=-0.080171861397589958 -0.074038930379141055 0.19499581857312812 0.01268460866251909 -0.067228756001501896 0.0016724304379973453 0.014984319665080528 -0.047091669458964265 0.063236114549611491 -0.0050180312287294825 -0.063094936109464608 0.080273750799983223 -0.04369139144614783 0.058006599176617081 -0.19285560297844895 0.061961470091685622 -0.034169084924274659 0.091758116894228317 0.097863938628290709 0.087874061533585665 0.087226396684118371 -0.076201724267088239 0.024081467201044912 -0.061800056775985948 -0.059052598734180103 0.2895577779628451 0.090661123167084981 -0.037840367203604994 0.067776430480171471 -0.0051582123273575253 -0.021105356117633933 -0.01589848192180926 -0.074771771009744373 -0.082400074490029923 0.071175873776111162 -0.027772667111312013 -0.0096218586119154546 -0.055740972476991689 0.014934880395117138 3.1218525607584726 -0.080176694818180363 -0.092755565555670758 -0.091701756068211668 0.1254958245495246 0.16749943888628505 -0.0016493573393247469 0.044603303522475955 -0.021780194725125712 -0.099892570834434855 0.096111407339732557 0.089404725599640508 -0.055718144627966003 0.08272425005592085 0.14068182587681269 -0.042135527420418456 0.49897798211419658 -0.18944174763006921 0.037881518373983562 -0.27229168356731265 0.084229357623603424 0.11633334942466712 0.069208908782951051 -0.076986123065691206
leaf_weight=0.063840665185124545 33.077015110524371 0.43695862498134275 17.257261972292337 14.106547585004593 1079.0964086685126 5.725971230203867 3.0612543183233356 8.5477593640971428 21.871094707283195 5.9938108742208014 8.7285739318467659 5.3930093069648128 15.047772113975951 1.6240918636322002 14.90404677717015 4.3664961173199108 2.3013658515410493 0.90326291622477306 2.0728313084691772 6.003314241301271 5.0371688995510331 11.400763238314541 1.2260732837021349 12.540035845879174 0.40667460989789184 2.2843155684822696 12.510109338138134 5.0111271784117006 20.022998756845482 45.490314919836237 6.9916432801255777 7.1286669839173546 0.43718366271059528 3.769565735012292 47.956647246843204 8.5230133114382607 1.7759218950668607 27.49788516737317 0.026233294978737831 0.03357205365318805 0.39033733994437969 4.8960661607707152 0.5453968197107314 0.69139209236891475 568.05256867143908 26.838029715589073 2.5607583066448552 2.7671021427959195 2.225070551969111 2.1678608880320089 8.5413093831084517 0.39970742365403633 1.2061155810952175 0.4648596236074809 0.17450071733037475 0.86914499301929016 6.9585766121745127 0.39876749343238771 0.61849874316249021 3.0337724946439257 6.0370370438322425 5.3019841816276303
leaf_count=55 221426 22 751 2003 72116 1127 1698 710 3526 277 134 1701 777 22 264 53 96 35 48 140 57 353 9 997 30 113 4591 84 247 4823 2610 101 334 40 720 111 4791 3555 23 25 432 394 14 37 54513 2261 39 21 24 221 19686 57 22 13 24 89 86 7 58 51 88 43
internal_value=-0.000706014 -0.0062526 -0.0354241 0.00193831 0.00109139 -0.0434925 0.00174629 0.0125357 0.0181477 0.000183804 0.0145648 0.00401044 0.0247485 0.0303896 0.0210528 -0.0347577 -0.00327369 -0.022703 0.00511683 0.0327201 0.0143059 -0.00664888 0.0619521 -0.0485093 0.0735147 0.0040301 -0.0145484 -0.00631345 0.00944125 -0.0158383 0.0042286 -0.0244254 0.0210054 -0.0187362 -0.0229584 0.0151551 0.020426 0.00538394 0.599183 1.32438 0.00322584 -0.0461325 -0.0699321 0.0735876 -0.00149821 0.0383754 0.00915031 -0.0144958 0.0111426 0.00685305 0.000471572 -0.0391796 0.021046 0.0967698 0.209223 -0.0639206 0.0119205 0.0466107 -0.0555266 0.0913019 0.0421088 -0.0269385
internal_weight=2115.79 683.053 63.2886 1432.74 1369.98 19.8325 1350.15 170.79 147.327 1179.36 138.373 83.0096 39.2032 55.3634 46.6348 8.06342 619.765 23.4631 6.43933 38.5714 23.6673 16.4379 7.22939 13.4433 8.95443 24.1554 43.8064 37.5442 25.0341 100.26 30.0464 70.2135 24.0526 63.0849 51.2753 12.2926 62.7587 34.1447 0.123646 0.0598053 34.0211 6.52319 5.44146 1.08173 568.49 28.614 20.5816 11.9838 9.21671 30.2116 28.0438 9.58038 18.4634 1.03907 0.574208 6.26215 10.0198 3.31863 1.01727 3.47096 8.5978 50.7923
internal_count=408775 297616 242200 111159 99572 3130 96442 15764 12948 80678 12208 11128 4416 1080 946 123 55416 2816 101 823 559 410 149 1032 740 3639 6712 4922 331 8562 3444 5118 3167 5017 881 151 11587 4535 103 48 4432 877 408 469 54535 7052 2782 2655 2634 20774 20553 19780 773 94 81 1790 1784 161 65 385 127 4866
is_linear=0
shrinkage=0.08


Tree=85
num_leaves=63
num_cat=0
split_feature=5 2 18 4 10 4 4 2 20 18 17 4 5 4 4 1 18 1 18 17 2 4 2 4 10 5 18 5 18 5 18 5 5 18 5 2 4 18 17 13 4 18 18 2 4 5 18 17 5 18 17 18 1 17 18 5 18 4 5 4 18 5
split_gain=5.05955 14.8135 6.49915 10.9181 2.87166 3.7669 3.83502 2.9641 2.64009 2.72344 2.70987 3.11698 2.46316 2.37689 2.13862 2.13461 3.75604 2.62464 2.29335 2.06125 1.89758 1.89587 1.87067 1.86696 1.86463 3.16879 2.16194 4.21481 1.83768 2.01914 6.24984 3.06683 5.44467 4.89666 8.51432 9.21451 6.58517 6.03837 5.33412 4.76139 4.72242 4.38541 4.25736 3.36065 3.32783 4.29699 6.00652 3.4558 4.12381 5.01649 3.25272 3.19254 3.5551 3.00994 2.98061 7.94556 3.95398 2.96652 12.0706 5.22323 3.59661 5.10368
threshold=57.583690306203401 0.67234017809675717 0.62977544473607472 47.836488454337434 1.0000000180025095e-35 53.579972658920035 64.624765478424024 0.83396889660047568 -30.724637681159422 0.98297841518180518 0.87138130686517801 68.244631185807677 51.442441054091539 94.189797449362359 57.977103885032285 0.44058823529411767 0.76752374713396676 0.407785336356765 0.7074321214910263 0.62115563839701782 0.95864438288255471 88.944444444444457 0.60793311626644975 31.434809731752967 1.0000000180025095e-35 52.467131959097557 0.66774891774891787 43.256237006237015 0.43384860195498981 73.441913841807931 0.61631563551265189 75.419203747072615 76.409794360822573 0.83796653796653808 85.973110345958375 0.89370913062596646 86.752489409693581 0.73427610759493678 0.61861471861471873 0.29814814814814822 78.699101004759413 0.702836499866203 0.72104203935599298 0.92500871080139391 91.686991869918714 89.86145693672988 0.79180648769574946 0.76253132832080206 87.528801843317993 0.80070921985815613 0.40161290322580651 0.71143933386201441 0.3246621621621622 0.75893997445721595 0.79180648769574946 81.900656814449931 0.75521059487624853 87.528801843317993 85.22532021243363 90.397787144362511 0.86308579668348961 84.384031791907532
decision_type=2 2 2 2 2 2 2 2 2 2 2 2 2 2 2 2 2 2 2 2 2 2 2 2 2 2 2 2 2 2 2 2 2 2 2 2 2 2 2 2 2 2 2 2 2 2 2 2 2 2 2 2 2 2 2 2 2 2 2 2 2 2
left_child=1 21 4 -4 13 7 20 -6 9 10 11 -2 -8 -3 24 16 17 -16 -17 -14 -7 -1 -23 -9 26 -26 27 -5 -10 -30 -31 40 -33 34 36 50 37 43 39 -39 -32 -38 -42 51 53 46 -46 -48 49 -49 -36 -34 -53 -37 55 56 -40 60 59 -59 61 -35
right_child=8 2 3 14 5 6 12 23 28 -11 -12 -13 19 -15 15 18 -18 -19 -20 -21 -22 22 -24 -25 25 -27 -28 -29 29 30 31 32 33 57 35 44 41 38 54 -41 42 -43 -44 -45 45 -47 47 48 -50 -51 -52 52 -54 -55 -56 -57 -58 58 -60 -61 -62 -63
leaf_value=-0.069948738815778247 -0.017555746102999495 -0.0023336088027348175 -0.074865439939946002 0.412365052949272 0.37003082159480066 0.022520778604316841 0.098310623686871518 -0.037149467082893309 0.12383057563680643 -0.06216836823319305 0.038573175999142409 0.09243579522180706 -0.12498932374294545 0.11285794803306914 0.14171089154817496 -0.070479377611616364 -0.053168958707480195 0.57232483369943865 -0.013024230634039765 0.044907097297623377 -0.092147051945775771 -0.016269717139686106 0.23915494903265155 0.12613284577765638 0.0096433519660931652 0.19151449362329895 -0.0050535925742989495 0.040872947676315788 -0.0071243424738366094 0.12122429955673859 -0.00084202730940825311 -0.029862855465143612 -0.028431957319819703 -0.008537766390423954 0.072476129907858192 0.13548063034621305 0.022495552204077899 -0.042479743037542345 -0.059522743556435727 0.08494069440985029 -0.019086602280638479 -0.024078857245368283 0.062432716902909753 0.078811976903515032 0.10051485882038584 0.099198053231544056 -0.06047255258377144 -0.17404312237023611 0.078826022264010934 0.058243011841642225 -0.016076758442120528 -0.082883479500817009 0.14313660262394703 0.064047232302701221 -0.016959094002231282 0.060311442357191311 0.01051732253881218 0.0099928058154129824 -0.0020586123407208049 0.050919717360004127 -0.0048645955257196382 -0.071182915266724947
leaf_weight=26.348025795261496 12.909830602817236 340.02430985125829 21.408355958017637 0.22233354531636607 0.26841933204559554 1.504531986349319 3.361708925338462 0.5706381369964223 0.77088667577481729 2.459986879490315 28.957126148743555 1.8903489708900441 0.69525272399187121 1.1503104674629856 0.31611397590313828 5.9290223530551911 0.51091356683900813 0.12697634505457245 17.778533654418425 1.3338262285105882 2.3921643858775496 0.89751973800593876 0.23066834022756666 2.0881239480222575 1.7385921341992792 0.94713000272167835 19.011179329630977 1.6171157121134454 205.40701590037497 2.7788759203976943 32.491223698132671 37.103669918462401 4.6286854815552969 21.938313876453321 3.0556696183048215 4.8519438002258566 16.187448475742713 2.3837445927783838 8.1966653156559932 8.8267453421140072 5.177451767667665 64.472723568673246 19.705064249341376 13.161252369871361 3.8760990955634069 5.0485248719342044 5.5073271207511407 1.1674709417857232 3.7701790384016931 1.2135085465852169 20.232685245573521 0.59623196732718531 1.7604463747702537 17.010676413075998 38.247943170426879 14.785419350606388 13.91692495846655 39.353838693816215 710.43300569895655 40.491381713713054 226.11896201060154 13.411268859170375
leaf_count=172281 206 40495 118456 39 65 32 143 30 43 30 400 31 11 39 65 136 248 20 689 44 25 97 11 115 233 113 7258 320 31836 103 1257 1061 198 596 66 76 563 266 179 188 182 1600 789 270 241 279 75 14 213 37 650 86 34 433 827 342 355 844 16788 885 5389 233
internal_value=-0.00116254 -0.00867906 -0.00498166 -0.0273253 -0.000580701 0.0375326 0.0125915 0.116667 0.000884235 0.0197357 0.0243402 -0.00350711 0.056298 -0.00194523 -0.00620904 -0.0226718 0.0946577 0.265112 -0.0273932 -0.013307 -0.0478733 -0.0656003 0.0359542 0.0910883 0.0110408 0.0737809 0.00295934 0.0857751 0.000342432 0.000283205 0.00136856 0.00113051 0.000355997 0.00121541 0.0112103 0.0359792 0.00251113 0.0155701 0.00636945 0.0578466 0.0192433 -0.014732 0.0454705 0.0550082 0.0581654 0.0350794 0.0142418 -0.0144415 0.0267716 -0.0556544 -0.00445772 0.0101589 0.0859543 0.0799004 -0.00130996 0.0149113 -0.0154439 -0.00118791 0.00125596 0.0307478 -0.0085744 -0.0323047
internal_weight=2104.77 450.472 422.996 69.6063 353.389 12.2147 9.28748 2.92718 1654.3 46.2173 43.7573 14.8002 5.39079 341.175 48.1979 24.6616 0.954004 0.44309 23.7076 2.02908 3.8967 27.4762 1.12819 2.65876 23.5364 2.68572 20.8506 1.83945 1608.08 1607.31 1401.9 1399.12 1341.75 1304.65 252.898 65.7341 187.164 106.504 86.3574 11.2105 57.3737 80.6602 24.8825 20.1466 42.4457 20.5831 15.5346 11.6585 6.15116 2.38098 23.2884 6.98536 2.35668 21.8626 75.147 36.899 22.1136 1051.75 790.278 79.8452 261.469 35.3496
internal_count=408630 340965 168576 127577 40999 465 255 210 67665 667 637 237 198 40534 9121 1158 333 85 825 55 57 172389 108 145 7963 346 7617 359 66998 66955 35119 35016 32788 31727 6992 2084 4908 2745 2157 454 2228 2163 971 588 1368 859 580 339 264 51 716 318 120 509 1703 876 534 24735 18517 1729 6218 829
is_linear=0
shrinkage=0.08


Tree=86
num_leaves=63
num_cat=0
split_feature=3 20 4 18 4 20 18 4 10 8 4 13 20 17 0 3 4 6 6 20 20 2 4 13 15 13 18 6 13 17 2 6 4 18 18 2 6 18 20 20 20 1 6 18 4 6 4 17 18 4 3 3 0 18 4 6 18 12 6 18 6 2
split_gain=3.9553 12.7939 2.99851 19.2594 4.09549 5.37805 6.23235 4.99273 3.35433 2.56103 2.24403 2.82271 51.9245 2.80202 4.5683 7.77189 5.12784 8.77004 3.53304 3.55497 2.13957 2.03783 2.02404 1.9688 3.00924 1.98769 1.94506 4.47363 6.62104 4.73233 3.16546 2.78955 3.74337 12.3625 7.03084 4.2033 3.17639 3.17431 3.15693 4.55221 3.60177 3.1795 3.1499 2.77111 2.58324 4.51258 7.59589 18.9214 3.86057 3.31171 3.1726 7.30817 5.76863 3.94238 3.48677 10.7361 3.15641 2.95346 2.85249 4.00268 3.42318 3.96065
threshold=37.884436160298236 53.678919483456262 45.176799007444181 0.28664077990746867 29.041268697062538 -64.535513398316027 0.24602774274905426 33.132464515192225 1.0000000180025095e-35 1.0000000180025095e-35 68.244631185807677 0.84962406015037606 20.333631484794282 0.50384615384615394 15.500000000000002 36.088342440801462 68.863315600911974 0.86408966659301212 0.68487717678577908 42.255477600305198 -23.669745089510847 0.41151635720601248 1.0000000180025095e-35 0.61803713527851467 1.0000000180025095e-35 0.60990338164251223 0.92115623704931637 0.97104218880534676 0.92582417582417598 0.75893997445721595 0.83678606237816766 0.96187226822121419 95.782060785767243 0.97234964322120299 0.96680440771349874 0.8921487995172207 0.98186147186147199 0.98518437225636535 -1.5384615384615363 5.6538600666729453 -0.83482931456948239 0.89039039039039047 0.98186147186147199 0.98297841518180518 60.046948356807519 0.82456124057187907 48.549301307593026 0.92052631578947375 0.75521059487624853 53.363499245852196 87.585616438356183 84.889995848899972 8.5000000000000018 0.45480081716036774 46.186166774402075 0.56814029251100207 0.31514294222751643 1.0000000180025095e-35 0.52902010334920579 0.63670033670033688 0.54808551192252386 0.91997849462365611
decision_type=2 2 2 2 2 2 2 2 2 2 2 2 2 2 2 2 2 2 2 2 2 2 2 2 2 2 2 2 2 2 2 2 2 2 2 2 2 2 2 2 2 2 2 2 2 2 2 2 2 2 2 2 2 2 2 2 2 2 2 2 2 2
left_child=1 10 3 4 22 6 -6 -8 -5 21 11 -1 -13 14 15 18 17 -16 19 -12 -11 -4 -2 25 -25 -3 27 44 29 -29 -30 -28 33 -33 35 36 -34 -35 42 40 -40 -41 43 -36 45 48 47 -47 50 -50 51 52 54 -53 55 -23 -54 -51 59 -46 61 -60
right_child=2 23 9 8 5 -7 7 -9 -10 20 13 12 -14 -15 16 -17 -18 -19 -20 -21 -22 26 -24 24 -26 -27 31 28 30 -31 -32 32 34 37 38 -37 -38 -39 39 41 -42 -43 -44 -45 58 46 -48 -49 49 57 -52 53 56 -55 -56 -57 -58 -59 60 -61 -62 -63
leaf_value=-0.076666902241659396 7.4974794680662316e-05 -0.0020918663509365315 0.11685415040218859 -0.068065183298174292 0.89748476500853103 0.051459083664680091 -0.080913750457918404 0.73906463521885857 0.056348421300872628 -0.088107169126564577 0.83372140212629231 -0.08001213191688672 12.44216320736132 -0.058705078987985777 -0.080058413575210208 0.56474035864664396 -0.037752631757459673 1.0795628573691236 -0.072859721948980299 0.10473178733752148 -0.015798424967994038 3.507634693298245 -0.063702589143552341 0.10313832626213577 -0.028777237483886137 -0.11504331143038737 0.000615559910634925 0.07239778133449562 -0.041173738639744654 -0.070165585470145328 0.080541954109733624 -0.077932463561710949 -0.059870621158214482 0.095855167660160612 -0.065714004852915939 0.068426115456015957 0.038244311787217058 0.0014123408038021759 -0.012829836458777893 -0.017118122534265087 0.067805466053902516 -0.14964582726091913 -0.062838028141522964 0.031707741989051769 -0.054360694235117635 -0.081201535219191476 0.11920502460653438 3.3413316536965034 -0.065829192430661737 0.03797343173872534 0.021524640982298716 0.13812755060070031 0.18144614791205324 0.62617348825979957 0.13702167741778279 0.36061597275713297 -0.069393645336895349 -0.056415191814117568 -0.049799734199003999 0.098368796765811076 0.0020920718451512186 0.10525006472338136
leaf_weight=18.465456576450382 251.1208321818267 115.02321905541612 0.98123739867150916 33.859220964564884 0.11265982553595666 1.2349690181727044 0.15633192268433049 0.068281185114756227 1.4461499547687697 3.0114890780605519 0.06059233506676065 0.040616866281196873 0.00223596909927437 10.601251890126148 0.099124100495828205 0.23951104911975563 4.5315499592397828 0.072099885932402685 0.51658766943728551 0.14590524678351358 20.09121907260851 0.0078038824140124188 3.225559693251852 2.7604510285891584 1.8474161475896833 1.0058344053104509 515.02849396327656 2.166496262885631 1.5175742711871869 4.7736205337569118 13.827253903262315 19.155557416146621 3.8046419010497647 2.8001490933820596 2.826540423091501 11.665698533062821 4.7460346017032862 12.206874807365237 6.2891542317811391 25.643206438981 8.1258198940195125 1.2134012449532736 14.727883063722402 5.5137906095478684 10.146738777315475 0.028094712652090403 1.7470912045173461 0.016356945598090533 5.5475009528599903 7.3650139889068651 26.24790619633859 0.19194191135466088 0.38639579022128634 0.23638817018945701 2.0666526842760504 0.062523240929294843 1.8985938930127302 2.9801236154380604 1.4201635571880604 1.2314975655172009 905.83902928802854 4.0939197898842394
leaf_count=126499 9026 9082 142 177560 14 148 61 8 1617 79 16 386 4 9443 175 23 2292 10 174 50 497 10 1670 42 18 10 18198 55 14 86 698 219 50 66 32 599 92 219 168 560 1481 59 223 114 173 64 823 22 10469 2835 1862 3 59 55 635 100 6810 1400 67 35 21173 56
internal_value=-0.00107727 -0.0133581 -9.49039e-05 -0.00757945 6.18434e-05 0.128781 0.411908 0.168355 -0.0629691 0.00122481 -0.05611 -0.0751619 0.573368 -0.0344327 0.0109867 0.169771 -0.0215144 0.408241 0.0389437 0.318638 -0.025224 0.00160002 -0.000733837 -0.00103437 0.0502499 -0.00307102 0.00153054 0.00373904 0.0391787 -0.0256616 0.0685045 -0.0019327 -0.0129876 -0.0353366 -0.0039581 0.0371956 -0.00541214 0.0190344 -0.0168891 -0.00364071 0.0326248 -0.0231058 -0.040592 -0.00130851 0.00292612 0.0208674 0.145481 1.17819 0.0161165 -0.0159594 0.0325088 0.0919507 0.061388 0.407472 0.155872 0.709826 -0.0269762 0.0107829 0.00197761 -0.0378304 0.00247461 0.0653167
internal_weight=2098.27 155.412 1942.85 291.224 255.919 1.57224 0.337273 0.224613 35.3054 1651.63 34.7749 18.5083 0.0428528 16.2666 5.66537 0.962596 4.70277 0.171224 0.723085 0.206498 23.1027 1628.53 254.346 120.637 4.60787 116.029 1627.55 993.799 22.2849 6.94012 15.3448 633.747 118.719 34.1626 84.5562 20.2164 8.55068 15.007 64.3398 41.2716 14.415 26.8566 23.0682 8.34033 971.514 48.7824 1.79154 0.0444517 46.9908 15.8926 31.0982 4.8503 4.42197 0.42833 2.13698 0.0703271 2.28499 10.3451 922.731 11.3782 911.353 5.51408
internal_count=408630 148224 260406 190104 10927 231 83 69 179177 70302 139072 126889 390 12183 2740 263 2477 185 240 66 576 69726 10696 9152 60 9092 69584 47504 853 141 712 22080 3882 504 3378 741 142 285 2637 2268 1649 619 369 146 46651 25147 909 86 24238 14704 9534 7672 7614 58 745 110 6869 4235 21504 208 21296 123
is_linear=0
shrinkage=0.08


Tree=87
num_leaves=63
num_cat=0
split_feature=5 2 18 5 6 14 3 20 6 20 0 2 18 18 6 6 6 18 2 20 20 7 2 20 18 2 5 18 6 5 20 5 18 6 18 2 20 3 6 18 18 5 3 18 20 5 2 17 6 20 6 2 20 8 18 18 18 6 3 20 5 18
split_gain=4.61322 17.4951 5.47945 8.29433 6.71004 4.28556 63.7511 9.95863 3.48066 2.91292 3.86586 10.4587 5.718 3.82005 3.15658 2.82139 2.37434 3.17342 2.30861 2.29614 3.11566 2.11431 2.02645 1.97952 1.99897 3.46963 3.34832 4.16779 2.72542 2.43475 2.27501 1.97794 3.08509 2.89468 1.94009 3.98978 1.87141 1.86611 1.85803 1.83894 3.12225 3.94438 3.46391 2.65515 2.43812 2.78141 6.37678 3.13806 2.96353 2.36882 1.91357 1.85011 2.87276 1.82313 1.90154 1.8668 4.93945 4.12954 4.75147 4.23938 3.27242 2.95487
threshold=57.583690306203401 0.67234017809675717 0.61275791920953215 47.639311043566373 0.67753973764612074 1.0000000180025095e-35 36.491677336747763 20.333631484794282 0.62536321577463916 -39.386178105449211 10.500000000000002 0.91306418219461705 0.7074321214910263 0.99683544303797478 0.82016632160110436 0.66912006974506977 0.60669142211389959 0.68438714235252573 0.96160256410256417 -28.410030782123801 -27.498604107552669 1.0000000180025095e-35 0.98348348348348369 5.0723125824668154 0.7074321214910263 0.86957219704561217 54.292178409825482 0.65564663023679426 0.65972879879532453 55.891487029594451 -28.84615384615384 54.589800443458991 0.75521059487624853 0.64574949100246282 0.9233705226071639 0.94001581027668002 -35.01712830981122 87.026647966339425 0.65890744595142403 0.92695630081300828 0.94756480754124117 85.22532021243363 89.05982905982907 0.99683544303797478 -23.242112980276534 68.663122157453088 0.99772727272727291 0.69883720930232573 0.61998512600457245 -6.0331825037707345 0.56723952415987255 0.44133118625872253 69.946473775156463 1.0000000180025095e-35 0.76953601953601969 0.64014388489208651 0.65564663023679426 0.80001544022177795 20.169491525423734 -31.675217005433243 77.345911949685544 0.58578643578643586
decision_type=2 2 2 2 2 2 2 2 2 2 2 2 2 2 2 2 2 2 2 2 2 2 2 2 2 2 2 2 2 2 2 2 2 2 2 2 2 2 2 2 2 2 2 2 2 2 2 2 2 2 2 2 2 2 2 2 2 2 2 2 2 2
left_child=1 5 4 21 15 -1 7 -7 19 10 13 12 -12 14 16 -3 17 -5 -15 -2 -21 -4 -17 24 25 26 -11 -28 31 30 -30 32 33 36 -33 -36 -26 -6 -34 44 41 -41 50 -44 -22 46 51 48 -47 -45 -42 52 -46 55 -55 57 60 59 -59 -10 -57 -60
right_child=8 2 3 9 37 6 -8 -9 53 23 11 -13 -14 18 -16 22 -18 -19 -20 20 39 -23 -24 -25 28 -27 27 -29 29 -31 -32 34 38 -35 35 -37 -38 -39 -40 40 42 -43 43 49 45 47 -48 -49 -50 -51 -52 -53 -54 54 -56 56 -58 58 61 -61 -62 -63
leaf_value=-0.064205925627714017 0.068100306452685347 -0.0010113613249922474 -0.065203904967873733 0.35002258617205628 0.20010017600297864 -0.080007754102142545 -0.071873334787126528 -2.2914206399085262 0.10385010049620291 -0.081693436555247398 0.49684400276067747 0.61045472223030373 -0.049415061342809818 0.024706031157470554 0.12058777859840826 -0.016986335409364697 -0.020315679659479322 0.035174395550504729 0.33417048505844471 -0.097779415644478521 -0.023128260680195058 0.24466646112066504 -0.14917504050884231 0.077798507115717119 0.50884003841324243 -0.077745912254098645 0.56168045109672871 0.029601894304773779 0.037153890338703616 -0.074054104121612951 -0.052528595938556591 0.053390335102188095 -0.060529512193193406 -0.089014950452289854 -0.080698936693993834 0.39705725276536036 0.15738532051082507 0.071141470485218447 0.39903154825844345 -0.10811037478208803 -0.11943874672829469 0.10682165097866854 0.1349678909141237 -0.046093957391122764 0.17706101296435306 -0.030554219883328047 -0.17112321207321204 0.086801820662111936 0.15743433731123016 0.090596803562889169 0.010162054252160076 0.038869002764973598 1.1767263421578522 -0.095715850132850819 -0.015062460333690049 -0.074105772335834291 0.00045975208378989561 0.36048524097234036 0.0040439464533631765 -0.010741927747564059 0.035689572846803894 0.075438207939797997
leaf_weight=22.701215525245065 6.3243647621711707 341.50007208185707 23.62867506201292 0.22248505344033676 0.90141577923350169 0.014962114422813921 1.8072923926738438 0.10107551515102386 2.248302968684583 0.32080481862067856 0.14474487004917935 0.25581326603423804 0.80299753310100641 0.26885248662438144 1.3350213905796398 1.5769169245395451 14.330053598299854 2.5895628525468055 0.36202791798859835 1.4823525398969639 3.8583171985810614 0.14177071818266895 1.4021785167715279 1.1937295889074437 0.13052397454157472 7.1537735839083325 0.17137512969202362 0.20926922347280197 4.1051857077545719 5.1713089997065254 3.2383019561821111 1.2879401228710774 2.1538367586763347 0.24085634991934057 0.16745765674568236 0.33701454102993011 0.37711743768886963 3.5323790509137325 0.057816435961285495 2.881590027674974 1.2995722782798096 0.67433638218790282 1.9674111390486357 1.7495118854567406 0.10692332819599615 3.1442665406793817 1.1480483170598748 10.176219023880547 0.64715696813072998 1.5131965978071096 1.6611283223319331 2.6082740468700649 0.022221608087420464 2.0626111447927569 20.123236727871699 9.0135390406576317 1531.0305135599774 0.30957917057094064 6.6522969130382981 25.510875378466157 2.1521434572641729 8.3888137397880183
leaf_count=159922 87 37401 123741 18 56 163 12301 3 34 223 21 38 174 21 26 84 1504 213 32 11 49 88 33 680 4 242 17 40 197 243 1281 195 1571 49 77 8 142 130 27 189 103 19 37 16 158 133 16 329 24 34 344 1161 2 57 489 531 61042 32 279 2027 71 391
internal_value=-0.00114674 -0.00838539 -0.00453678 -0.0248963 -0.000428943 -0.0739202 -0.188579 -2.00628 0.000802302 -0.00529002 0.01747 0.156534 0.0340129 0.00871074 0.00210117 -0.00168758 -0.00712653 0.0600847 0.202291 0.023744 0.0157154 -0.0633558 -0.0792039 -0.0228567 -0.0276395 -0.0610971 0.108697 0.269156 -0.012419 -0.032005 -0.00239394 0.0391563 -0.00100378 0.139384 0.10548 0.238468 0.247751 0.0973595 -0.0485158 0.0207437 -0.0047544 -0.0673512 0.0224211 0.0615638 0.0345392 0.047002 -0.0128674 0.0636563 0.00153349 0.0173012 -0.046725 0.0535036 0.349071 0.00021338 -0.0225608 0.000532097 7.31089e-05 0.0169518 0.0502477 -0.00146076 -0.0529431 0.0438624
internal_weight=2092.69 443.936 419.311 70.3983 348.913 24.6245 1.92333 0.116038 1648.76 46.6279 20.3116 1.20356 0.947742 19.108 18.4771 344.479 17.1421 2.81205 0.63088 41.2649 34.9405 23.7704 2.9791 26.3163 25.1226 7.85522 0.701449 0.380644 17.2674 12.5148 7.34349 4.75256 2.96015 0.748498 1.79241 0.504472 0.507641 4.43379 2.21165 33.4582 11.7467 3.55593 8.19082 5.23012 21.7114 17.8531 3.88547 13.9676 3.79142 3.26271 2.9607 2.73742 0.129145 1607.49 22.1858 1585.31 1542.2 43.1099 15.3507 27.7592 11.1657 15.0411
internal_count=408630 340965 168576 130872 37704 172389 12467 166 67665 7043 2047 233 195 1814 1761 37518 1735 231 53 2712 2625 123829 117 4996 4316 522 280 57 3794 1721 1478 2073 1793 195 280 85 146 186 1598 2614 742 208 534 87 1872 1823 1337 486 157 50 447 1321 160 64953 546 64407 61644 2763 702 2061 602 670
is_linear=0
shrinkage=0.08


Tree=88
num_leaves=63
num_cat=0
split_feature=0 5 5 2 6 6 5 20 20 20 10 5 6 6 2 0 5 17 20 13 0 0 17 6 6 6 5 20 0 6 5 5 9 20 6 20 0 0 6 17 0 2 5 6 20 6 5 2 0 17 20 20 5 6 6 5 5 16 20 5 5 17
split_gain=4.07156 11.0873 2.45585 7.26885 4.44886 3.59178 2.92461 6.01666 2.69371 2.63549 2.43501 3.58468 4.52588 3.15889 2.63439 3.82879 2.33632 2.66349 2.14731 3.23021 3.27656 4.72047 2.12115 2.48866 2.2877 2.08682 1.95645 1.91965 2.98076 1.87211 3.5355 2.81324 2.28599 2.0513 2.25863 1.99834 1.83158 3.22005 1.8032 2.24054 1.9274 2.14239 1.79205 1.75553 1.75028 2.08985 1.64346 3.35033 1.63907 1.62604 2.0022 1.74033 1.62388 2.10748 3.98172 5.19985 3.49609 2.44108 1.98117 2.58215 3.19262 1.69848
threshold=18.500000000000004 67.750749162700529 56.345809664617548 0.6527927120669057 0.82456124057187907 0.62536321577463916 1.0000000180025095e-35 -60.654329333558657 -28.410030782123801 -27.498604107552669 1.0000000180025095e-35 47.76723669103874 0.67182426792333916 0.69720333020637903 0.93752705627705646 7.5000000000000009 32.795559025067227 0.85584415584415596 41.265954009821982 0.32345248474280741 22.500000000000004 21.500000000000004 0.79008567931456553 0.67554260390635612 0.47944039391407817 0.86408966659301212 56.847448570665243 23.268005083861858 11.500000000000002 0.59488195990646975 37.665249548657627 45.221760978807083 1.0000000180025095e-35 -12.675537380510034 0.57992259683228775 -9.2592592592592613 7.5000000000000009 3.5000000000000004 0.80953199448034274 0.60791925465838526 13.500000000000002 0.46454637410519767 95.093431159004936 0.58555409956700843 -34.445006179080998 0.67954723549707874 42.260781181936991 0.85475620870357727 15.500000000000002 0.88047619047619052 -21.212121212121211 -27.498604107552669 44.161255411255418 0.52505561773687637 0.50376983644985251 33.971423337607625 31.011897359366582 1.0000000180025095e-35 -44.830659536541887 26.702317290552589 28.511655708308428 0.69883720930232573
decision_type=2 2 2 2 2 2 2 2 2 2 2 2 2 2 2 2 2 2 2 2 2 2 2 2 2 2 2 2 2 2 2 2 2 2 2 2 2 2 2 2 2 2 2 2 2 2 2 2 2 2 2 2 2 2 2 2 2 2 2 2 2 2
left_child=2 18 3 38 6 8 -5 -8 36 -10 14 16 -13 -14 27 29 17 -12 -2 -20 21 25 23 24 -17 -21 -11 -9 -29 31 32 52 -31 34 -33 44 37 -4 -1 40 41 -40 -28 -36 -32 49 47 48 -18 -46 51 -51 53 54 55 58 57 -55 59 -16 -61 -58
right_child=1 -3 5 4 -6 -7 7 10 9 26 11 12 13 -15 15 22 46 -19 19 20 -22 -23 -24 -25 -26 -27 42 28 -30 30 35 33 -34 -35 43 -37 -38 -39 39 -41 -42 -43 -44 -45 45 -47 -48 -49 -50 50 -52 -53 -54 56 -56 -57 61 -59 -60 60 -62 -63
leaf_value=-0.075617985708312963 -0.078525964863375708 -0.0038836390639172369 0.078200795652316593 0.00055558703877656916 0.074097339595391873 0.00062765881165763077 -0.059280341645513546 -0.028070131021255919 -0.08966366836582873 -0.15336384622933069 0.12072380644880347 -0.061684716140494346 0.1564242364439708 -0.029971549997829867 -0.086216029027812585 -0.1106466016935017 0.28933778015848516 -0.14043747439234272 -0.057541875715942895 -0.0019623077530447138 -0.025081594846922187 0.63064895843833724 -0.12457689240414917 -0.03795622688516876 0.13853518124846276 0.62172740019304795 0.017969178491874651 -0.038140803696356536 0.18209240309495456 0.15293753642433522 -0.013134727027832438 0.095569898892718594 -0.050095881163123954 -0.075132921083266288 -0.082158904797689586 0.088777673789042416 0.1376048924439002 -0.055111076990223398 0.6624773913951536 -0.080071833183733607 -0.080222195766548182 0.16394984190991427 0.12308279343595568 0.052076732390398991 0.025766018298296962 0.017186448289970332 0.039531445834400498 0.10677193071340334 0.76690298082271768 -0.069100763608755153 -0.0077248206525190521 -0.15378675854548543 -0.10278390979439481 0.0092862037011753103 -0.095839834648336938 0.1718778929741005 0.46736766675244867 0.23565250042833591 -0.073084305138978525 0.51940662595320208 0.06455383179042655 0.0019501581172383918
leaf_weight=11.142655327719691 18.047005557025845 95.371344723200309 4.7487719478085619 249.34368514633388 4.6343221567658466 1515.7895458104322 16.428582108695991 49.42024816020421 1.4869747459888447 0.41477585420216101 0.40848758631909532 4.5142396423761966 1.33098594724288 1.0339018719241719 0.38659590021416068 0.25617370006511864 0.15433522321109228 0.64386992604704574 2.4315661550353975 0.24963389581535 0.4910389960205066 0.15520955107785994 0.32737348682712752 0.81251168146991393 2.9651287765227607 0.03980971805867739 30.819161004474157 0.87122832381282822 0.71700910117215244 1.2235695359995578 22.19470107422239 4.6907906234264374 0.49991832413797954 0.77100966032594254 0.97362151292327359 0.98980855479021457 1.7786570308962835 1.534234262537211 0.074655914933828948 0.44340040045062779 0.12720841366535751 0.21136635154107353 1.0742160459049035 1.7340042068681212 1.0782182056718763 2.3363604892510912 2.1839751553416136 2.6715552841415047 0.065521949887624942 4.4029410526709372 1.9890481089823886 2.3994024849671405 1.073198427184251 0.50304020267503691 3.4986956574284704 1.0707800161471821 0.050477914017391323 0.77399688988225535 2.2118651165656149 0.13623560947598889 0.35903650395630393 8.5876505430496746
leaf_count=70742 111267 9380 64 7401 260 46403 50096 86017 11 131 36 212 110 56 16 7 126 22 4011 184 322 49 95 71 568 16 1444 31 77 531 9117 240 466 11 58 54 31 15 91 2793 719 110 27 128 39 41 272 177 36 51 51 22 132 173 347 112 26 20 40 13 84 3378
internal_value=-0.00104995 -0.0155639 -0.000190564 -0.00566142 -0.00383322 0.00126603 -0.00474046 -0.0136186 0.0243838 0.0144717 -0.00794896 0.0249198 -0.0147183 0.0749341 -0.0115324 -0.00125874 0.0694183 -0.039064 -0.0675834 -0.00893583 0.117376 0.274694 0.0712666 0.0871607 0.118719 0.0838192 0.0192645 -0.025288 0.0612834 -0.0062059 -0.0178433 0.00989752 0.0940453 0.0490463 0.0619873 -0.0232922 0.0659363 0.0456476 -0.0670192 0.0448297 0.17885 0.294073 0.0215096 0.00380761 -0.0265168 -0.0508499 0.0919116 0.131476 0.431662 -0.0669557 -0.0783275 -0.0989722 -0.00724971 -0.00141713 -0.0329256 0.01993 0.022935 0.146484 -0.032661 0.0687269 0.189671 0.00466988
internal_weight=2089.15 116.786 1972.36 414.717 402.718 1557.65 398.084 148.74 41.8568 33.7951 132.312 13.0069 6.87913 2.36489 119.305 68.2962 6.12775 1.05236 21.4143 3.36726 0.935692 0.444653 4.36119 4.03381 3.2213 0.289444 32.3082 51.0085 1.58824 63.935 37.114 26.821 1.72349 8.16943 7.39842 35.3905 8.06166 6.28301 11.9993 0.856631 0.413231 0.286022 31.8934 2.70763 34.4007 12.206 5.07539 2.89141 0.219857 9.86961 8.79139 6.80234 18.6516 17.5784 7.66321 4.16451 9.91517 1.27704 3.09373 0.881868 0.495272 8.63813
internal_count=408630 125229 283401 235275 160820 48126 160560 153159 1723 1613 103063 1047 378 166 102016 15891 669 58 115849 4582 571 249 741 646 575 200 1602 86125 108 15150 10372 4778 997 437 426 9375 110 79 74455 3713 920 201 1471 186 9321 204 611 339 162 163 124 73 4341 4209 612 265 3597 193 153 113 97 3404
is_linear=0
shrinkage=0.08


Tree=89
num_leaves=63
num_cat=0
split_feature=3 4 13 20 17 0 18 4 3 4 0 3 6 4 18 4 20 18 4 13 15 6 1 17 1 3 18 18 17 1 18 3 17 20 4 0 4 1 17 17 4 7 13 13 1 3 13 3 17 17 18 4 6 13 6 13 18 6 20 3 17 1
split_gain=3.67504 14.0777 4.03286 2.23066 2.43992 3.42941 5.24627 2.86163 2.22885 2.21052 3.14306 2.65044 2.13323 2.05745 15.6701 2.4404 5.43217 9.31111 2.30872 2.18431 5.00662 5.29532 4.41515 5.89831 7.37963 5.06515 5.51059 4.22527 3.99219 5.20285 4.19613 3.53968 9.79967 3.3836 3.35323 3.06772 3.01598 2.92084 2.80239 2.76946 4.62532 2.62224 3.80759 2.62003 2.63785 2.69828 4.14291 2.56736 2.78361 2.56137 2.53328 2.4347 3.18169 3.01785 2.53107 7.201 2.35339 3.22476 2.84004 2.65158 3.53744 2.88272
threshold=37.884436160298236 68.244631185807677 0.95974235104669903 53.678919483456262 0.50384615384615394 15.500000000000002 0.61964176362522971 68.863315600911974 36.088342440801462 72.543939855735047 23.500000000000004 16.271373414230556 0.86408966659301212 45.176799007444181 0.31514294222751643 29.041268697062538 -69.801493710691815 0.28664077990746867 1.0000000180025095e-35 0.78416149068322993 1.0000000180025095e-35 0.86408966659301212 0.88284313725490204 0.73401360544217698 0.5913729128014843 75.204918032786892 0.98963702749140914 0.91188235294117659 0.42146381578947373 0.43405797101449284 0.9530330882352942 38.757823784304293 0.3504385964912281 -22.03586561415095 67.704421562689291 16.500000000000004 90.397787144362511 0.22611077297626295 0.36055555555555557 0.55646630236794181 83.587919776119421 1.0000000180025095e-35 0.93541666666666667 0.7543103448275863 0.15047169811320757 53.694939934473979 0.49242424242424249 84.292763157894754 0.65751879699248128 0.93142633228840133 0.98518437225636535 85.196142888450595 0.85725316196149548 0.72363636363636374 0.75592784261388923 0.36038961038961043 0.64918826918041384 0.56723952415987255 27.532467532467535 92.907444668008068 0.91734972677595639 0.79008567931456553
decision_type=2 2 2 2 2 2 2 2 2 2 2 2 2 2 2 2 2 2 2 2 2 2 2 2 2 2 2 2 2 2 2 2 2 2 2 2 2 2 2 2 2 2 2 2 2 2 2 2 2 2 2 2 2 2 2 2 2 2 2 2 2 2
left_child=1 2 -1 4 5 6 -3 12 -8 10 -5 -12 -7 14 15 18 17 -17 -2 20 22 -22 23 24 25 28 27 -27 30 51 31 32 -15 -25 -24 38 -28 -37 -21 -31 -41 -40 -43 44 45 46 -35 -26 -49 -47 -23 53 54 -30 -53 -56 57 -46 -59 60 61 -58
right_child=13 3 -4 9 -6 7 8 -9 -10 -11 11 -13 -14 19 -16 16 -18 -19 -20 35 21 50 34 33 47 26 36 -29 29 39 -32 -33 -34 43 -36 37 -38 -39 41 40 -42 42 -44 -45 56 49 -48 48 -50 -51 -52 52 -54 -55 55 -57 59 58 -60 -61 -62 -63
leaf_value=-0.075639856972123387 0.00015344618526081063 0.65141746431268799 -0.28406966330105782 0.044445634597170658 -0.056929907103999068 -0.080053353611374847 0.0014992748228898733 -0.036207737585198706 0.27525894552707064 -0.0016298540613517004 0.20862415956224728 0.89919169937614951 0.40741585199518016 1.3184603597185225 -0.061828477031844548 1.30363065282565 0.051889330722377489 -0.080128641684104704 -0.064972516456461543 0.049794870274895688 0.11710471971603534 -0.024037697051161318 -0.028527873074146597 0.062407841690492162 0.11018557492186558 -0.0097894691665794779 -0.11252430782646958 -0.096709548252478475 -0.041551080355956213 0.12047451943687232 -0.0308950262958172 0.12103849998773021 0.028856686779492359 -0.051738526471641927 0.086834463702759934 0.10948434931185604 0.05753810971984652 -0.025850175230525043 5.6794226232304116e-05 -0.067605391217412214 0.081585916725529992 -0.050625649982238015 0.064432586682905454 0.11676985997539241 -0.098344076738836453 0.24105848302934343 0.33825703985754391 0.098255244607734354 0.010148887574115566 0.037580313606325147 0.086313167371969521 -0.017261900682884058 -0.0072916929394300535 0.30093190183043372 0.19676976580211661 0.0064163615628757935 -0.021306367977856403 0.10847025908348817 -0.04780620572698701 0.010109021962511169 -0.058176499748302683 0.09438601214695759
leaf_weight=15.508400604252529 250.89562856929842 0.11376609018770867 0.61778608348686326 0.43252447692793694 9.9366608492564392 0.087593534422921837 0.69276617185096256 4.3843527673598146 0.26244156458415091 119.68644965832937 0.094852261885534972 0.056912592670414597 0.16698078106855974 0.059760131145594086 29.202936717534612 0.06069690361619029 2.3288879271349279 0.063869800302200019 3.532770044541393 7.3773146766689015 5.4892378613149031 4.3722839923575521 2.0977624161168915 3.6879161775577805 5.7021046028239626 7.0219035513291619 0.76183420493907661 7.3005799177044537 9.467543370337804 3.612295048638769 1.2785523736456523 3.1045287388478755 0.10221559752244502 1.7737087735586095 6.971805949578993 1.0490122468254401 5.3847396388882771 37.730327930956264 1403.1464690120774 1.9969620889169162 3.9817190510220826 2.3491982277482721 8.5048878754751058 0.9396385535801518 0.94822565669892256 0.70168891071079975 0.19332861080329156 3.6416494822187815 6.2058875686634565 0.90861337490059668 1.914349789265543 2.154438360361385 16.782280906918459 0.16757871430309101 2.1810969146899879 3.0511716799810529 35.005334723609849 2.7774901937882537 1.0166733764781382 11.663868806441313 20.679066449185484 1.4348931527929369
leaf_count=126838 9026 32 296 210 9443 175 210 2292 21 8646 43 8 10 21 178340 33 404 44 2257 234 168 54 63 274 168 315 19 139 10043 108 97 491 73 2889 647 56 391 3328 35367 235 78 35 1123 23 138 106 55 184 179 116 41 97 382 24 98 52 7876 1101 192 302 2836 84
internal_value=-0.000977892 -0.0129535 -0.0836247 -0.00456842 -0.0329849 0.00869991 0.137877 -0.0210672 0.0767142 -0.000872064 0.154354 0.467591 0.239688 -3.58351e-05 -0.00629797 1.48667e-05 0.0794198 0.594128 -0.000750836 0.00105211 0.00920404 0.0596941 0.00580184 0.00282683 0.0177192 0.00641147 -0.0269027 -0.0540951 0.0206357 0.0131644 0.0919697 0.140061 0.504649 -0.0124716 0.0601515 1.06976e-05 0.0364598 -0.0221893 0.000616377 0.0651692 0.031754 0.000359797 0.03953 -0.0160101 -0.0176282 0.0494557 -0.0134081 0.0674667 0.0427309 0.126246 0.00956537 -0.00159053 0.0119654 -0.0355945 0.0557165 0.0857661 -0.0208922 0.0336158 0.0665949 -0.0246503 -0.0317483 -0.0167508
internal_weight=2084.82 152.041 16.1262 135.915 15.6446 5.7079 1.06897 4.63893 0.955208 120.271 0.584289 0.151765 0.254574 1932.78 286.085 256.882 2.45345 0.124567 254.428 1646.69 186.535 11.7759 174.759 165.689 83.9588 68.4092 20.4691 14.3225 47.9401 43.3951 4.54506 3.2665 0.161976 81.7304 9.06957 1460.16 6.14657 38.7793 1421.38 9.59098 5.97868 1414 10.8541 78.0425 77.1029 3.57734 1.96704 15.5496 9.84754 1.6103 6.28663 33.8041 24.169 9.63512 7.38671 5.23227 73.5256 4.74239 3.79416 68.7832 57.1193 36.4402
internal_count=408630 148224 127134 21090 12183 2740 263 2477 231 8907 261 51 185 260406 190104 11764 481 77 11283 70302 30159 263 29896 29186 13194 12663 864 454 11799 11117 682 585 94 15992 710 40143 410 3384 36759 421 313 36525 1158 15718 15695 3166 2944 531 363 222 95 10696 629 10067 247 150 12529 1431 1293 11098 10796 7960
is_linear=0
shrinkage=0.08


Tree=90
num_leaves=63
num_cat=0
split_feature=3 4 6 7 13 9 17 3 6 17 2 6 17 2 3 3 18 5 2 15 2 3 13 3 17 7 4 13 4 6 2 13 9 13 2 2 17 17 5 6 5 4 6 4 6 3 5 2 2 3 2 3 5 3 6 4 18 4 17 17 17 5
split_gain=3.98136 11.5099 2.97416 2.38522 4.21403 2.5486 2.14624 4.15799 3.38702 2.93763 3.79905 3.91545 3.42488 2.9128 2.64002 2.29784 2.5255 2.18148 2.1115 1.97302 1.90664 2.16295 2.8789 1.90315 1.8869 1.8299 2.18074 1.79574 1.76373 1.73028 1.85819 2.23049 1.71273 2.04247 2.19283 2.12355 3.18962 2.82951 1.88614 1.84903 2.8303 2.29977 3.44054 6.01973 2.89022 4.73828 3.89214 2.66107 14.2521 2.30541 1.89896 1.76001 1.69412 8.26039 7.53245 4.22961 1.80333 1.68933 1.68272 2.49455 3.26585 4.16448
threshold=37.248718959400875 70.981706465577446 0.86408966659301212 1.0000000180025095e-35 0.95974235104669903 1.0000000180025095e-35 0.36055555555555557 39.077412513255574 0.7477534634180607 0.52679425837320581 0.62812483410309505 0.9196102655858106 0.50384615384615394 0.87778619847585382 38.507877664504178 43.792808219178092 0.60065359477124192 94.297328687572602 1.0000000180025095e-35 1.0000000180025095e-35 0.62375818625818635 99.425287356321846 0.23303167420814483 96.076923076923094 0.42462121212121218 -1.0000000180025095e-35 76.011695906432763 0.95974235104669903 97.375310002755597 0.9094745137304755 0.96443566095740019 0.47213622291021679 1.0000000180025095e-35 0.72363636363636374 0.71317913730194438 0.52138602138602153 0.17752100840336138 0.23861283643892342 96.881944444444457 0.77210196893416083 73.441913841807931 80.267633369137144 0.67182426792333916 77.805145046524373 0.74086478236837017 14.724480578139117 88.318280704067519 0.49686462778568047 0.50159109895952014 24.440019910403191 0.40660497397339512 9.6399535423925631 75.419203747072615 20.169491525423734 0.85725316196149548 81.099981099981122 0.71806526806526816 88.944444444444457 0.63733075435203113 0.61470985155195701 0.6195238095238097 83.589986575061218
decision_type=2 2 2 2 2 2 2 2 2 2 2 2 2 2 2 2 2 2 2 2 2 2 2 2 2 2 2 2 2 2 2 2 2 2 2 2 2 2 2 2 2 2 2 2 2 2 2 2 2 2 2 2 2 2 2 2 2 2 2 2 2 2
left_child=1 2 27 6 23 24 7 14 -9 10 20 12 13 15 -2 16 -12 -14 -11 -15 21 22 -8 29 -6 58 -27 -1 -24 -5 31 -31 33 34 35 37 -37 -3 -34 40 51 42 43 -42 50 -46 -47 -44 -49 -48 57 -39 53 54 -41 -56 -54 -43 59 -20 61 -61
right_child=3 32 -4 4 5 -7 9 8 -10 18 11 -13 17 19 -16 -17 -18 -19 25 -21 -22 -23 28 -25 -26 26 -28 -29 -30 30 -32 -33 38 -35 -36 36 -38 39 -40 52 41 44 47 -45 45 46 49 48 -50 -51 -52 -53 56 -55 55 -57 -58 -59 -60 60 -62 -63
leaf_value=-0.076497118866889716 0.1487940438901188 -0.053917697430537127 0.10213529395557608 0.018906121259901456 -0.096081311094865576 -0.085165778127998387 -0.063334938581131206 -0.030376153881562333 0.045566384661442215 0.24238968324601737 0.47702324192682577 -0.047537129197452163 -0.055435352686612788 0.11683952242506117 0.56408441584100322 -0.03726010834959969 0.046840392998255508 0.046699744495051487 0.0018482375146388259 0.0084293040739284349 0.21954650486519872 0.086206355200711529 0.012478381991956052 0.088062876126560732 0.091412481402478582 -0.078759651320842436 -0.011163046905875138 -0.23853327933786705 0.11036625607889089 -0.074973952432667773 -0.14116472653345363 0.060924172039423671 -0.042510449418124575 0.068830481002668947 0.089566995664434615 0.074384474586610017 -0.024154430138141926 0.4120530856004217 0.087374387846694643 -0.022218871949914433 0.18408148536276861 0.21075665788746617 -0.017595630846857103 1.0258536295621359 0.3030871341478974 -0.019372648630733874 0.034753238592947246 2.0493592683618851 -0.08022662108704802 0.24726193047280531 -0.025467341012762802 -0.037076896190876785 -0.1033590249833061 -0.049073628510227174 0.25878278124312087 0.68237374330060363 0.00033534515754562978 -0.016021904389489635 -7.7653721422807733e-05 0.019280947617937944 0.0098664609439885684 0.10077010027967714
leaf_weight=16.233959348432116 0.44327795167191908 5.1424756118212818 0.58842104866925993 3.777979202615823 0.36006544262636442 0.62421454396098841 2.8499721294938301 5.582744471961635 11.503250276669858 0.23107807378983025 0.097062856162664413 23.104416237445548 12.586773639592137 1.1062107173929678 0.12576217337482376 14.684015308925153 0.87206831740695634 1.4976361114531744 148.82595757061063 37.374581839678285 0.31880527985049489 2.6533309162405212 6.3608271312732541 1.1706275945762179 7.4766789569694083 3.6494275309414688 18.735601274995133 0.44985186733174387 1.4457852109335361 2.0555848178919409 1.1719639422371981 1.2387567823752759 11.114358105551215 2.5289760576561084 1.5869153626263131 2.215587002108804 41.131487392136478 0.056869345658923875 0.76478173001669425 0.47279234084999122 0.19201390122179685 0.46533481241203833 0.43301098037045449 0.075848438602406532 0.60303431423381004 1.783899726404343 0.55185418482869841 0.026287921209586784 0.085618491692002863 0.80086066504009068 3.3981796306325123 3.087364955295925 1.096343954122857 1.7604151116393039 0.48453702474944293 0.21907529304735363 51.202709374134429 0.38347205426543951 1555.9284634951946 10.339756573892375 46.64835330643109 6.5601916750892988
leaf_count=125777 108 222 825 2742 12 6 3267 4383 289 5 67 293 3110 110 39 8844 335 19 28032 4830 203 275 3359 82 1106 1112 314 199 27 49 21 36 4034 36 52 46 5498 25 28 124 52 34 215 25 19 276 22 14 67 30 340 2258 89 1161 51 19 2480 14 190676 3029 7920 153
internal_value=-0.000626347 -0.0132294 -0.0746318 0.000345511 0.0294327 0.0704063 7.37829e-05 0.0278378 0.0207526 -0.000184765 -0.0131933 -0.0190732 -0.00943296 -0.000289798 0.240576 -0.0293857 0.0899251 -0.044575 0.000577561 0.0115458 0.0262066 0.0215756 0.00548355 -0.00738927 0.0827979 0.000546356 -0.0221833 -0.0808662 0.0306072 -0.0209428 -0.0546503 -0.0238728 -0.00517436 -0.00230098 -0.00383514 -0.00511657 -0.0191178 0.00327526 -0.0341484 0.00765329 0.0361953 0.0594745 0.187678 0.422439 0.0464276 0.0977135 0.0582291 0.0722778 0.420034 0.160567 0.00126816 -0.0289535 0.00148164 0.0606051 0.224732 0.390671 -0.0018384 0.108303 0.000834092 0.00751386 0.0207824 0.0509133
internal_weight=2080.34 148.936 17.2722 1931.4 17.8759 8.46096 1913.53 17.655 17.086 1895.87 104.951 91.3228 68.2183 54.1339 0.56904 15.6531 0.969131 14.0844 1790.92 38.4808 13.6287 13.3099 10.6566 9.41491 7.83674 1790.69 22.385 16.6838 7.80661 8.24428 4.46631 3.29434 131.664 119.785 117.256 115.669 43.3471 72.322 11.8791 67.1795 11.9436 8.79942 0.81278 0.267862 7.98664 3.73965 3.13661 0.544917 0.111906 1.35271 4.24699 3.14423 55.2359 2.93682 1.1764 0.703612 52.2991 0.848807 1768.3 212.374 63.5483 16.8999
internal_count=408885 144032 126801 264853 4054 1124 260799 4819 4672 255980 24739 17608 17315 14186 147 9246 402 3129 231241 4940 7131 6928 6653 2930 1118 231236 1426 125976 3386 2848 106 85 17231 13169 13133 13081 5544 7537 4062 7315 3391 1108 373 77 735 347 328 296 81 52 388 2283 3924 1355 194 70 2569 48 229810 39134 11102 3182
is_linear=0
shrinkage=0.08


Tree=91
num_leaves=63
num_cat=0
split_feature=3 20 7 13 9 17 6 0 18 17 2 1 6 17 0 20 2 17 2 13 2 1 18 9 6 5 6 2 0 20 5 1 1 2 5 1 3 13 13 6 6 6 6 20 20 5 2 9 5 2 3 17 1 17 3 0 2 20 5 1 2 1
split_gain=3.51859 10.9823 2.11303 3.85776 2.29884 1.80701 3.18157 2.58135 3.07593 2.51394 3.24598 3.96617 3.33974 2.99985 2.59726 2.58373 4.6095 3.24609 2.97904 6.11752 2.49593 2.69474 4.93393 4.86783 10.0835 3.65718 2.84394 20.3981 2.36884 2.3058 2.41574 2.20423 2.08451 2.0778 1.90437 1.74797 2.56189 3.12299 3.87671 9.81453 2.28832 1.73208 1.7238 2.39475 3.74746 3.29033 2.02064 2.29348 2.134 1.92 1.71162 1.70719 1.68073 1.6558 2.05762 1.91603 4.97906 2.97149 2.78722 3.05762 3.11862 3.04311
threshold=37.248718959400875 42.255477600305198 1.0000000180025095e-35 0.95974235104669903 1.0000000180025095e-35 0.36055555555555557 0.7477534634180607 16.500000000000004 0.827216610549944 0.52679425837320581 0.62812483410309505 0.37176079734219275 0.9196102655858106 0.50384615384615394 23.500000000000004 53.678919483456262 0.58731402696919954 0.80707196029776684 0.52511380527684892 0.39444444444444449 0.87778619847585382 0.31311274509803927 0.89371116550555463 1.0000000180025095e-35 0.87241706506222649 77.345911949685544 0.5071010860484545 0.6860928362573101 14.500000000000002 45.566414263103361 84.384031791907532 0.38956639566395668 0.28416149068322988 0.86334401709401731 94.297328687572602 0.15301003344481609 52.479508196721319 0.49242424242424249 0.56330128205128216 0.9094745137304755 0.96187226822121419 0.84638075584312156 0.78182490796207949 -13.606374056471902 -8.1832855616220765 77.345911949685544 0.88129803675856322 1.0000000180025095e-35 57.205789804908754 0.89998316498316511 96.076923076923094 0.42462121212121218 0.46470099667774095 0.56048780487804895 45.867486338797825 12.500000000000002 0.92500871080139391 -78.547459252157225 41.036837980069429 0.50396825396825407 0.61383279169698468 0.27842377260981921
decision_type=2 2 2 2 2 2 2 2 2 2 2 2 2 2 2 2 2 2 2 2 2 2 2 2 2 2 2 2 2 2 2 2 2 2 2 2 2 2 2 2 2 2 2 2 2 2 2 2 2 2 2 2 2 2 2 2 2 2 2 2 2 2
left_child=1 -1 5 50 51 6 28 41 -9 10 11 29 13 20 15 35 17 18 -17 -20 21 22 23 26 25 -25 27 -12 -2 -7 -31 -18 -32 -10 -15 36 37 40 39 -39 -11 -8 46 45 -45 -44 47 -22 -49 52 -4 -5 -46 -37 -55 -56 57 -57 -59 60 61 -60
right_child=2 -3 3 4 -6 9 7 8 33 14 12 -13 -14 34 -16 16 31 -19 19 -21 42 -23 -24 24 -26 -27 -28 -29 -30 30 32 -33 -34 -35 -36 53 -38 38 -40 -41 -42 -43 43 44 49 -47 -48 48 -50 -51 -52 -53 -54 54 55 56 -58 58 59 -61 -62 -63
leaf_value=-0.077840296646092558 -0.067031466942968285 -0.0052033685475951835 -0.019341498843271191 -0.085401742833483535 -0.078516575479748191 -0.04609175172148848 0.15520243919217128 0.16720821173000186 0.029666006197019881 -0.055934730849192302 -0.080180698002802211 0.086755639469180232 -0.044095001164611479 -0.052617108338015771 -0.054230834154903158 0.32073830277657339 -0.021370475166937682 -0.026508662096460404 -0.031482127929963882 0.23056339643568152 0.060115323466414558 -0.039764617367061834 -0.035909764376655821 -0.080014185379220837 3.5126192927267232 0.93756079189105535 0.10553549449198077 5.6023345449693123 0.038988837564373914 0.1457961764161424 -0.037399447482836294 0.11162713587303741 0.095186195869794196 -0.07412289772351574 0.042984917142122957 0.015984307846046378 0.12768095244001593 -0.08083253130079926 0.068761010748886117 1.9472840635093993 0.27350323586637865 0.059293611311367907 0.014094763659655434 -0.050585861790038121 0.056519003811376874 0.14509480174912881 -0.0096944227076484618 -0.080078241995453978 0.70561756814711252 0.11123954046542001 0.08745223826362912 0.090459959471126172 -0.041524724757692935 -0.028025264556575051 -0.00045417590323315723 0.093226526644980906 0.076323868407266279 -0.057114348486756061 0.048823702651610831 -0.011834445962792244 0.02454942999283144 -0.064754584428386941
leaf_weight=14.813389199134688 3.3433536106749697 132.28382075392437 8.2037824958242727 0.37213878100737829 0.62295557931065548 4.5433296759947535 1.6494333042719498 0.71073055909073435 3.2146202547592111 1.8972858405468289 0.022518454279633171 4.396177866474317 22.923125403234735 12.215734859499205 5.5257710687692443 0.54710006504319508 5.1818740031449124 0.83402096247300495 1.0334868049249055 1.2718204017728565 1.3622731392388256 13.604805841547202 1.1763962984259704 0.038564242404390825 0.0077897137962281695 0.054619703441858292 0.54788289817224722 0.0049275287819909855 2.260822743854078 0.97959215682931233 2.4393816874362533 0.94260717649012793 1.1016434449702499 2.004075163975358 1.4969262303784479 42.349985659428057 1.7019330037583129 0.03422969378880214 0.14691911867703311 0.02757119107991457 0.14527537603862573 4.4738489023875445 2.5438907236675723 4.0796029455959788 2.8790929354727259 2.3705881647765636 21.323871673244867 0.032544096895435248 0.069098255131393671 2.0453520650044084 1.0878641729941581 6.9716322374733863 1.8304786068620158 16.637133889449615 1602.9550126651156 2.4435619193827725 6.8886271457886314 4.5675820053875205 2.1393835693197607 35.322475127999496 52.992650978783786 5.1299482398026157
leaf_count=123939 941 20093 2848 12 6 6383 31 22 115 4587 105 611 293 3110 9779 37 126 90 51 22 307 7526 447 492 1 2 654 19 3567 41 82 37 14 21 19 8565 1194 54 19 2 5 122 33 40 41 34 4241 190 2 34 82 1106 18 19847 142372 79 262 32437 1323 1482 8030 841
internal_value=-0.00059156 -0.0125183 0.000317578 0.0281847 0.0690321 6.61004e-05 0.0255402 0.0486964 0.0110731 -0.000171282 -0.0122576 0.0244005 -0.0177019 -0.00876622 0.000531267 0.000700775 0.0416422 0.112322 0.152915 0.113086 -0.000280075 -0.0274383 0.0630772 0.23526 0.74758 0.516437 0.145345 0.940033 -0.024261 -0.00584288 0.0346082 -0.000901067 0.00384909 -0.0101908 -0.0421808 0.000474529 0.0536115 -0.00238376 0.292374 0.82397 -0.0325037 0.0851286 0.0106133 0.0309659 0.00995587 0.077285 -0.00345265 0.087467 0.454052 0.0465198 -0.00683811 0.0815483 0.0184122 0.000355945 -2.68376e-05 0.00024518 0.0104844 0.00606374 0.00393709 0.00685449 0.017809 -0.0313282
internal_weight=2076.82 147.097 1929.72 17.2584 7.96673 1912.46 17.6569 12.0527 5.92943 1894.81 104.09 13.4601 90.6301 67.707 1790.72 1785.19 9.81091 3.68643 2.85241 2.30531 53.9943 15.4575 1.8527 0.676303 0.100974 0.0931839 0.575329 0.027446 5.60418 9.06395 4.52062 6.12448 3.54103 5.2187 13.7127 1775.38 3.95321 2.25128 0.20872 0.0618009 2.04256 6.12328 38.5368 15.749 10.8345 4.91448 22.7878 1.46392 0.101642 6.75492 9.29165 7.34377 4.70957 1771.43 1729.08 1712.44 109.484 102.596 100.152 95.5845 60.262 7.26933
internal_count=408885 144032 264853 4054 1124 260799 4819 311 158 255980 24739 7131 17608 17315 231241 221462 363 200 110 73 14186 9246 1720 1273 495 494 778 124 4508 6520 137 163 96 136 3129 221099 5861 4667 75 56 4592 153 4940 200 133 67 4740 499 192 93 2930 1118 59 215238 206673 186826 44454 44192 44113 11676 10194 2164
is_linear=0
shrinkage=0.08


Tree=92
num_leaves=63
num_cat=0
split_feature=2 4 6 1 7 2 2 13 17 2 18 17 0 13 9 18 17 1 0 13 13 18 4 4 18 13 6 6 5 10 6 4 6 1 17 4 18 17 2 1 17 6 6 6 4 4 18 4 5 18 1 6 6 1 6 4 18 5 5 4 5 4
split_gain=2.70045 13.1979 3.96284 28.6694 3.70551 3.20793 4.16823 4.1077 4.73001 4.74111 3.4639 3.18692 3.19162 3.02258 3.38121 3.34419 2.97617 2.75847 3.67797 3.19685 2.92402 2.80134 2.72513 2.70003 2.50836 2.50666 2.26674 3.89328 3.6864 3.30929 2.18005 2.62831 2.65061 2.14357 2.43749 2.26955 3.05532 2.10713 3.00355 2.89718 2.14706 2.40866 2.61187 3.12127 3.56914 2.97419 2.71117 3.07171 2.17562 6.56363 2.1056 2.13786 2.09232 4.89595 3.6719 2.51678 2.38445 2.04824 3.13142 2.1437 2.00795 1.98602
threshold=0.74100014994751839 63.656746840603347 0.87241706506222649 0.3465463108320252 1.0000000180025095e-35 0.82501879699248137 0.84376154693852479 0.78416149068322993 0.73123827392120078 0.95557280883367857 0.95670914542728647 0.551981471950592 12.500000000000002 0.60303030303030314 1.0000000180025095e-35 0.67451088962716887 0.61167800453514753 0.81016731016731025 3.5000000000000004 0.74179894179894201 0.64611005692599621 0.86121248986212506 93.035692078099757 67.704421562689291 0.98675438596491238 0.36700336700336705 0.98186147186147199 0.95203030303030312 92.071349992142089 1.0000000180025095e-35 0.9094745137304755 94.759725400457668 0.94091693330823767 0.35339366515837106 0.32630878438331862 93.035692078099757 0.99683544303797478 0.52679425837320581 0.86530166262309127 0.45889639639639646 0.50384615384615394 0.9094745137304755 0.6881329841007261 0.66140972197871195 89.784322820037133 73.36391437308869 0.80070921985815613 64.624765478424024 76.409794360822573 0.83796653796653808 0.23013871374527115 0.8905029937382879 0.9196102655858106 0.41742424242424248 0.95203030303030312 54.328123884963965 0.93533452807646367 90.636241007194258 81.900656814449931 96.884704968944121 51.628047857034687 33.132464515192225
decision_type=2 2 2 2 2 2 2 2 2 2 2 2 2 2 2 2 2 2 2 2 2 2 2 2 2 2 2 2 2 2 2 2 2 2 2 2 2 2 2 2 2 2 2 2 2 2 2 2 2 2 2 2 2 2 2 2 2 2 2 2 2 2
left_child=1 2 -1 -4 5 11 26 8 -8 10 17 12 -2 15 24 61 -16 21 19 20 -19 25 -14 -11 -15 -10 27 28 -7 -30 50 32 -32 34 35 -9 -37 38 -35 52 41 42 43 44 -40 46 -44 -48 -47 -50 -17 -52 55 54 -54 -39 -57 58 -51 -59 -36 -13
right_child=4 -3 3 -5 -6 6 7 33 9 23 -12 13 22 14 16 30 -18 18 -20 -21 -22 -23 -24 -25 -26 -27 -28 -29 29 -31 31 -33 -34 37 60 36 -38 39 40 -41 -42 -43 45 -45 -46 48 47 -49 49 57 51 -53 53 -55 -56 56 -58 59 -60 -61 -62 -63
leaf_value=-0.070724771319724072 0.034924924341656061 -0.0030567758020790927 -0.080024853687049466 7.3991399607597934 0.044487816285700379 -0.030388875420798534 0.090281150726084669 -0.028281976816281491 -0.020494289710587026 -0.01211572372162874 0.068999676712769201 -0.081123245586929682 -0.014446664537531585 0.10209804236790893 0.23542007434857759 0.16634197032339024 -0.044834140835118497 -0.085519334711698605 0.13233043737929776 0.020123554122530522 -0.25835307459369966 -0.039905352866586939 -0.14714881740722807 0.086651042396137079 0.0034976626169612736 0.1052618223397767 0.071660919937817744 -0.088995705132944844 0.12533534246741926 -0.017834912947362173 0.066838854076044174 0.095247578029788407 -0.061795856040837815 -0.086389677990236613 -0.041918058260871811 0.2022440990610834 -0.011907214943334266 -0.055766839363404958 -0.012964107562897011 -0.00021319450166597479 -0.041086376503958723 -0.030432120630050165 0.2749875285653362 -0.1139126513270262 0.33759560596881755 -0.0362121089817651 -0.093649836801476399 0.16067992440144788 0.11293686927187983 0.063630767341904718 -0.0062989533344949278 -0.091209349610681334 -0.16669138015145568 0.079217792710525189 0.017158066997363795 0.11505378129982859 0.023155240412169209 0.06734770437295573 -0.038526058127337795 -0.03654472840003057 0.10663982132691638 0.095335217424481491
leaf_weight=20.606191717808546 2.8168017169664372 276.10308775419981 0.026502032997085645 0.0037434670957736662 12.213685248541877 24.981049050576988 6.3701243624382178 4.2443256298356555 1.9314718576133652 2.4195453350548615 2.8451229754136866 0.45385473035276191 2.12272940704861 8.1466637234807404 0.26860643784311777 0.4085796578656361 2.4963543655103422 1.4986396701715423 0.44086519080883579 0.86327131238067512 1.0764662511646745 6.1907457420602441 1.8566615511663256 6.6132649237988517 2.0710294161071934 2.1365491445212683 1.4326194045133878 6.1201482745818785 1.9935215380974103 2.1450647823512554 1.9058032324537624 3.0872203449252993 2.2187502449378371 3.4832163738210502 0.69579381795119832 0.74829564522951819 0.99111530766822398 1.034486954442398 9.3770674995757837 1552.5303093574912 11.901090520659634 15.560289300046859 0.51281914809806295 2.0909179578011381 0.18963339552283365 4.7538319267332581 0.51398024657828478 0.74366398714482784 4.2438042545691159 2.4196023270487812 14.396856367871807 2.1858811536803833 1.4060123024974012 2.4559335598023608 1.3753609785344449 4.4071971936937189 3.0626777593715815 4.6351560633629552 9.3075715443119389 1.7513610599562524 3.5696216799842659 4.0585474281142524
leaf_count=193356 257 36478 168 2 1268 17759 857 942 165 693 202 215 1009 2045 179 16 1470 143 13 17 8 291 23 662 103 413 52 50 31 24 35 148 26 1889 784 16 43 5249 5421 132083 1419 206 25 329 3 46 85 13 57 32 1040 25 12 54 29 222 98 59 88 21 109 308
internal_value=-0.000604465 -0.00766927 -0.0693817 0.845667 0.000574768 0.000270989 -0.000302089 0.000280198 0.0284955 0.013367 -0.0115395 0.0205623 -0.0302368 0.0288418 0.0608747 0.0143592 -0.0176084 -0.0277472 -0.0852123 -0.113105 -0.157769 -0.00601739 -0.0763614 0.0601952 0.0821127 0.0455536 -0.0269835 -0.0309937 -0.0188033 0.051129 0.00257109 0.0394248 -0.00235853 -0.00027428 0.0361978 0.00325867 0.0802208 -0.000502524 -0.0139345 0.000110506 -0.0102231 -0.00367572 0.00659421 -0.0253678 -0.00601523 0.0194951 0.119955 0.0567392 0.0129347 0.0233847 -0.013071 -0.0174916 0.0366821 -0.00309662 -0.0757797 0.0611794 0.077375 0.00240377 -0.0174486 0.0388575 0.0824064 0.0775871
internal_weight=2074.51 296.74 20.6364 0.0302455 1777.77 1765.56 1717.06 1680.39 32.3861 26.0159 16.9831 48.4943 6.79619 41.6981 12.9827 28.7155 2.76496 14.138 3.87924 3.43838 2.57511 10.2588 3.97939 9.03281 10.2177 4.06802 36.6724 35.2398 29.1196 4.13859 24.2031 7.21177 4.12455 1648.01 10.2492 5.98374 1.73941 1637.76 71.484 1566.27 68.0008 56.0997 40.5394 11.6576 9.5667 28.8818 1.77046 1.25764 27.1113 22.3575 16.9913 16.5827 13.7417 5.23731 2.78137 8.50436 7.46987 18.1137 11.7272 6.38652 4.26542 4.5124
internal_count=408885 230004 193526 170 178881 177613 170714 152798 3464 2607 1252 6899 1289 5610 3797 1813 1649 1050 181 168 151 869 1032 1355 2148 578 17916 17864 17814 55 1290 209 61 149334 1894 1001 59 147440 9693 137747 7804 6385 6179 5753 5424 426 123 98 303 257 1081 1065 5664 95 41 5569 320 200 120 80 893 523
is_linear=0
shrinkage=0.08


Tree=93
num_leaves=63
num_cat=0
split_feature=3 4 0 2 0 0 2 17 0 0 13 3 2 0 17 4 17 0 6 3 20 17 17 20 0 20 20 13 13 6 18 5 18 17 4 17 20 6 6 17 0 5 17 13 2 18 18 13 13 6 5 20 0 3 2 0 20 13 4 0 13 3
split_gain=2.84629 11.58 6.19734 4.0063 3.95641 3.08446 2.98732 6.78139 6.54165 5.30508 5.10871 6.25641 5.61588 4.69226 5.38914 4.46127 4.0027 6.56853 3.69923 3.58182 4.58447 3.22443 3.51577 3.1831 3.17663 3.73586 3.69655 3.36476 4.17594 3.14114 3.13983 3.11758 4.98464 17.5682 29.8057 3.79546 10.842 3.03243 2.99284 3.66918 4.78473 4.29907 2.95446 3.78557 4.13145 3.11661 6.22798 4.028 3.72244 3.62395 3.12359 3.35728 3.0523 6.47177 3.20085 2.94479 3.18624 3.48815 3.26675 3.06613 2.97684 2.81336
threshold=78.629976580796267 65.129568106312306 8.5000000000000018 0.93603069053708454 20.500000000000004 19.500000000000004 0.91306418219461705 0.72281323877068571 8.5000000000000018 12.500000000000002 0.74179894179894201 90.366769774635458 0.86957219704561217 14.500000000000002 0.68042553191489374 76.011695906432763 0.7886762360446572 8.5000000000000018 0.86408966659301212 90.366769774635458 5.6538600666729453 0.49561403508771934 0.46470099667774095 -2.7777777777777746 8.5000000000000018 -1.5384615384615363 -2.1645021645021596 0.92582417582417598 0.64611005692599621 0.88138333138333158 0.99683544303797478 53.070896605087533 0.40824829931972795 0.94028520499108748 45.341085271317837 0.82426470588235301 -53.573593073593067 0.59043658688055245 0.71356849033186964 0.79008567931456553 9.5000000000000018 55.106575963718825 0.81016731016731025 0.92582417582417598 0.89735591206179455 0.99683544303797478 0.97883538633818601 0.60990338164251223 0.31414473684210531 0.88138333138333158 91.368667518092821 29.032258064516135 11.500000000000002 72.87157287157288 0.91513878278584171 10.500000000000002 44.368781995556851 0.49242424242424249 94.189797449362359 7.5000000000000009 0.80625000000000013 87.585616438356183
decision_type=2 2 2 2 2 2 2 2 2 2 2 2 2 2 2 2 2 2 2 2 2 2 2 2 2 2 2 2 2 2 2 2 2 2 2 2 2 2 2 2 2 2 2 2 2 2 2 2 2 2 2 2 2 2 2 2 2 2 2 2 2 2
left_child=1 2 -1 42 5 6 7 8 19 24 23 12 38 14 15 -11 17 30 -19 20 -2 22 -21 -9 25 26 -8 28 -27 -25 -13 32 -18 35 -35 36 -34 -29 39 40 -12 -42 43 44 45 46 48 -48 -3 50 51 -50 54 -54 -44 59 57 -57 -59 -51 -58 -28
right_child=4 3 -4 -5 -6 -7 9 10 -10 13 11 16 -14 -15 -16 -17 31 18 -20 21 -22 -23 -24 29 -26 27 61 37 -30 -31 -32 -33 33 34 -36 -37 -38 -39 -40 -41 41 -43 52 -45 -46 -47 47 -49 49 55 -52 -53 53 -55 -56 56 60 58 -60 -61 -62 -63
leaf_value=0.0007655285483171506 -0.097004208617850737 -0.0075443181774760898 -0.06871483574482809 0.072609724521559435 0.055083957219541901 -0.05211354391877545 -0.00046840735820882339 0.02267128329880394 -0.0097009986923704428 0.20648270924967502 1.0191242669702878 0.12914030723073275 0.013543163554748779 -0.028954787215694239 -0.0066253963919691806 0.071901515196455865 0.12433026632124027 0.44486177132034849 0.17353934645449173 0.022339791372921001 0.13700246864640062 0.049371904619594703 -0.11252052613982821 0.02632888772905741 -0.013232987439265449 0.098065894067612069 -0.19352669963171137 -0.10072385876128959 -0.035029726689659015 -0.059568286937737698 -0.10988392010321825 0.050251645610308024 -0.080090026542076254 -0.080026471665178595 6.3263291931366679 0.11256878896030621 3.7823327484862834 0.027786487057777195 0.071215803508490411 0.13997406341157451 -0.081379061106586659 0.74896573578257641 -0.002671413961658793 -0.01430115272114974 0.095754081610135766 -0.011632118729979076 0.095107756296970825 0.010936141524024934 0.068074664938937268 0.039285829395414577 0.085503409153530691 0.0094232525947517964 -0.045171483001098099 0.074542020274949716 -0.066833038114420762 0.13908768203318311 -0.014443802143334378 -0.016745235400847314 0.10331931509078286 -0.084887877811103712 0.12762428266091688 -0.033849411869712458
leaf_weight=11.752749062692599 2.6595434839109653 67.697267183859367 27.302163871052471 4.5232338237692593 8.6097199387077108 7.0441753313571089 1124.2700443987269 18.17888688360836 119.15277763278937 2.1106032205716492 0.075932112355075132 1.585215366372722 33.042062678694492 4.1629617711805613 4.0385462514386736 6.2284285014029592 0.89002164400881045 0.63287434891390126 0.65388173470273614 4.5118418614365501 0.6709961351007222 26.530259957180533 1.7045840088467228 4.1360084931366128 124.59484720675391 1.7243866610806424 0.74803786235861203 1.198278734460472 12.062624759273602 7.9845875418977812 0.45201630517840374 9.4416597498347965 0.012978492268302944 0.0099274869862711057 0.0087397244060412049 0.1109531261245138 0.007249195026815868 60.892209940473549 4.7107334522297606 0.84996171503007645 0.099254492481122725 0.066738689318299294 97.963085601964849 71.49789623048855 3.3046580839436492 50.731763838892221 8.7775388379304768 6.2149800544138989 8.5080318394611805 1.772975712083279 6.5888747081626198 23.494507142218936 30.258720554316824 3.195324163651093 5.2424611446913323 2.1564110056351655 18.642695154558172 4.4972926309565082 2.1406688215211034 4.5099192232592031 0.99427841603755851 12.621723781805485
leaf_count=20171 393 15771 239334 517 1676 718 78169 1588 12357 264 26 105 3132 167 159 101 25 52 14 611 11 2493 40 67 7150 116 9 15 202 136 4 213 37 37 4 79 15 3199 94 224 69 2 1990 1076 141 1873 597 72 545 36 131 3313 8171 49 65 105 619 64 57 50 20 345
internal_value=-0.000590883 -0.00612712 -0.0478062 -0.00227635 0.000998472 0.000707412 0.000941008 0.00920343 -0.000664287 -0.000511719 0.0276696 0.0427307 0.0262903 0.0445174 0.0692284 0.105964 0.0889892 0.165482 0.306986 0.0291814 -0.0498594 0.0372203 -0.0146398 0.00149861 -0.00106833 0.000180647 -0.000965701 0.017368 -0.018383 -0.0302569 0.0761062 0.0647311 0.196199 0.623066 2.91934 0.296303 1.30412 0.0253064 0.0988766 0.218214 0.493094 0.252467 -0.00308633 0.00159857 0.00701106 0.00559245 0.0111941 0.0602154 0.00598179 0.0184731 0.0353433 0.025016 -0.0127376 -0.0337372 -0.00593059 -0.00028137 0.0106719 0.0506909 0.0219742 -0.0498472 -0.00725047 -0.0427834
internal_weight=2070.25 461.767 39.0549 422.713 1608.49 1599.88 1592.83 238.18 155.23 1354.65 82.9497 52.6502 38.8447 16.5405 12.3776 8.33903 13.8055 3.32399 1.28676 36.0772 3.33054 32.7467 6.21643 30.2995 1338.11 1213.52 1137.64 75.8775 13.787 12.1206 2.03723 10.4815 1.03987 0.149848 0.0186672 0.131181 0.0202277 62.0905 5.80262 1.09189 0.241925 0.165993 418.189 281.53 210.032 206.727 155.995 14.9925 141.003 73.3057 38.5914 32.0025 136.66 33.454 103.206 34.7142 28.4313 8.79437 6.63796 6.28289 19.637 13.3698
internal_count=408885 294767 259505 35262 114118 112442 111724 21828 15905 89896 5923 4132 3547 691 524 365 585 175 66 3548 404 3144 651 1791 89205 82055 78523 3532 318 203 109 410 197 172 41 131 52 3214 415 321 97 71 34745 24470 23394 23253 21380 669 20711 4940 3989 3858 10275 8220 2055 951 865 226 121 86 639 354
is_linear=0
shrinkage=0.08


Tree=94
num_leaves=63
num_cat=0
split_feature=0 5 3 2 4 5 6 3 9 18 20 4 5 18 6 10 0 6 18 0 20 1 2 1 18 4 18 18 1 6 0 2 4 0 18 18 3 4 20 13 4 18 4 6 6 13 18 18 4 6 0 4 4 4 6 5 18 5 6 20 18 5
split_gain=2.52697 2.31101 2.30222 2.48117 4.90049 1.96644 7.39145 9.78588 7.13995 3.92093 3.66458 3.37034 4.47108 4.3968 4.09628 3.74837 3.52491 3.08786 3.85805 3.07717 3.03953 3.03729 4.01512 3.74225 3.28439 3.21558 3.14597 3.03624 2.98438 3.37884 2.94005 6.23213 2.84821 2.83694 2.83031 4.46461 2.69062 2.62507 3.8298 3.3468 2.72384 8.37209 2.6027 2.72293 2.54614 2.63408 2.54476 2.67883 2.41073 2.39371 2.28261 2.29316 3.13556 2.24866 2.20849 3.05099 5.89488 3.49497 6.10735 2.61543 2.17671 11.9082
threshold=23.500000000000004 70.480385986993923 99.425287356321846 0.86032647907647919 1.0000000180025095e-35 71.460892049127366 0.84198324994625262 41.444372153545878 1.0000000180025095e-35 0.61964176362522971 16.631127478839407 71.705630308952877 67.750749162700529 0.94881152910349997 0.723033549286349 1.0000000180025095e-35 8.5000000000000018 0.79232550499217169 0.67684537684537693 18.500000000000004 16.890019763305158 0.6436507936507937 0.88668052668052677 0.70900537634408611 0.51690154256332133 83.587919776119421 0.91163456533055709 0.76209992193598752 0.18561584840654613 0.77210196893416083 20.500000000000004 0.84107310792655632 73.36391437308869 9.5000000000000018 0.7003937007874016 0.60065359477124192 87.026647966339425 41.002092050209214 -15.787713430734021 0.71008403361344541 41.452661328308999 0.39321041006434271 68.863315600911974 0.77210196893416083 0.58067170098420118 0.64611005692599621 0.91388579903596601 0.64308462238398556 89.784322820037133 0.65890744595142403 6.5000000000000009 86.752489409693581 76.011695906432763 68.244631185807677 0.70290765607030559 48.198949644732785 0.55143622869708642 48.394461629105912 0.68943644968670259 -48.495432128708863 0.82508741258741269 84.384031791907532
decision_type=2 2 2 2 2 2 2 2 2 2 2 2 2 2 2 2 2 2 2 2 2 2 2 2 2 2 2 2 2 2 2 2 2 2 2 2 2 2 2 2 2 2 2 2 2 2 2 2 2 2 2 2 2 2 2 2 2 2 2 2 2 2
left_child=5 2 -2 -4 -5 6 7 -1 10 -7 11 13 15 14 19 46 -17 18 50 54 -12 22 24 -23 -8 -26 32 37 29 33 -19 -32 -25 -20 35 -14 -34 -10 40 -40 41 -39 43 -16 -22 48 47 49 -46 -13 -11 52 -52 -45 55 56 -9 58 -57 -56 61 -30
right_child=1 -3 3 4 -6 9 21 8 27 17 20 12 34 -15 42 16 -18 30 28 -21 44 23 -24 26 25 -27 -28 -29 60 -31 31 -33 36 -35 -36 -37 -38 38 39 -41 -42 -43 -44 53 45 -47 -48 -49 -50 -51 51 -53 -54 -55 59 57 -58 -59 -60 -61 -62 -63
leaf_value=-0.062373421426690438 -0.071415737870410168 -0.011464313701520366 -0.08089573521762862 1.7208027198082132 0.2255493056933921 0.064546960633688505 -0.14501732710200277 0.0016279933019039297 -0.073093706935482713 0.027147827886525398 0.3265697998934371 -0.018233973640776228 -0.00083699476443251455 -0.043206555977017197 0.072576481796842812 0.082256540347062285 -0.04574214280106715 -0.0023126813377509978 0.18879250955090654 -0.075303453260983672 -0.094707479587186449 -0.044096116007425801 0.12228751878308637 -0.02468044023999072 0.023892572127492104 0.14598486259285162 0.0854871125643996 -0.044412078230154035 0.00097699639396378168 -0.02823762737638703 0.01569954171072005 0.18203792733999336 -0.093662795068597093 0.050761397739179939 -0.029636345826716304 -0.14175657758749802 0.060577408366823619 2.5290484082154792 0.072234685924049219 -0.064655228122442329 0.01105766359407004 0.18245254472243208 0.099435812598189982 0.010835356053083191 -0.034182777522163491 0.087700130760607231 0.068654664309578811 -0.049440868355175124 0.12056684974211175 0.035600145142510239 0.014490881997309593 0.037221188749168431 0.24890099441422642 -0.12215214646012927 0.2000623478099445 0.083967976127318475 -0.049596491861187718 0.015930142166957185 0.62959872953988438 -0.049394640867683574 0.0014949446847524969 0.069949544112599932
leaf_weight=19.254557619584375 6.9170646417078379 30.090835242939647 0.15147359995171417 0.015540486201643944 0.14411443344579311 6.2738405005366067 0.63650514733671926 287.1161206957695 3.9963540174940126 4.6432242463342837 0.2422746973024904 20.729300854261968 2.2045607417821911 13.948521546633854 4.6114211004569388 5.3050762857310465 1.8596151689998803 882.71878725125862 1.0638479866320256 3.3691576563651315 0.82611988437565642 5.9399354176130172 4.2819175091572097 7.4663191833533364 9.3595543537376198 1.6194651713012707 4.6971756018465376 35.614830625494506 80.102312105766032 3.2753085425065356 18.431151492142821 1.5638704628217954 0.80790946586057533 9.1427524784521648 15.926396676630246 4.1427349578589201 6.9552922876318917 0.01072978065349417 1.3193872381307272 8.5526575830554066 23.554850986216479 0.10448626190918731 3.8440506429178631 6.7388138781643647 2.8971137049375089 5.392997275419475 2.2809580477769478 12.219960687332785 0.82852266705594946 7.0955140266451044 0.52612301200861145 1.3264188700122757 1.1940977495978584 0.92548810155130912 0.27891066977463186 0.93485821712238137 15.136010413680195 61.779507073297282 0.15274216044781497 7.559865578012249 375.15854683807993 20.025437180767767
leaf_count=114699 46128 3113 181 2 115 202 23 21599 25474 81 56 270 35 12914 321 226 23 22307 36 10912 60 70 93 182 4423 91 133 50756 1482 386 1414 38 22 1738 175 31 201 3 1133 1193 3624 430 62 588 1061 108 36 142 21 114 34 57 84 10 107 146 68671 4171 15 398 6222 443
internal_value=-0.000593066 -0.0212215 -0.0618403 0.151042 0.371094 -0.000213458 -0.00395656 -0.00629423 -0.0043712 0.00144448 -0.000879674 -0.0018912 -0.0178743 0.000931213 0.00249998 -0.00447822 0.0490341 0.00116154 0.00622931 0.000808404 0.0465992 0.0285502 0.0560695 0.011637 0.0316591 0.0419018 0.0282505 -0.0276795 0.00534472 0.0424612 -0.00162555 0.0287094 0.0105972 0.0651486 -0.0476394 -0.092812 0.0445258 -0.0118043 -0.00450201 -0.0463601 0.0129557 0.400985 0.0419909 0.0240025 0.0397785 0.0519626 -0.0135365 -0.0182181 0.000231095 -0.00450591 0.0624537 0.116262 0.177208 -0.0052233 0.00149597 0.00239799 -0.000937197 0.0184329 0.160596 -0.0405187 0.00429188 0.0147714
internal_weight=2065.28 37.319 7.22819 0.311129 0.159655 2027.96 622.519 580.754 561.5 1405.45 488.347 478.16 71.7641 406.395 392.447 49.4904 7.16469 1399.17 496.458 376.327 10.187 41.7641 15.8974 25.8666 11.6155 10.979 19.9267 73.1533 488.768 13.4819 902.714 19.995 15.2295 10.2066 22.2737 6.3473 7.7632 37.5385 33.5421 9.87204 23.6701 0.115216 16.1198 12.2757 9.94475 9.11863 42.3257 40.0448 3.72564 27.8248 7.68986 3.04664 1.72022 7.6643 372.958 365.119 302.252 62.8671 1.0876 7.83878 475.286 100.128
internal_count=408885 49539 46426 298 117 359346 324822 319584 204885 34524 122272 120966 1052 119914 107000 811 249 34322 10563 106019 1306 5238 4630 608 4537 4514 538 82613 10307 2160 23759 1452 405 1774 241 66 223 31857 6383 2326 4057 433 981 919 1250 1190 562 526 1082 384 256 175 118 598 95107 94602 90270 4332 161 505 8147 1925
is_linear=0
shrinkage=0.08


Tree=95
num_leaves=63
num_cat=0
split_feature=0 1 17 13 6 18 18 10 3 4 17 1 4 20 6 17 13 15 18 6 20 1 1 20 18 3 0 13 4 3 13 6 18 1 0 18 6 6 20 17 6 4 0 17 3 0 20 20 17 1 3 18 17 18 18 6 17 20 20 6 18 6
split_gain=3.47404 3.73793 53.1761 3.1855 2.8479 2.80583 24.5603 2.2465 4.34323 6.48819 3.76985 3.58063 3.41247 2.87221 3.04644 2.86037 2.63724 2.7957 6.89831 2.90011 3.04144 2.62427 2.6065 2.5944 4.58168 3.44433 3.92728 4.43936 4.76035 3.80315 3.60051 7.48308 4.34722 3.38227 3.18293 2.7155 4.17168 2.47649 4.95794 2.45438 4.61851 2.72393 2.30157 3.79595 5.25094 2.90689 3.83786 3.02643 2.68538 3.46585 3.4093 3.1148 3.06003 2.7069 6.26265 4.76859 3.22802 2.49815 3.7352 4.68123 3.19411 2.56582
threshold=26.500000000000004 0.12390350877192986 0.14434523809523811 0.2817460317460318 0.98186147186147199 0.55642129517341743 0.53539330310983868 1.0000000180025095e-35 53.694939934473979 68.244631185807677 0.75893997445721595 0.21778656126482213 83.587919776119421 -20.432788720924314 0.82016632160110436 0.23861283643892342 0.21525096525096529 1.0000000180025095e-35 0.68239268680445164 0.88138333138333158 -9.7640097459101955 0.85857142857142865 0.11215932914046124 32.526067122841319 0.97156334231805941 73.765182186234838 10.500000000000002 0.93541666666666667 76.011695906432763 73.401360544217695 0.95974235104669903 0.9094745137304755 0.81785003317850047 0.46470099667774095 12.500000000000002 0.90496715927750426 0.78182490796207949 0.90007455610650344 -26.161576437118228 0.87138130686517801 0.96187226822121419 93.035692078099757 12.500000000000002 0.84698996655518399 85.934065934065941 13.500000000000002 -23.242112980276534 4.4869493990097071 0.70106382978723414 0.62622549019607854 76.277056277056289 0.98963702749140914 0.73123827392120078 0.36139516047382814 0.28664077990746867 0.72882406540181444 0.93142633228840133 -31.675217005433243 -30.724637681159422 0.68264547485561999 0.37810002049600333 0.74086478236837017
decision_type=2 2 2 2 2 2 2 2 2 2 2 2 2 2 2 2 2 2 2 2 2 2 2 2 2 2 2 2 2 2 2 2 2 2 2 2 2 2 2 2 2 2 2 2 2 2 2 2 2 2 2 2 2 2 2 2 2 2 2 2 2 2
left_child=7 3 -3 5 -5 6 -2 8 9 -1 -11 12 22 14 -9 -13 -17 18 -18 -20 -21 39 -10 25 33 26 29 28 34 35 31 32 -27 -25 -28 36 -19 -16 -39 40 41 -22 48 44 -44 46 -46 -47 57 51 53 52 -50 54 56 -55 -51 60 59 -59 -32 -60
right_child=1 2 -4 4 -6 -7 -8 13 11 10 -12 15 -14 -15 37 16 17 23 19 20 21 -23 -24 24 -26 30 27 -29 -30 -31 42 -33 -34 -35 -36 -37 -38 38 -40 -41 -42 -43 43 -45 45 47 -48 -49 49 50 -52 -53 -54 55 -56 -57 -58 58 61 -61 -62 -63
leaf_value=-0.071915271736917946 -0.080137689096793654 -4.4209011735605159 -0.049327411134419748 0.068607746884364204 0.3429526172395761 -0.029734377270831103 6.2824231496084328 0.0039802675388263091 0.19063244269616558 -0.0011586310488862193 -0.036779842079673206 -0.1713281930698852 0.15265892392122404 0.002269796150026955 0.059115081633598451 -0.025346453919604515 0.07571549129043359 -0.0042267833642822784 0.017721274202352592 -0.07779304462578808 0.013527932542264918 0.060339625424102643 -0.05162349266898085 -0.037047886505905646 0.11685353469399219 0.15270096117064286 0.69079657354064539 -0.056991094630547127 0.0096585066350602395 -0.10073384901652442 -0.010643057604726867 -0.11895956477503833 -0.018284209367385187 0.068412715556646159 0.17112573149640731 -0.022752927595875331 0.068743967569596248 -0.18593493831754426 0.048945094628344198 -0.073019807296442349 -0.060633040196702986 0.13865963496810932 -0.051058581207175768 0.070489723712513608 0.14036029269162406 0.0043265989017838664 0.028815973533564368 0.29982098265735596 -0.084661592382664019 -0.080368077105693811 -0.00021721314209525663 -0.073679111294212438 0.056355470978732995 -0.073895061002569706 0.8448830234680752 0.10439679930149298 0.35878330637243339 -0.0074586233793870974 0.010047759140671143 0.31213627997265941 -0.05163441941212972 -0.011377660259120948
leaf_weight=12.383083644035649 0.032999170507540643 0.01783071623867627 14.126484774955314 1.0042042388959087 0.31912069022655476 2.4253541184480127 0.0044006431016896377 22.025627608069044 0.35702495547957314 72.712019903075998 25.747760973114055 0.63148853009260975 1.8953709071502087 458.64151204374139 16.562030529981715 27.982654097228078 10.24834075894614 15.696279994943326 38.113812275656528 4.4808185698930201 3.479302044957878 3.2998648949433109 1.3943215974722987 4.9307676749303919 3.2559675630182019 1.1175515899631117 0.10574500586881486 21.587180456896021 2.210714784450829 2.492983944110164 39.027576281921938 5.0259199663996696 6.4103066404131823 3.2155487984418869 0.2631285570023465 17.435767951144953 7.3676725944314958 0.83208894915878806 1.862709973938762 3.8627467409241936 4.0683996563311666 1.6373124935198573 8.2288698860902496 6.9673554005676115 2.5102686547688782 32.853195042946027 9.2430223540868592 0.22333391709253092 1.0557718605414272 0.24388392025139083 930.47793931863998 1.5027084765970364 14.656968628529283 1.4263382912395171 0.090233850074582733 2.9369927020161413 0.19103444658685476 0.64637901943205978 50.770938109802955 0.53700542262959061 17.676014656568441 121.09148814424407
leaf_count=116124 148 17 21836 600 6 2533 30 771 515 8618 5647 182 51 64123 560 7777 2913 15247 7775 49 53 151 3738 57 66 69 59 35330 31 720 2249 35 98 47 120 4942 117 19 82 39 93 44 3927 305 804 4671 104 6 555 64 64501 107 2615 1623 24 54 28 41 801 16 23038 1632
internal_value=-0.000879946 -0.0359404 -0.0548383 0.0346599 0.134766 -0.0191307 0.668512 -0.000572643 -0.0020803 -0.0173379 -0.0104738 -0.000901709 0.0782693 0.00408905 0.0243006 -0.00110343 -0.00102829 -0.000543151 0.0151362 0.00460318 -0.0194015 -0.00339664 -0.00223783 -0.00135671 0.0366401 -0.00168442 -0.0193354 -0.0451384 0.0540507 -0.00483115 -0.000739786 -0.0433684 0.00709947 0.00457997 0.3201 0.00107219 0.0190834 0.0475427 -0.0235802 -0.019516 0.00298502 0.05357 -0.000309032 0.0149729 0.00768276 0.0184652 0.0526396 0.00632179 -0.00108488 0.000787519 0.000132865 0.0363568 0.0468802 0.0667671 0.238362 0.0461146 0.112526 -0.0088482 -0.00407294 0.13757 -0.0234212 -0.00504825
internal_weight=2063.62 17.9304 14.1443 3.78608 1.32332 2.46275 0.0373998 2045.69 1545.77 110.843 98.4598 1434.92 3.64672 499.924 41.2825 1431.28 1430.65 1402.66 69.1906 58.9423 20.8284 16.3476 1.75135 1333.47 11.4023 1322.07 67.1595 24.1668 2.57959 42.9927 1254.91 12.5538 7.52786 8.14632 0.368874 40.4997 23.064 19.2568 2.6948 13.0478 9.18501 5.11661 1242.36 60.026 53.0587 44.8298 11.7533 33.0765 1182.33 952.582 935.366 17.2154 15.7127 4.88848 0.525152 4.36333 0.434918 229.749 173.046 1.18338 56.7036 171.862
internal_count=408597 25170 21853 3317 606 2711 178 383427 317872 130389 14265 187483 4304 65555 1432 183179 182997 175220 11117 8204 429 380 4253 164103 170 163933 56566 35540 210 21026 107367 202 167 104 179 20306 15364 661 101 229 190 97 107165 9817 9512 5585 908 4677 97348 69571 66294 3277 3170 1793 116 1677 92 27777 2490 57 25287 2433
is_linear=0
shrinkage=0.08


Tree=96
num_leaves=63
num_cat=0
split_feature=0 5 17 1 13 0 5 18 6 6 5 18 6 1 0 18 3 1 6 6 20 0 6 5 6 20 13 3 2 20 18 5 20 5 20 17 5 5 6 6 10 6 6 18 6 6 6 1 5 18 5 1 2 1 1 10 6 6 2 20 10 18
split_gain=3.47049 2.65414 2.64352 2.4906 2.3827 2.08492 2.83686 6.89234 3.35774 2.82265 2.53888 3.28203 3.42965 2.49023 2.68469 4.09855 2.39074 4.77537 2.06013 3.53941 2.58593 2.60947 2.53371 5.45782 2.05522 2.20347 4.03008 2.04105 3.93829 2.07057 2.03943 9.65742 5.01349 4.94116 5.5915 4.83447 4.71591 4.39964 4.32138 4.41926 5.545 4.2183 4.00869 3.83471 8.35997 5.93473 3.80606 5.59804 6.15934 5.46952 26.0602 3.75061 5.07728 3.7455 4.84648 3.54001 3.3417 4.08981 2.92832 3.80834 2.91916 2.90821
threshold=26.500000000000004 73.441913841807931 0.3047162859248343 0.31622807017543864 0.35038363171355502 8.5000000000000018 51.628047857034687 0.46442632170978632 0.61019728930913153 0.50376983644985251 96.015873015873026 0.95850550964187342 0.7477534634180607 0.72046511627906984 10.500000000000002 0.92511682242990667 17.467581998474454 0.3246621621621622 0.78182490796207949 0.85124359300829899 -3.3042687087724611 5.5000000000000009 0.80001544022177795 96.881944444444457 0.99912280701754397 5.6538600666729453 0.82555780933062894 77.485187623436488 0.35878010878010885 -23.242112980276534 0.88103563103563121 89.099909990999109 10.784313725490199 81.900656814449931 -14.041825241225544 0.5865817091454274 85.973110345958375 71.460892049127366 0.79232550499217169 0.85725316196149548 1.0000000180025095e-35 0.6656463239469893 0.95203030303030312 0.95850550964187342 0.76396751792114703 0.90007455610650344 0.94091693330823767 0.8190909090909092 89.86145693672988 0.88556547619047621 92.071349992142089 0.72377109317681587 0.92381350533524464 0.58434959349593507 0.67928571428571438 1.0000000180025095e-35 0.73439102547172108 0.68264547485561999 0.9333666333666335 -14.911271505962327 1.0000000180025095e-35 0.96313285762827061
decision_type=2 2 2 2 2 2 2 2 2 2 2 2 2 2 2 2 2 2 2 2 2 2 2 2 2 2 2 2 2 2 2 2 2 2 2 2 2 2 2 2 2 2 2 2 2 2 2 2 2 2 2 2 2 2 2 2 2 2 2 2 2 2
left_child=5 -2 4 -4 -3 10 7 -7 9 -8 30 -12 -13 -10 -15 -16 -14 -18 20 22 -19 -22 23 -20 25 -21 -27 28 -11 -29 31 42 35 37 43 -33 41 -32 55 40 -40 -36 -1 45 -45 56 -38 48 -48 50 -49 -34 -53 -43 61 -39 57 -35 -46 60 -60 -55
right_child=1 2 3 -5 -6 6 8 -9 13 27 11 12 16 14 15 -17 17 18 19 24 21 -23 -24 -25 -26 26 -28 29 -30 -31 33 32 51 34 36 -37 46 38 39 -41 -42 53 -44 44 58 -47 47 49 -50 -51 -52 52 -54 54 -56 -57 -58 -59 59 -61 -62 -63
leaf_value=0.00014869155092472411 -0.084415000961813633 0.002753667508334303 -0.057558132140788719 0.059912106860018438 0.14475117674331597 -0.001345826971019074 -0.11918468938671012 -0.062473779661553597 -0.0025597220849618587 0.98671608454050574 0.057768247290187195 0.083805638892418821 -0.14049575384411433 -0.043795504117986467 0.13606513559399136 -0.068491036873836453 0.20988909824971388 -0.15641750168345683 -0.17777413731164676 0.0012623933900294867 0.086101407366817997 -0.091450553588170239 0.099228856667697457 0.094327222490552295 0.04807485227769516 0.099531655272080147 -0.074106666497572887 0.037303789362227432 0.0015717985844261428 0.1349115895038871 -0.0094673575958375417 -0.075076127555984376 0.011403914355469095 -0.039158229594419475 -0.088847950334358605 0.053558393932587274 -0.0032750546359947377 0.024887768400387894 -0.010119535866556412 0.016093168677005758 -0.12508938571947126 0.09017117882339791 0.064037341046548096 0.0851989676481716 -0.14393054140719208 0.056470388208084518 0.069474889699720377 -0.72822578022624973 -0.01596845799983199 -0.038859059496636823 0.14118920250590125 -0.18138822055857085 0.084365552905226945 0.0078948147843903634 0.029659154192012691 0.084775995484628844 -0.046949314006749711 -0.16046696115053785 -0.017706729736426292 0.081259753381684632 -0.13431229198792113 -0.080748480649655466
leaf_weight=727.21347779090843 5.0940963604405196 3.2847002559574312 7.9832734892552235 1.3505363247822968 0.98251033574342717 34.687822623876855 0.63879384983010723 17.895137436398727 549.27355687437012 0.02615634278481449 10.552350954967549 3.6025960559491059 0.73376926779746909 16.481965840852357 1.4023274616338306 1.1336592931766061 0.7170104383258139 1.142740121111274 0.76939679984934528 23.773264592280615 1.0083795767277473 1.1161321960389612 4.0725031651090831 1.2196315634064374 4.3960474652703843 0.9958682251162817 6.0677545582875609 2.82984772027703 3.6642918202996952 2.7354078596399631 60.211128264400031 1.9584234200883646 7.6883095381781441 2.9748821812681916 2.2667498290538779 41.358194694388658 218.80066040181555 52.611417889245786 13.097938650986181 37.154938111663796 3.3770298345480105 4.7613789662718764 6.3402334139682344 4.6623073932714751 1.6021076552569855 2.7803263368550679 6.5959503431804469 0.39169477578252454 29.768699068925343 42.806552661000751 0.50529219186864793 1.6178725417703392 0.64294386887922872 4.8830647431313974 33.581024251994677 7.1787959095090619 16.445755461230874 4.4234972149133682 4.4592641030903879 1.6907819905318326 1.9859854709357021 4.6002525165677071
leaf_count=72943 23894 190 1000 51 35 14627 81 186744 66802 58 672 134 3 287 22 21 16 12 14 657 63 14 166 52 1067 42 101 60 3649 55 24535 38 118 34 26 1587 3599 632 138 640 38 68 282 60 13 101 113 11 534 1213 37 23 84 61 607 122 165 33 48 30 36 39
internal_value=-0.000849529 -0.0351612 -0.0167138 -0.040561 0.0354481 -0.000535299 -0.00435863 -0.022149 -0.00274068 0.0434622 0.00117435 0.0172536 0.00863672 -0.00354512 -0.0320052 0.0446226 0.0027513 0.0050727 0.00177715 0.00661554 -0.0593748 -0.00717718 0.0630823 -0.0109271 -0.00309909 -0.0103944 -0.0496262 0.0546874 0.00855409 0.0852795 0.000457954 0.0030892 0.03598 -0.00321532 -0.00821338 0.0477426 -0.00492891 0.00801063 0.0172891 0.00080114 -0.033686 0.0177874 0.000700892 -0.0361513 -0.00289416 -0.0541392 -0.00873632 -0.0236602 -0.000470438 -0.0429559 -0.238465 -0.0152319 -0.105812 0.0228415 0.0153972 0.0320783 -0.0670367 -0.111689 -0.0450703 -0.0256032 -0.0536366 -0.0351051
internal_weight=2060.07 18.6951 13.601 9.33381 4.26721 2041.37 630.769 52.583 578.186 9.8945 1410.6 60.1674 49.6151 568.292 19.018 2.53599 46.0125 45.2787 44.5617 41.2945 3.26725 2.12451 6.06153 1.98903 35.2329 30.8369 7.06362 9.2557 3.69045 5.56526 1350.44 786.819 53.2657 563.617 389.986 43.3166 348.961 173.631 113.42 53.6299 16.475 50.0925 733.554 41.0249 14.4004 26.6245 298.869 80.0682 36.3646 43.7035 0.896987 9.94913 2.26082 47.8257 43.0643 59.7902 23.8441 7.39838 9.73814 8.13603 6.44525 9.48332
internal_count=408597 25170 1276 1051 225 383427 272406 201371 71035 3903 111021 3013 2341 67132 330 43 2207 2204 2188 2099 89 77 232 66 1867 800 143 3822 3707 115 108008 75075 1850 32933 6828 1625 6308 26105 1570 816 176 801 73225 520 187 333 5507 1908 647 1261 48 225 107 775 707 754 232 67 127 114 84 100
is_linear=0
shrinkage=0.08


Tree=97
num_leaves=63
num_cat=0
split_feature=0 9 5 3 10 3 17 1 5 6 5 13 6 1 6 17 5 5 2 13 15 6 13 5 17 1 2 17 0 3 6 17 20 20 5 1 0 15 0 17 6 3 17 2 5 3 17 6 6 2 3 6 3 20 17 0 2 17 1 1 3 6
split_gain=3.09891 3.49807 2.74162 2.66994 1.81351 2.85015 4.47364 3.48409 2.6518 3.68684 3.64248 3.96282 3.39962 2.84064 3.02413 2.57308 2.48789 2.45026 2.49368 2.25599 2.39356 4.67678 5.26075 3.00722 3.11434 2.76118 2.82603 2.89514 4.02843 2.56051 2.41398 2.26748 3.97661 2.23038 2.43911 2.17902 2.36182 2.16107 4.47221 2.13651 2.1297 2.10508 2.06391 4.6845 7.06291 6.52267 4.90435 4.47092 4.08657 3.19865 3.13354 3.99573 3.59605 3.97792 3.73776 3.17314 4.1981 4.91018 5.82554 2.86486 4.85787 4.47429
threshold=22.500000000000004 1.0000000180025095e-35 71.460892049127366 99.425287356321846 1.0000000180025095e-35 53.694939934473979 0.68819444444444455 0.21913109756097562 42.829349638688171 0.66652958869601631 67.750749162700529 0.47809523809523807 0.65488600650260731 0.60208333333333341 0.90007455610650344 0.23861283643892342 67.750749162700529 65.069803021610269 1.0000000180025095e-35 0.21525096525096529 1.0000000180025095e-35 0.71824290849395289 0.67708333333333348 97.698500979924788 0.89699381078691431 0.96490147783251246 0.97783960431019257 0.68469785575048747 13.500000000000002 53.889369057908389 0.96187226822121419 0.551981471950592 29.835303319774471 -52.629293598738471 54.292178409825482 0.42724867724867732 18.500000000000004 1.0000000180025095e-35 1.0000000180025095e-35 0.38138528138528144 0.85124359300829899 52.704678362573105 0.90803382663847787 0.98348348348348369 82.785560344827601 90.366769774635458 0.94201680672268917 0.82016632160110436 0.84198324994625262 0.84795769405453936 93.419913419913442 0.71356849033186964 68.614072494669514 19.485221316249277 0.53923076923076929 20.500000000000004 0.90627507012622732 0.38138528138528144 0.36055555555555563 0.8765243902439025 94.804318488529034 0.50376983644985251
decision_type=2 2 2 2 2 2 2 2 2 2 2 2 2 2 2 2 2 2 2 2 2 2 2 2 2 2 2 2 2 2 2 2 2 2 2 2 2 2 2 2 2 2 2 2 2 2 2 2 2 2 2 2 2 2 2 2 2 2 2 2 2 2
left_child=4 2 3 -2 5 6 -1 16 -6 12 11 -11 33 -13 -15 -9 -7 -8 -19 31 21 22 29 42 -25 26 27 28 30 -21 -23 -17 -33 -10 -35 36 -30 38 -36 -31 -26 -20 50 44 45 47 48 -44 -46 -48 51 -22 54 -54 -53 -52 57 58 -57 -45 61 -61
right_child=1 -3 -4 -5 8 7 17 15 9 10 -12 13 -14 14 -16 19 -18 18 41 20 23 25 -24 24 40 -27 -28 -29 35 39 -32 32 -34 34 37 -37 -38 -39 -40 -41 -42 -43 43 59 46 -47 49 -49 -50 -51 55 52 53 -55 -56 56 -58 -59 -60 60 -62 -63
leaf_value=-0.00060827870186396025 -0.069256738511781005 -0.079652279146900651 -0.0030920098785646713 0.13343482918002647 0.05861321358910615 -0.020555006480168156 -0.074338878328675306 -0.1655191375873119 0.44731464702082135 -0.019059761167461768 0.0027298497817684715 0.097915268386404686 -0.096761892448846046 0.039698891966261612 -0.1299684598589036 -0.072730547925858174 0.12696953440960385 0.23986767007693174 -0.02274020093467493 0.68707129957381929 -0.032535793507505385 0.086620037512754086 0.10261011044999453 0.064930085272615609 0.086105928905557239 -0.053322856173858527 0.076226684725632696 -0.013750993114042541 0.13909562718076526 0.33890399731210785 -0.053501113759628113 -0.019106643133542291 0.16823461587834845 -0.061676599285553212 -0.50791325304667978 -0.047812967757322931 -0.02703735440236529 0.049033748381462273 -0.019562551548767914 0.0097132743746388608 -0.023606824096001126 -0.12184652804132125 0.0014829656166550687 -0.12675584080912641 0.078438782192673528 0.063495958645171949 0.10102155212490706 0.071966219182996796 -0.0073386486593115573 -0.025074990669663771 -0.0022502759749038273 -0.058775593248804013 -0.0070029455289261581 -0.065128740691443088 0.032301236278021339 0.13010657865487116 0.44485390490757198 -0.060196038098372914 0.83584517678291803 0.4122394117505479 -0.0017317541422431618 0.060736935335113817
leaf_weight=57.517161742915278 6.924238533765446 5.7530727825968588 32.917121357400902 0.4424992378966407 5.6152519002935142 1.0699109863160168 8.2336257885326614 0.60778726364151126 0.067491845053153976 7.151876369000095 436.93271670244576 5.731112255776682 4.263981614392832 14.621180598333009 0.70473770471289832 4.9357393608988813 2.3138430390972644 0.22525731264613824 30.082301618211208 0.036207027391358504 54.729208716093353 6.7747802293233672 7.0711955203405514 8.8893176579149458 1.3740688777761523 5.2981449532962861 3.5516505395062259 26.605779887649987 1.0189428531593878 0.12756274476123408 0.89028076385147858 21.624563986333673 0.75030716136097808 4.0162601421870914 0.13269868493080128 4.3601473420785624 1.184100495156599 4.1587471258826554 1.2557202114840036 11.637537395734396 6.4372913236729801 1.4371858345693898 35.536124125606875 1.1696728621391219 6.8511385758174566 26.506182771154272 1.3323956043459464 6.8738970394479102 7.3875552152749151 38.193493888422381 412.31741604813556 3.3174799213338728 51.658592523570405 8.8220998700708133 22.064117114165128 0.42916262018115847 0.20990928562241595 0.83206679295108188 0.090671704616397619 0.33126172556512645 630.98202205181587 0.77162711114942795
leaf_count=46004 40612 17325 2563 231 7338 3410 58091 171 18 18309 15422 827 3192 427 23 1555 59 9 5345 79 59266 145 1301 275 110 74 225 454 26 129 31 5450 12 8426 1 68 26 83 1490 7671 315 29 16266 51 120 1660 21 104 108 601 39363 60 908 83 512 107 9 190 20 10 41721 66
internal_value=-0.000776693 -0.0212988 -0.0129651 -0.0570816 -0.000306449 -0.00166165 -0.0148953 -0.00075748 0.00395631 0.00331563 0.00452865 0.0323905 -0.0372911 0.0498653 0.031897 -0.000950204 0.0803237 -0.0354502 -0.0253636 -0.000879913 -0.000434323 0.0141421 0.0480447 -0.00118732 0.0325457 0.00126414 0.00777997 0.00182663 0.0309556 0.0153497 0.0703453 -0.023651 -0.0128244 -0.010961 -0.0141952 -0.015047 0.0498018 0.0201823 -0.0662369 0.0132825 -0.00430764 -0.0272591 -0.00161723 0.00110189 0.0154099 0.0323643 -0.00632239 0.012907 0.0339343 -0.0208243 -0.00532434 -0.0156431 -0.00487552 -0.0154815 0.0203971 -0.00181916 0.111996 0.060313 0.253204 -0.00167001 -0.00143854 0.166314
internal_weight=2055.15 46.0369 40.2839 7.36674 2009.11 1524.46 97.4955 1426.97 484.652 479.037 465.142 28.2089 13.8949 21.057 15.3259 1423.58 3.38375 39.9784 31.7447 1422.97 1395.66 68.5563 18.8725 1327.11 16.7007 49.6838 44.3857 40.834 14.2283 11.8013 7.66506 27.3106 22.3749 9.63092 9.56343 6.56319 2.20304 5.54717 1.38842 11.7651 7.81136 31.5195 1310.41 755.935 122.681 68.9162 53.7646 42.41 14.2387 39.5259 554.471 140.591 85.8623 60.4807 25.3816 413.879 1.56181 1.3519 0.519834 633.255 632.085 1.10289
internal_count=408597 60731 43406 40843 347866 292310 109478 182832 55556 48218 35008 19586 13210 1277 450 179363 3469 63474 5383 179192 172175 10229 9180 161946 700 1049 975 750 296 7879 176 7017 5462 10018 10000 120 52 1574 1491 7800 425 5374 161246 60728 18880 18030 850 16370 228 622 100518 60829 1563 991 572 39689 326 317 127 41848 41797 76
is_linear=0
shrinkage=0.08


Tree=98
num_leaves=63
num_cat=0
split_feature=0 5 1 13 1 0 4 3 6 0 9 1 1 2 20 5 18 6 3 1 13 2 6 13 1 1 0 6 20 6 1 18 4 20 6 6 6 5 20 0 6 4 6 18 5 20 2 18 13 5 4 18 18 15 20 1 2 18 3 18 6 18
split_gain=2.7891 2.4284 2.22069 2.38938 1.9626 1.69748 2.95948 9.53376 2.37877 2.52479 2.34936 2.34745 2.29379 3.16501 2.23761 2.13869 2.97873 3.08807 2.07335 4.09951 1.92972 1.90103 3.08609 1.91589 3.7373 1.87498 3.35836 5.77382 6.17378 4.40345 2.66046 1.84838 3.82851 1.83814 1.75877 3.12137 2.3877 4.48574 1.94051 2.27313 1.80126 2.01345 1.68514 1.66984 5.33439 7.61232 7.34446 5.79732 4.75529 4.58724 4.8641 4.3239 4.30175 3.38732 3.29316 2.78227 4.69229 2.77233 2.75489 2.81282 2.73096 5.36782
threshold=26.500000000000004 73.441913841807931 0.12390350877192986 0.2817460317460318 0.31622807017543864 8.5000000000000018 63.182720953326715 75.931034482758633 0.72882406540181444 24.500000000000004 1.0000000180025095e-35 0.77003205128205143 0.33615819209039555 0.86032647907647919 -17.125574352548032 96.015873015873026 0.95850550964187342 0.7477534634180607 17.467581998474454 0.3246621621621622 0.32345248474280741 0.61754827082073016 0.95203030303030312 0.12310606060606062 0.52704678362573121 0.52223320158102771 12.500000000000002 0.65890744595142403 -43.123055412579028 0.66140972197871195 0.52704678362573121 0.92695630081300828 99.779735682819407 -36.19294515793127 0.78182490796207949 0.85124359300829899 0.80001544022177795 96.881944444444457 -3.3042687087724611 5.5000000000000009 0.99912280701754397 96.394209933258239 0.60669142211389959 0.9233705226071639 93.528759082286413 -2.7777777777777746 0.94549415725886321 0.91901828298887134 0.94427244582043357 89.099909990999109 88.25172527111404 0.95475020475020489 0.94881152910349997 1.0000000180025095e-35 -9.7640097459101955 0.69631093544137035 0.93328658251519414 0.90639602803738328 92.031746031746039 0.93360881542699736 0.94091693330823767 0.97309362934362953
decision_type=2 2 2 2 2 2 2 2 2 2 2 2 2 2 2 2 2 2 2 2 2 2 2 2 2 2 2 2 2 2 2 2 2 2 2 2 2 2 2 2 2 2 2 2 2 2 2 2 2 2 2 2 2 2 2 2 2 2 2 2 2 2
left_child=5 -2 3 -3 42 15 7 -7 9 10 14 33 13 -11 25 21 20 -18 -19 -20 -17 22 23 24 -1 -9 -27 30 29 -29 -28 32 -22 -8 38 36 37 -36 -21 -40 41 -37 -4 44 -23 55 57 48 -48 50 -45 52 58 -51 -53 56 -46 -47 59 -52 -55 -62
right_child=1 2 4 -5 -6 6 11 8 -10 12 -12 -13 -14 -15 -16 16 17 18 19 34 31 43 -24 -25 -26 26 27 28 -30 -31 -32 -33 -34 -35 35 40 -38 -39 39 -41 -42 -43 -44 49 45 46 47 -49 -50 53 51 54 -54 60 -56 -57 -58 -59 -60 -61 61 -63
leaf_value=0.035171947952734296 -0.083302001774249693 -0.015544143380973102 0.18647761100237656 0.12334015912109467 0.056072638300495602 -0.068225931720892141 0.17112441292728897 -0.026770631951750123 0.092622011748829072 -0.080244829998444678 -0.069693290804184488 -0.068019079655203443 -0.080808251964671729 0.97911290717533206 0.58945599560900341 -0.068469149306617752 0.081202651866677564 -0.13273720472154335 0.19474443842516262 -0.13554052138361375 0.10382806307903923 0.00091361622557206267 -0.094713275149396203 0.084137971611097526 -0.36092643819404913 0.00062988470288218306 0.47047025575672363 1.8765981210018192 0.15820440306409864 0.58635137231279166 0.050914124397194123 0.077629163923793931 -0.2081761711871255 -0.0019839591399647026 -0.1526575816706032 0.09556918112450237 0.098417657966067426 0.093343649818519558 0.085593339848936967 -0.083335315667715307 0.046156132945270024 -0.013735564476487929 -0.053403769178826437 -0.004406336852955159 0.11706332676738189 0.097536468011222635 -0.10671496681101186 -0.23922888556748997 0.02873827844377156 0.03563016644080548 -0.095064518069811491 0.079448841012842608 -0.067435217091590755 -0.011491119277587541 0.024861038135872031 0.10071054776245379 -0.12558395645322923 0.0073885232968749336 0.030251321403279536 0.040000432254620445 -0.061857496979489189 -0.00070337705372837086
leaf_weight=0.85853505285876852 4.4753405026663158 1.9092059753020287 0.19171427009859954 1.3557735042413694 1.3402271831873793 18.519933567496992 0.39284372888505359 9.0576370436938394 1.8093422754063784 0.027492999055538259 3.0646218804504306 3.4536514538340262 0.048757826974906493 0.052549530009855516 0.041728045151105841 0.74514250457286557 3.4118416821584097 0.71641057729720969 0.71293143299408157 1.2091056145727637 0.55932909692637689 952.36980022368152 0.91186957340687502 4.9304790534442873 0.18536783843592275 15.239319760665241 0.099450687986973096 0.028582256993104238 0.11391055295825925 0.041521406492392998 3.5343674372015812 8.3852215152000991 0.45764898788183928 571.24656720714484 0.8236498087644567 1.1193494114559168 3.7286943702492863 1.1187679891008881 0.9211309816455463 1.1416282951831815 4.1913408873369908 29.596639303956181 8.3740922098513675 162.9711454330245 1.0429562116041808 4.1907686884515005 2.9359495849348596 0.97125761490315188 3.8129811175167561 7.7171483680140218 2.5702941520139619 10.009831453207878 5.2414907310158005 92.445821932516992 24.10700809431728 10.209174827556124 0.99822804704308499 4.5578169727232307 15.064424266573042 1.6017930684611199 22.557580581516959 15.496603183681144
leaf_count=445 23894 163 20 52 51 210041 7 6895 94 150 9573 58 98 15 11 10 134 3 16 12 40 85195 10 971 16 5721 23 5 22 41 997 612 10 38655 14 31 166 52 63 14 1067 769 990 17047 29 125 65 40 284 187 29 171 69 1363 425 546 14 95 243 26 344 269
internal_value=-0.000722307 -0.0323902 -0.015091 0.0421272 -0.0339498 -0.000447481 -0.00391018 -0.0222483 0.00343092 -0.00171669 -0.0031749 -0.00226228 0.351751 0.615245 0.00406512 0.00109548 0.0160252 0.00780804 0.00227773 0.00444826 0.055455 0.000443693 0.0423694 0.0632924 -0.035164 0.00319628 0.0174392 0.0845355 0.521724 1.1124 0.0623966 0.0652762 -0.0365766 -0.001865 0.00135437 0.00590382 0.0609515 -0.0109691 -0.0550689 -0.00789975 -0.00303934 -0.00975229 -0.0480349 0.000228377 0.001938 0.035908 0.000385225 -0.0564862 -0.0301872 -0.00443357 0.00270112 0.0224692 -0.00318709 -0.0158707 0.040877 0.083663 -0.00160177 0.0505714 0.014319 -0.0432089 -0.0189162 -0.036954
internal_weight=2051.02 17.6464 13.171 3.26498 9.90603 2033.37 626.772 51.6792 33.1593 31.3499 31.2211 575.093 0.1288 0.0800425 28.1565 1406.6 58.8388 48.6915 45.2796 44.5632 10.1473 1347.76 6.88625 5.97438 1.0439 28.1148 19.0572 3.81783 0.184014 0.0701037 3.63382 9.4022 1.01698 571.639 43.8503 40.5784 5.67111 1.94242 3.27186 2.06276 34.9073 30.716 8.56581 1340.87 981.089 28.7191 16.4688 7.72019 6.74893 359.783 221.566 58.5948 24.478 138.217 34.1168 12.2504 2.04118 8.74859 19.2365 4.17209 130.5 38.0542
internal_count=408597 25170 1276 215 1061 383427 272406 233686 23645 23551 23288 38720 263 165 13715 111021 3013 2341 2207 2204 672 108008 1442 1432 461 13704 6809 1088 68 46 1020 662 50 38662 2188 2099 232 66 89 77 1867 800 1010 106566 86393 1198 609 389 349 20173 18010 963 367 2163 596 589 43 220 298 55 1976 613
is_linear=0
shrinkage=0.08


Tree=99
num_leaves=63
num_cat=0
split_feature=0 5 17 1 13 10 3 4 17 5 13 5 0 3 5 6 5 0 6 6 17 18 4 6 1 4 17 6 18 4 15 0 17 3 18 2 13 2 0 4 5 18 6 1 17 18 1 17 4 4 6 6 1 4 2 6 17 6 4 18 5 2
split_gain=2.46612 2.2992 2.17089 1.97176 1.67048 1.61043 3.08824 5.46252 2.84127 2.89438 2.97748 3.1738 2.41092 2.38899 2.19904 3.41187 2.76797 4.42068 2.75191 2.44698 2.47083 2.32849 3.82753 2.32205 2.19026 2.55724 2.09448 2.09234 2.07712 2.03145 1.95666 2.46796 1.95251 4.48944 8.31574 1.94048 1.86851 2.10704 3.71906 2.90297 2.53059 4.20815 3.20024 3.09846 2.89421 2.3715 2.26092 3.81109 2.3293 2.2556 6.83143 3.84485 3.56341 3.15525 2.87007 2.2367 2.17371 2.42518 2.15636 2.03652 3.09476 1.98951
threshold=26.500000000000004 73.441913841807931 0.3047162859248343 0.31622807017543864 0.35038363171355502 1.0000000180025095e-35 56.048780487804883 68.244631185807677 0.75893997445721595 53.250595558287877 0.2817460317460318 45.474053843152568 9.5000000000000018 55.62587904360057 42.829349638688171 0.66652958869601631 61.34151329243354 15.500000000000002 0.65488600650260731 0.67363678867777776 0.54919354838709689 0.43384860195498981 94.189797449362359 0.64364811188365434 0.21778656126482213 84.384031791907532 0.23861283643892342 0.67182426792333916 0.66046390860308135 68.863315600911974 1.0000000180025095e-35 1.0000000180025095e-35 0.46737588652482276 40.238095238095248 0.43384860195498981 0.7779635823114085 0.21525096525096529 0.82501879699248137 18.500000000000004 45.657137184832244 97.698500979924788 0.97309362934362953 0.96187226822121419 0.9104278074866311 0.65751879699248128 0.99683544303797478 0.5300120048019209 0.83176100628930827 99.779735682819407 98.192705498094739 0.87241706506222649 0.82016632160110436 0.70900537634408611 99.779735682819407 0.91997849462365611 0.84638075584312156 0.43826219512195125 0.72882406540181444 98.192705498094739 0.87548449612403112 93.528759082286413 0.89998316498316511
decision_type=2 2 2 2 2 2 2 2 2 2 2 2 2 2 2 2 2 2 2 2 2 2 2 2 2 2 2 2 2 2 2 2 2 2 2 2 2 2 2 2 2 2 2 2 2 2 2 2 2 2 2 2 2 2 2 2 2 2 2 2 2 2
left_child=5 -2 4 -4 -3 6 7 -1 9 10 -9 -12 13 -10 -7 18 17 27 21 20 -18 22 23 -16 25 -8 -26 -17 -20 -29 31 -23 -13 34 -34 -33 -28 38 39 -38 49 -42 -43 44 61 -40 47 56 -49 -39 51 54 -53 -52 -51 -48 -41 -58 -45 -56 -61 -44
right_child=1 2 3 -5 -6 14 24 8 12 -11 11 32 -14 -15 15 16 19 -19 28 -21 -22 30 -24 -25 26 -27 36 29 -30 -31 -32 35 33 -35 -36 -37 37 40 45 46 41 42 43 58 -46 -47 55 48 -50 50 53 52 -54 -55 59 -57 57 -59 -60 60 -62 -63
leaf_value=-0.065719894082600122 -0.082649575929768723 0.0034939727508584619 -0.053998839200589198 0.051792017901115039 0.11884433687452411 0.053087653982394491 -0.0072369909352294134 -0.080263021847522723 0.014443900178091454 -0.0021723634159056576 -8.9024017142774362e-05 0.029533996980873948 -0.04709496573695085 -0.1022785974230465 -0.097724802748197101 -0.043697507761388019 0.542594395013691 -0.07228270569152892 -0.0090050104236289036 0.0028321336838334887 0.093880370127008367 -0.34540541418568926 0.18589295498404859 -0.40641149225863032 -0.14883481580052771 0.13845986360853629 -0.021479547371720895 0.045391555543180112 -0.12820113079659742 0.12065635691020982 0.03191769140721467 -0.07791523265144587 0.27891091113257832 0.23094563351122083 1.6105397192232063 0.12619078201285608 -0.067337138300559027 -0.00083717477164433013 -0.081404112172012447 -0.055674385079818318 0.1049506468971747 0.076330316199636594 0.047726199583232799 -0.15969431187318234 0.074241230871365471 0.06880026141267484 0.031507077581074294 0.13332649453014814 -0.06686044313874781 -0.071838678199760433 -0.040795483413301303 -0.061283479969279346 -0.19903486211892035 0.089409415952919 0.065623356912454731 -0.036235661741331679 -0.015244089828296521 0.06483113701524236 -0.030638795646395808 -0.13894152119026756 0.037129425708014037 -0.10267545364273746
leaf_weight=11.832873784058391 4.1625735188208663 3.2552091692341483 7.2520769237744371 1.3351447416935114 1.0668191458098588 5.668834504140249 1.5198174005163303 0.32293801258492638 9.4509073905937839 74.836418111983221 0.30262975953519344 0.11226145416731015 18.490155037943623 1.2734514342155314 1.7728086792594679 1.1723416806635203 0.088828847670810229 1.9477603828927375 1.3861012206471048 462.03679308524443 0.67797612929280149 0.17796781659126271 0.2916963945608585 0.17100505639245955 0.61151256314405955 1.5648199876304714 27.283598427067773 7.3521162550787249 2.8792244852338627 3.3367150431295158 5.7144450203522865 1.3392783818235328 0.076024758702260442 0.28627772827167064 0.049591099537792616 0.38346704305149604 1.9662527560103615 1310.3873588397946 3.446888728409248 1.6529558290458251 3.7374409341719028 3.2865438546286869 0.93010507198050651 1.1850592866539957 3.1120591246872209 0.83585962558208837 9.2165903463464911 4.1014959535714288 0.40909527835901816 4.6350793028250354 1.7365358744282264 3.3264729566872111 1.8817302286624906 3.7924914159812033 2.557919108774513 4.7151821549050501 3.3737367230642112 8.5683341260883008 2.754790241480805 1.076711696572602 1.5712349489331243 1.4256952037103472
leaf_count=125340 23894 190 1000 51 35 8610 3428 407 322 8130 56 17 5410 14 221 483 42 14676 576 20193 134 1 23 19 182 45 7057 4820 3391 281 146 11924 21 17 36 15 10122 149758 4240 76 152 174 31 8 129 166 291 330 7 39 42 30 44 335 134 78 715 185 191 20 57 36
internal_value=-0.000668686 -0.0309475 -0.0142762 -0.0375504 0.0319662 -0.00041406 -0.00169594 -0.0141857 -0.00838919 -0.000237098 0.125731 0.206191 -0.0295926 0.000583824 0.00354652 0.00297422 0.00412221 0.0394167 -0.0357865 0.00306911 0.145861 -0.0125434 -0.0843304 -0.124881 -0.000664138 0.0666742 -0.00081108 0.0577592 -0.089466 0.0688868 0.00853044 -0.0617827 0.325291 0.405899 0.804616 -0.0324831 -0.000747017 -0.000338802 0.0181675 0.0270163 -0.00086466 0.0303382 0.00837086 -0.0153705 0.0236015 -0.0520889 0.0328071 0.0514494 0.11517 -0.00124988 -0.0275304 -0.0554694 -0.111053 0.0485152 -0.0260523 0.00857968 0.030308 0.0422092 -0.0694571 0.0147139 -0.0344648 -0.0432946
internal_weight=2047.17 17.0718 12.9092 8.58722 4.32203 2030.09 1533.7 117.034 105.201 75.9861 1.14972 0.826785 29.2145 10.7244 496.397 490.729 476.613 13.8089 14.116 462.804 0.766805 9.85067 2.23551 1.94381 1416.66 3.08464 1413.58 11.8612 4.26533 10.6888 7.61516 1.90071 0.524155 0.411894 0.125616 1.72275 1412.97 1385.68 38.2864 34.0036 1347.4 16.4317 12.6943 9.40771 5.46786 4.28275 32.0374 18.1056 4.51059 1330.97 20.5782 15.0491 5.2082 5.52903 9.84095 13.9318 13.595 11.9421 3.93985 5.20587 2.64795 2.3558
internal_count=408597 25170 1276 1051 225 383427 317872 139770 14430 8684 554 147 5746 336 65555 56945 40629 20260 16316 20369 176 12349 263 240 178102 3473 174629 5584 3967 5101 12086 11940 91 74 57 11939 174447 167390 16210 11804 151180 721 569 395 196 4406 1682 1313 337 150459 701 324 74 377 250 369 976 900 199 211 77 67
is_linear=0
shrinkage=0.08


Tree=100
num_leaves=63
num_cat=0
split_feature=0 1 3 13 2 17 3 2 17 2 18 18 1 3 8 18 6 17 4 4 2 1 6 13 18 20 13 3 3 20 3 3 0 13 7 18 6 13 2 10 18 6 13 20 2 17 20 18 0 6 6 18 4 6 6 3 18 18 20 6 17 15
split_gain=1.9194 3.80346 6.19357 4.27461 2.91898 2.18397 3.25317 10.4417 1.9558 2.48394 1.92244 2.08248 2.59843 1.77191 1.66407 1.81047 1.71404 2.48469 1.61285 1.57843 1.56346 3.30613 19.4575 1.56846 3.70384 1.53217 1.46574 2.66244 3.62223 1.44598 1.42138 2.3073 1.62459 3.6824 1.38694 1.37362 1.58532 1.4085 1.45666 1.37254 2.21416 3.77461 6.8228 3.9559 4.36594 5.50092 4.34424 7.79939 12.0876 6.99075 3.85737 3.51761 3.21453 6.96344 5.55186 3.91646 4.62085 9.28085 3.75186 5.85292 5.30222 3.37255
threshold=22.500000000000004 0.24357284113381675 21.680376028202122 0.7633053221288516 0.61383279169698468 0.60208333333333341 31.631057842626372 0.58731402696919954 0.31311274509803927 0.71317913730194438 0.93360881542699736 0.92888748419721889 0.10582306830907058 77.871939736346533 1.0000000180025095e-35 0.74369569824115289 0.9094745137304755 0.85584415584415596 64.136540400403291 96.884704968944121 0.51165187858736261 0.23368794326241135 0.9196102655858106 0.49242424242424249 0.98418947631546072 -2.1645021645021596 0.3053613053613054 38.924963924963926 39.077412513255574 69.946473775156463 33.520599250936336 34.724637681159429 24.500000000000004 0.19677419354838713 1.0000000180025095e-35 0.68016393442622969 0.65021674739083546 0.29814814814814822 0.65866589550800081 1.0000000180025095e-35 0.87891006842619757 0.96187226822121419 0.86335403726708082 -11.240969450729027 0.87981855778629992 0.47871376811594207 -8.7287157287157218 0.7949768810424549 1.0000000180025095e-35 0.86408966659301212 0.95203030303030312 0.68438714235252573 86.027512464708366 0.93001476943009209 0.86408966659301212 75.931034482758633 0.97789987789987798 0.98518437225636535 -31.182430458158009 0.80953199448034274 0.68469785575048747 1.0000000180025095e-35
decision_type=2 2 2 2 2 2 2 2 2 2 2 2 2 2 2 2 2 2 2 2 2 2 2 2 2 2 2 2 2 2 2 2 2 2 2 2 2 2 2 2 2 2 2 2 2 2 2 2 2 2 2 2 2 2 2 2 2 2 2 2 2 2
left_child=14 8 -3 5 -5 29 7 -7 10 20 11 26 -13 -6 39 -16 17 -17 -19 -12 21 23 -23 -10 -25 -15 27 35 -29 30 34 32 -32 -34 -4 -2 -37 38 -38 -1 41 43 -43 44 -41 -46 47 48 49 -45 -49 -50 53 54 58 -56 -57 -58 -42 -60 61 -61
right_child=1 2 3 4 13 6 -8 -9 9 -11 19 12 -14 25 15 16 -18 18 -20 -21 -22 22 -24 24 -26 -27 -28 28 -30 -31 31 -33 33 -35 -36 36 37 -39 -40 40 52 42 -44 46 45 -47 -48 50 51 -51 -52 -53 -54 -55 55 56 57 -59 59 60 -62 -63
leaf_value=-0.0010541158365516556 -0.081094507026605256 0.82500626373915009 -0.074926733941526213 0.20034778527170727 -0.099604895479913275 -0.083110232708463419 -0.042118677993346031 1.5857539825187008 -0.043993704871085698 0.13391260366404942 -0.082810200249578206 0.6530596446931084 0.04447460743857274 -0.030327038032145207 -0.096405813878699537 -0.04940135791047591 -0.041199462900706058 -0.097694303146524164 0.035863334850460095 -0.0017109804630228952 -0.076655994811178033 -0.082960878279904907 2.6129444897380818 -0.02934353500538665 0.45911661734087394 0.1455667849151224 -0.040828383479097521 1.592116952485459 -0.080028645794932504 0.39310170931567867 0.19228841558547505 0.0777245977867069 1.7384355287410824 0.35598639697385964 0.30803264956379423 0.22628613876504125 0.01809314505412286 0.45749185738807202 0.28270531354994882 0.10711231973347037 0.057679560419379446 -0.022632066582936389 0.086336781779476152 -0.14568672933056906 -0.091198442692361575 0.023675737624016528 0.0037729240335507477 0.035357548026475873 0.099865114183240192 -0.50950948674892427 -0.12066723945825404 -0.087857938373893329 0.0037071295895720882 -0.10556619209952485 -0.024544212289643423 0.066805061772535229 -0.22380579638160999 0.09027928792615672 -0.012284909213342594 -0.043460155206331431 -0.12020603903379719 0.17933799500598155
leaf_weight=1493.120115080892 0.49664838431346225 0.060691375187160612 0.58078607629431456 0.31200314715715638 2.5476776177911233 0.084465863998047896 1.8771661674927598 0.033515012019051937 7.7569595702862024 0.46115117999943223 2.7571262313308011 0.075331939091483835 0.11114780073148722 2.4152741162142779 1.8798126352830902 3.9104944099744925 9.1438406632514653 0.62083324561899544 8.522031054053512 3.4677143348380923 9.3453818306388694 0.097474417987542306 0.020788008347153664 0.3717633690466754 0.1355857060298149 0.36481956741772581 1.7722758757496135 0.016702961176633724 0.016462882525956957 0.093630432151257881 0.18170324843595143 4.3918114739972225 0.01536961553938454 0.062382084703131113 0.067565728539193515 0.33600586885040717 2.365837900493859 0.05104131167900039 0.14108259032582271 3.7503346161975051 2.7701991079666213 5.6863412368111321 10.408737508347258 0.67922439519315758 2.806956290791276 53.854905869084178 91.478980227399006 5.8202909661340527 0.80427337784567532 0.67282822541892529 1.2280847840011118 3.1057960754005762 237.7865216062055 5.2130593099864191 7.5998143053438989 11.985400615027173 1.1157521493732938 1.3079076750436798 17.41718779458461 1.4231196147593421 7.6882550194932264 0.6261396501213311
leaf_count=290481 833 7 557 255 4641 140 3041 71 14723 23 1392 15 56 479 355 650 155 357 122 51 27027 162 4 119 9 8 1346 1 220 3 41 2801 17 72 45 1022 1623 4 7 356 146 187 569 28 29 1664 28220 178 59 29 29 64 7490 94 882 440 22 42 11248 1549 2087 9
internal_value=-0.00047844 -0.0172238 0.0187227 0.0149667 -0.0374828 0.0550028 -0.0165086 0.390967 -0.0330142 -0.0493873 -0.00735706 0.0276552 0.290324 -0.0514106 -0.000118011 -0.0210223 -0.0146383 0.00396778 0.0267943 -0.0376317 -0.0541554 -0.0290705 0.390922 -0.0350806 0.101194 -0.00724526 0.0182284 0.0487983 0.762096 0.0814574 0.0759514 0.0914197 0.323238 0.629263 -0.035018 0.0418211 0.0629153 0.0414554 0.0329848 0.000137692 0.00388222 0.0108663 0.0478384 0.00724231 0.023518 0.017985 -0.00223117 -0.0468474 -0.120544 -0.326738 0.00817232 -0.0492446 -0.00038726 -0.0174239 -0.00857628 0.0219238 0.0464326 -0.0543124 -0.0310082 -0.0400557 -0.0897286 0.0246146
internal_weight=2035.31 42.8853 13.0889 13.0282 5.63977 7.3884 1.99515 0.117981 29.7965 18.1891 11.6074 5.38254 0.18648 5.32777 1992.43 24.077 22.1972 13.0534 9.14286 6.22484 17.728 8.38257 0.118262 8.26431 0.507349 2.78009 5.19606 3.42378 0.0331658 5.39325 5.29962 4.65127 0.259455 0.0777517 0.648352 3.39062 2.89397 2.55796 2.50692 1968.35 475.23 180.297 16.0951 164.202 60.4122 56.6619 103.789 12.3105 5.26212 1.35205 7.04838 3.91007 294.933 57.1468 51.9338 22.0089 14.4091 2.42366 29.9249 27.1547 9.73751 2.04926
internal_count=408356 60815 12178 12171 5383 6788 3252 211 48637 42067 6570 5127 71 5128 347541 1639 1284 1129 479 1443 42044 15017 166 14851 128 487 5056 3710 221 3536 3533 2931 130 89 602 3489 2656 1634 1630 345902 55421 31412 756 30656 2049 1693 28607 387 180 57 207 123 24009 16519 16425 1386 504 64 15039 14893 3645 1558
is_linear=0
shrinkage=0.08


Tree=101
num_leaves=63
num_cat=0
split_feature=0 1 13 3 2 17 17 2 3 3 0 5 18 4 6 18 5 6 6 13 6 0 18 18 6 2 17 4 5 18 5 5 6 18 4 18 3 18 4 6 5 17 2 6 1 9 9 4 4 18 13 18 5 1 3 18 2 17 4 4 5 4
split_gain=1.81859 3.30642 4.02014 2.72071 2.48443 1.88005 1.83032 2.52255 1.65008 1.55309 4.95059 1.51564 9.09596 4.71611 3.8086 41.1647 90.6751 3.14678 2.87443 2.87669 2.70145 3.3116 2.9812 2.6997 8.99351 4.46725 4.4805 4.4662 8.26415 4.10583 6.47997 9.89917 5.01478 4.86468 4.89413 4.08627 3.83514 3.7974 4.16143 3.58381 3.54953 3.98548 3.43598 3.33408 3.7646 3.13161 2.98693 4.53471 3.36854 2.96038 2.79514 4.20195 4.1003 2.67604 2.62784 2.71913 2.55365 3.29563 2.5184 2.46033 2.40243 7.62902
threshold=22.500000000000004 0.24357284113381675 0.7633053221288516 21.680376028202122 0.61383279169698468 0.60208333333333341 0.42997198879551829 0.65866589550800081 77.871939736346533 31.631057842626372 28.500000000000004 53.452248530112833 0.55642129517341743 42.436611008039584 0.5362591355149825 0.60885910428244538 39.918699186991873 0.73439102547172108 0.60740846570565643 0.29814814814814822 0.7477534634180607 1.5000000000000002 0.63670033670033688 0.82508741258741269 0.94091693330823767 0.87778619847585382 0.76705426356589157 89.784322820037133 85.22532021243363 0.7276069518716578 85.22532021243363 78.283873936047868 0.88138333138333158 0.61964176362522971 91.686991869918714 0.76062357048272544 60.736889692585898 0.80972058244785527 93.629319886852798 0.9094745137304755 87.528801843317993 0.81322674418604668 0.89998316498316511 0.79232550499217169 0.9294019933554819 1.0000000180025095e-35 1.0000000180025095e-35 81.099981099981122 70.981706465577446 0.7074321214910263 0.86335403726708082 0.79928057553956855 85.973110345958375 0.82891986062717782 94.804318488529034 0.79667906848560022 0.94549415725886321 0.77459677419354855 64.136540400403291 90.957190957190974 82.785560344827601 88.944444444444457
decision_type=2 2 2 2 2 2 2 2 2 2 2 2 2 2 2 2 2 2 2 2 2 2 2 2 2 2 2 2 2 2 2 2 2 2 2 2 2 2 2 2 2 2 2 2 2 2 2 2 2 2 2 2 2 2 2 2 2 2 2 2 2 2
left_child=11 6 3 -3 -4 -5 -2 -8 -6 10 -7 12 18 -14 15 16 -15 -16 19 -1 21 -19 -22 24 27 26 -26 28 46 32 31 -31 33 34 -29 -32 -34 50 -39 -30 41 -41 59 44 -44 -27 -13 48 -48 -50 -37 52 -52 -45 55 -33 -38 -58 -23 -35 61 -25
right_child=1 2 4 5 8 9 7 -9 -10 -11 -12 23 13 14 17 -17 -18 20 -20 -21 22 58 -24 60 25 45 -28 29 39 30 35 54 36 42 -36 37 56 38 -40 40 -42 -43 43 53 -46 -47 47 -49 49 -51 51 -53 -54 -55 -56 -57 57 -59 -60 -61 -62 -63
leaf_value=-0.076584291593648879 -0.017112128017505186 0.48476741156471276 0.18172544756365352 0.07320014737543315 -0.097810378669701215 0.067335265358344124 -0.070679215012540916 0.077749722541803346 -0.0068060871912642828 -0.040090412216690387 1.4536128693604773 0.010641583109498394 -0.07437539555202799 15.472374374523424 -0.031827444048054626 0.085716310499952902 -0.080110272998551654 0.60556933498441756 0.028841039039026999 -0.00089400576674506156 0.2289374036074516 0.032095884495132468 -0.0037339624993103083 0.00089254459594868439 0.072293879841905759 0.083538590716411024 -0.068097857855519472 -0.037106153409123099 0.094213753266662495 0.074037612374603073 0.094567820916637291 -0.051798757435467503 -0.02643615082095311 0.11858389481808494 0.07591766187431509 -0.082732850937169256 0.13441984682078204 0.10017705986208222 -0.017266924197036963 -0.14183212458557515 0.1064251065936985 0.031435799865093594 -0.077122186277472277 -0.036901276854424861 0.10479792174919665 0.26076456729433345 0.013382648606426151 0.016746558370089547 -0.0022278466669025201 -0.050622460726070975 -0.12037872016466354 -0.06655636186054667 0.066716559589632074 -0.17250513650798291 -0.090297105783516921 0.094828527556033312 -0.16312797010376476 0.065761482697994283 0.77055432356983333 -0.022939517864609842 -0.0031988283894200543 0.041743563537938039
leaf_weight=3.2480018785611255 18.78795690917082 0.092800218400950985 0.31624331457533106 5.4758162070393155 2.3932121340403683 0.1722595494193232 9.4412745085392054 0.79445924757783437 2.7294600241693843 1.8169125880467616 0.018231763235235121 208.90054454688834 14.587175633734658 0.0036006346344937823 32.315786240960733 0.3205034326074383 0.0071903773023223039 0.11052848925464687 21.084572557545471 303.43017046147179 0.39033191218550189 0.31130125735217007 3.6305330019094981 315.02760228820989 3.1748936526710194 10.111904664197933 2.6854515807935968 4.1902428109315242 9.9772077137604338 3.3411062320228693 2.7453950111521435 5.2186585272429538 2.7724739243276408 1.0191607238375562 5.910675540799275 4.7927337541477764 3.4681412531062943 3.5639397158520287 4.2140158581314608 1.3314582053571933 1.7768613959196953 2.3477424221346155 2.3232820220291619 1.4023341890424488 1.0602422147057948 0.68108603823930103 12.448063371884926 30.337904936517589 12.029823904958901 24.699249207464163 0.88973710522986937 4.4669739929959178 4.7620903808856383 2.773359612794593 16.366621494642459 0.95802701695356507 0.4465287816710769 4.0917354194680229 0.032657042982464191 3.4388935772003606 858.73169718909776 32.253380402864423
leaf_count=6148 15648 7 255 3536 4641 186 32421 568 487 3041 25 16017 146917 12 80252 907 54 10 6752 28417 168 302 5217 27639 92 515 76 103 242 109 140 146 173 47 293 170 82 77 108 21 59 69 26 24 35 12 3111 723 446 674 14 81 193 35 219 41 7 196 13 125 19536 696
internal_value=-0.000450244 -0.0169165 0.0165878 0.0542603 -0.0358874 0.0489216 -0.0319406 -0.0591587 -0.0493215 -0.0173058 0.200015 -0.000102432 -0.00465085 -0.0358339 -0.0206891 0.249345 5.10928 -0.0231207 0.000268752 -0.00169564 0.0397496 0.224623 0.018853 0.000969131 0.00662287 0.0641907 0.0079606 0.00415242 0.00867073 -0.0121495 -0.0262921 -0.0544715 0.00991301 -0.0118916 0.0290311 0.00238534 0.054656 -0.00876861 0.0365471 0.0657056 0.0135743 -0.0312678 -0.0462886 -0.0791394 -0.0201167 0.0947223 0.00561876 -0.00757711 -0.0225826 -0.0347718 -0.0324056 -0.00856827 0.0372631 -0.126965 -0.0735176 -0.0290563 0.0827368 0.0432406 0.102209 0.00941431 -0.000928173 0.00468654
internal_weight=2032.24 42.0386 13.0149 7.57602 5.43892 7.48322 29.0237 10.2357 5.12267 2.0074 0.190491 1990.2 379.472 51.7096 37.1224 0.331294 0.010791 36.7911 327.763 306.678 4.47535 0.454487 4.02086 1610.73 404.719 16.6533 5.86035 388.065 303.849 84.2164 51.3193 25.8844 32.8971 22.1182 10.1009 25.4349 10.7789 22.6895 7.77796 15.4333 5.45606 3.6792 12.0173 7.55922 3.38352 10.793 288.416 79.515 49.1771 36.7291 14.9115 10.1188 5.65183 4.17569 22.5433 6.17669 8.00641 4.53826 0.343958 4.45805 1206.01 347.281
internal_count=408356 60815 12178 6795 5383 6788 48637 32989 5128 3252 211 347541 275169 233852 86935 973 66 85962 41317 34565 5710 325 5385 72372 24501 695 168 23806 21362 2444 1298 515 1146 688 396 783 458 643 185 391 149 90 292 120 61 527 20971 4954 4231 1120 458 288 207 59 406 187 285 203 315 172 47871 28335
is_linear=0
shrinkage=0.08


Tree=102
num_leaves=63
num_cat=0
split_feature=3 6 20 18 18 20 4 4 4 6 2 5 18 4 18 20 6 4 6 17 4 5 6 6 20 6 6 5 6 20 18 4 20 10 4 4 18 6 2 5 4 4 20 18 6 10 5 5 3 6 5 18 20 18 4 5 6 6 5 6 18 6
split_gain=2.84591 168.677 309.643 436.297 463.757 69.2369 4.84332 3.48297 7.56319 2.14176 17.8344 1.50985 10.0752 7.94595 10.1418 93.005 471.608 458.291 2.90734 5.38535 3.16602 2.60634 2.58401 2.57545 2.83046 3.54709 2.57412 2.56519 2.36936 3.27626 2.76259 2.32782 2.282 2.183 2.17994 2.14529 2.08249 7.81623 4.40295 3.55 6.08076 4.68512 8.24835 9.74829 6.26633 5.64709 5.14469 5.06826 5.01861 4.59789 4.57622 4.65451 3.20131 8.07896 2.94264 11.8549 6.05503 5.29924 6.51777 4.54952 5.95773 5.88059
threshold=34.066731141199234 0.5205093152461574 26.843915333696433 0.56679790026246735 0.60535266738274263 20.333631484794282 68.244631185807677 45.805791291739531 44.07690905777293 0.87241706506222649 0.57666991552956481 53.452248530112833 0.55642129517341743 47.836488454337434 0.58578643578643586 -23.242112980276534 0.52902010334920579 42.823920265780735 0.62536321577463916 0.43826219512195125 69.58437081018964 66.789215686274531 0.59488195990646975 0.60740846570565643 -15.34007106462858 0.66996515726559547 0.73439102547172108 44.783893034825873 0.60298409073607362 -19.178227452481181 0.79180648769574946 73.36391437308869 -17.483968430139345 1.0000000180025095e-35 77.805145046524373 92.340286831812264 0.82508741258741269 0.94091693330823767 0.87778619847585382 87.528801843317993 95.258532597588399 89.784322820037133 -8.7287157287157218 0.7576941287878789 0.87241706506222649 1.0000000180025095e-35 66.789215686274531 76.409794360822573 60.736889692585898 0.84198324994625262 84.384031791907532 0.73427610759493678 -19.999999999999993 0.75521059487624853 87.528801843317993 85.22532021243363 0.67182426792333916 0.87241706506222649 80.082644628099189 0.70290765607030559 0.86056042699199398 0.65725169295396391
decision_type=2 2 2 2 2 2 2 2 2 2 2 2 2 2 2 2 2 2 2 2 2 2 2 2 2 2 2 2 2 2 2 2 2 2 2 2 2 2 2 2 2 2 2 2 2 2 2 2 2 2 2 2 2 2 2 2 2 2 2 2 2 2
left_child=1 2 3 -1 5 7 9 8 -5 -3 -11 12 23 14 15 33 17 -17 19 31 -21 22 -22 35 25 32 27 -15 29 34 -31 -13 -25 -14 -23 -2 37 39 -39 41 -41 47 45 44 46 -43 -44 -20 -46 50 51 -49 53 -53 57 -56 -57 58 -38 60 -60 -62
right_child=11 6 -4 4 -6 -7 -8 -9 -10 10 -12 18 13 26 -16 16 -18 -19 36 20 21 28 -24 24 -26 -27 -28 -29 -30 30 -32 -33 -34 -35 -36 -37 54 38 -40 40 -42 42 43 -45 48 -47 -48 49 -50 -51 -52 52 -54 -55 55 56 -58 -59 59 -61 61 -63
leaf_value=-0.08035875802315505 -0.0010397692129172653 -0.074809014595813295 -0.080856164911956449 -10.818411621506248 -0.080005135024089014 -20.96779409366901 -0.0038480824825813764 -14.42656327611018 -14.762174927663821 -0.080095303660642866 4.5001007027076607 0.45464910685151116 -0.080049104603437157 0.058649386286110661 -0.069990465254897383 -0.080004130351730041 -0.080006787773373333 -27.771074631824948 -0.0026247563460085666 0.051899578119936063 0.01360321300115816 -0.016361627707033099 -0.07783605216897567 0.03740041612904247 0.073793023977514929 -0.078611955863215316 0.042959583602868057 -0.03137505936812205 0.048567053129837987 0.11767030215791641 0.0087697907870480478 0.14527004265297688 -0.084993733005468711 0.47060221107046912 -0.11682765894481076 -0.11055794464698351 -0.0023324313227397388 -0.0041295058228186998 0.09138965846723196 0.088538373790531907 -0.021615947922105049 -0.041759208148267328 0.094079007918525248 -0.045611840399253152 -0.037436889170474379 -0.1570218475802285 -0.022311849304445942 0.06812007351614266 0.092399338567878617 0.0019028356164189711 0.085042778836121477 -0.12949839114048042 0.02415534091722174 0.028400823978643089 0.030028278634638583 0.065683078372946652 -0.0028755383345619476 0.0086384112030646505 -0.13035318038495886 -0.019304787290908482 0.04119092051654203 -0.066246332422971788
leaf_weight=0.04988165398418587 305.04966714224236 7.2649143852549392 0.20444836541719269 0.0073632997773529496 0.018085211089783115 0.011403114096538047 111.37002493129694 0.011030848932932713 0.0053905348358966876 0.049464775078376877 0.0061133429953770238 0.205053602998304 0.56575196143785433 2.2073687071442754 16.287030211849356 0.0068773611001259347 0.071145762729429407 0.0086186712906055618 161.85078697604877 12.194146378784351 3.6704493586730669 5.1880083698779371 4.2893444496585289 10.995103358858612 6.0443988519982659 2.4737355994802774 4.2624979998363406 24.61626343194439 9.5152737054449954 1.7931578729476338 8.8433621518197452 0.64602724838186987 1.0697906124114549 0.050161877719801851 1.884281371720135 1.1490155905485142 175.30624230560352 4.4098253043484865 10.307268387230577 7.8950996898347494 5.401568645669613 10.606024489505215 2.877370552159852 20.411196033121087 2.3320729479310094 3.6588329700753084 15.651220321131403 12.010549216356592 10.41252027673181 49.608595845114905 9.7582786907441896 3.3334216009825415 27.362679040437801 5.4883335018530488 83.87276947038481 8.3545930648688209 626.54107306181686 105.4299894025753 5.6540134421084103 101.34963323138072 4.6241004176554261 11.057283023430498
leaf_count=582 32223 99568 324 49 476 6 16877 7 3 189 25 80 4094 3868 170270 153 1409 9 9306 1860 82 58 119 2183 2109 46 2562 21190 216 51 218 16 81 19 21 21 12713 107 527 214 208 113 135 381 151 56 343 249 425 1049 197 28 509 71 1522 181 14470 2676 46 1409 75 131
internal_value=-0.000836917 -0.0128401 -1.88378 -5.45711 -10.4916 -15.8427 -0.00799132 -13.3856 -12.4853 -0.0710242 0.423706 -8.85574e-05 -0.00463995 -0.038834 -0.0828278 -0.380431 -2.83457 -15.4814 0.0010238 0.0203544 0.0167715 0.00459666 -0.0356712 0.000390631 0.0277833 0.00865493 -0.0147899 -0.0239668 0.0163702 -0.000929739 0.0271288 0.21981 0.0265478 -0.0352024 -0.043129 -0.00145074 0.000396226 0.00565993 0.0627683 0.00324935 0.0437899 0.00164197 -0.0174697 -0.00260611 0.0254626 -0.0713232 -0.0042371 0.00632028 0.0686412 0.0197801 0.0350832 0.0249676 0.0106442 -0.0312636 -0.00130821 0.00176088 -0.00197338 -0.00677636 -0.0122301 -0.0263731 -0.0599498 -0.0345654
internal_weight=2027.65 118.998 0.307603 0.103155 0.053273 0.0351878 118.691 0.0237847 0.0127538 7.32049 0.0555781 1908.65 374.857 48.0757 16.9896 0.702556 0.0866418 0.015496 1533.79 48.2291 47.378 35.1839 7.95979 326.782 20.583 14.5386 31.0861 26.8236 27.2241 17.7088 10.6365 0.851081 12.0649 0.615914 7.07229 306.199 1485.57 363.376 14.7171 348.659 13.2967 335.362 65.9492 51.6844 31.2732 14.2649 18.5286 269.413 12.7446 107.562 57.9533 48.195 36.1844 8.82176 1122.19 718.768 634.896 403.421 297.991 122.685 21.3354 15.6814
internal_count=408356 118106 1447 1123 541 65 116659 59 52 99782 214 290250 240237 203574 175954 5684 1571 162 50013 2721 2625 765 201 36663 4419 2310 27620 25058 564 348 269 96 2264 4113 79 32244 47292 14069 634 13435 422 13013 1604 1435 1054 169 478 11409 576 2103 1054 857 608 99 33223 16173 14651 17050 14374 1661 252 206
is_linear=0
shrinkage=0.08


Tree=103
num_leaves=63
num_cat=0
split_feature=3 4 2 20 17 4 1 1 5 20 2 17 13 20 0 0 0 15 20 5 20 4 13 4 6 0 9 6 6 4 17 5 20 6 0 6 20 13 6 2 7 17 2 2 6 6 2 5 2 17 1 5 6 6 10 6 20 20 17 1 0 5
split_gain=1.60412 5.9792 3.53913 4.56779 3.37602 3.18029 3.11275 3.09364 2.57295 2.42048 2.37966 5.01049 6.58758 3.93178 3.1969 4.41974 2.53521 2.76103 3.09371 2.56571 2.19522 2.17086 4.20287 3.64909 5.36512 3.77195 3.74504 2.93043 3.65717 3.09878 3.00397 2.81029 3.79373 3.38787 3.8389 3.00481 2.77372 2.66423 3.61677 2.96736 2.63865 2.58108 2.74645 3.05757 2.51751 2.49727 3.02337 3.50498 2.63268 2.42532 3.05407 2.40026 2.20096 2.94767 2.84978 4.10748 2.1954 2.59512 4.03385 3.30928 2.30624 2.18194
threshold=83.935483870967758 53.977992014801835 0.92225829725829744 2.4242424242424261 0.89699381078691431 81.099981099981122 0.23145604395604394 0.81322674418604668 72.473494796226063 -69.801493710691815 0.91306418219461705 0.54631217838765023 0.63397129186602885 12.883574471241291 12.500000000000002 11.500000000000002 14.500000000000002 1.0000000180025095e-35 -13.606374056471902 91.368667518092821 -3.8950611812916089 81.897262842144741 0.44722222222222224 72.543939855735047 0.84638075584312156 4.5000000000000009 1.0000000180025095e-35 0.61090892395332397 0.60298409073607362 58.353269537480074 0.55646630236794181 88.318280704067519 9.153515688297114 0.74086478236837017 5.5000000000000009 0.94091693330823767 -11.240969450729027 0.73030303030303045 0.723033549286349 0.74100014994751839 -1.0000000180025095e-35 0.95505050505050526 0.86957219704561217 0.85896445221445239 0.8905029937382879 0.9196102655858106 0.83095695970695982 79.177241962774971 0.65866589550800081 0.70412457912457926 0.59761904761904772 94.297328687572602 0.87241706506222649 0.72882406540181444 1.0000000180025095e-35 0.77210196893416083 18.61403589610283 32.526067122841319 0.71010186757215632 0.36899313501144171 7.5000000000000009 73.441913841807931
decision_type=2 2 2 2 2 2 2 2 2 2 2 2 2 2 2 2 2 2 2 2 2 2 2 2 2 2 2 2 2 2 2 2 2 2 2 2 2 2 2 2 2 2 2 2 2 2 2 2 2 2 2 2 2 2 2 2 2 2 2 2 2 2
left_child=1 9 7 5 -5 20 -2 21 -6 -1 11 -8 13 -13 15 -12 17 -16 -19 -20 -4 22 44 24 25 -24 27 28 29 30 -27 32 33 -23 -35 -34 -30 39 -39 40 52 42 43 -37 -3 46 47 48 -25 -36 -51 -40 53 -33 55 -55 -53 -58 59 -59 -60 -50
right_child=6 2 3 4 8 -7 10 -9 -10 -11 14 12 -14 -15 16 -17 -18 18 19 -21 -22 31 23 45 -26 26 -28 -29 36 -31 -32 37 35 34 49 41 -38 38 51 -41 -42 -43 -44 -45 -46 -47 -48 -49 61 50 -52 56 -54 54 -56 -57 57 58 60 -61 -62 -63
leaf_value=-0.0085462183229749033 0.075847291646143289 -0.045507247134965401 -0.015065420935161489 0.094226045343496184 -0.066280368052414329 -0.092163095784709187 -0.0040869077123020852 -0.15824563952453422 0.041539544112057819 -0.05797272480778623 -0.00057009115931387481 -0.0024205148625782318 0.035503828530272001 -0.19177441761061167 -0.10489200086367406 -0.048763255394741911 -0.018319272889231256 0.10231235505616063 -0.013906185974727037 0.092976415442231716 0.09371341574787298 0.02897752750038339 0.17674606260377076 -0.015573248861765978 0.12456062945377584 0.74521599499562696 -0.0742045155623096 0.0012703661368996838 0.88342290290120296 0.019644643008251462 0.16751889166892656 -0.038867691535831347 0.0073447027062119863 -0.1340902224289181 -0.10574948412377171 0.048628433799733993 0.24031487497942239 0.081251654178230229 -0.03022955342373005 0.046541250318064165 -0.054270194455032103 -0.10258504334209986 0.1172719766470261 -0.072900645881468343 0.027481988223471143 -0.12710449603534782 -0.026234420568073045 -0.076234505882472756 0.050489223133317981 0.075747731342990329 -0.039223400864495973 0.064233360009371632 -0.0063191478326117198 0.10931654924613973 0.077208259582241187 -0.0037837672616334752 -0.035430672785501313 -0.0061975487887642221 0.050988883437889022 0.10984192851404165 -0.045996456689668543 0.16758277891442647
leaf_weight=9.8226836821415393 3.5358745249941412 28.820592701645808 4.7134422296658158 7.0418463320820583 1.7692377803614343 2.6469300952740014 101.54925751456904 0.82897989638149638 7.1045678013470024 17.88990623811889 1275.0298325792173 37.333470659232262 68.794293204373389 0.71525661647319694 0.68539053970016617 12.296295789594295 4.4992475758990613 5.8333608136526891 4.2887493323069066 2.1619798942701891 1.5871214963262916 4.6150243687443462 0.8124433656630633 2.5211030041973554 2.9852665615799188 0.067246760083438661 3.4322546632411095 10.600851274184604 0.057670480600791052 1.8127610574520074 0.40186595835984917 4.4805986301507827 122.52038598808576 2.7780470913276067 1.9357111118733863 10.880042570061049 0.16782877277000796 2.3118380047380915 54.615441082511097 8.4520163517445308 5.9905411535874 0.73498207994271147 3.1705470299348244 1.5086599783971895 3.3789376908134718 1.2650177419418458 26.926920506637543 1.7090926960809154 3.4508163629798219 2.1153917661868036 4.9129671473056078 2.8770690076053169 80.050201937207021 2.4350509830983382 6.4139075404964379 13.169783139950594 12.930770243983718 2.7087107961997381 2.0693817529827339 3.7511115362867713 6.4917670097202063 1.4449667534790931
leaf_count=1440 713 64442 116 303 39 28 10193 9 477 216890 85243 2354 4821 3 13 590 188 353 64 50 32 55 31 395 197 33 1838 3095 5 229 149 170 7123 29 18 351 67 32 596 217 233 22 50 12 656 11 385 38 88 34 50 62 2458 135 201 483 186 28 50 88 64 31
internal_value=-0.00042848 -0.00432329 -0.002235 0.0271549 0.0528649 -0.0185778 0.000873912 -0.00384239 0.0200427 -0.0404536 0.000698722 0.0086371 0.0207307 -0.00598007 -0.000569138 -0.00103042 0.0334245 0.0513749 0.0600938 0.0219158 0.0123361 -0.00356032 -0.014696 -0.00176616 0.0254961 0.0084538 0.000187533 0.0196663 0.0974421 0.0670697 0.250331 -0.000810809 0.00734313 -0.029097 -0.0519222 0.011637 0.404787 -0.00687199 -0.0174842 0.000825067 -0.00260832 0.0439122 0.0508324 0.033829 -0.0378479 -0.016624 -0.0127475 0.0270466 0.050846 -0.0264576 -0.00461945 -0.0201556 0.000296266 0.0202804 0.0323164 0.0138649 -0.00230897 -0.00915817 0.0134585 0.0611846 -0.0225534 0.0850488
internal_weight=2023.9 507.18 479.468 24.8631 15.9157 8.94749 1516.72 454.605 8.87381 27.7126 1513.19 208.392 106.843 38.0487 1304.79 1287.33 17.4687 12.9695 12.2841 6.45073 6.30056 453.776 89.8556 57.6561 20.3382 17.3529 16.5405 13.1082 2.50737 2.28187 0.469113 363.92 155.172 16.3571 11.7421 138.815 0.225499 208.748 87.7561 120.992 112.54 16.2942 15.5592 12.3887 32.1995 37.3179 36.0529 9.12598 7.41689 8.96407 7.02836 85.4443 106.55 26.4993 22.0187 15.6048 30.8288 27.9517 15.021 6.45982 8.56115 4.89578
internal_count=408356 303771 85441 995 819 176 104585 84446 516 218330 103872 17371 7178 2357 86501 85833 668 480 467 114 148 84437 71690 6592 5644 5447 5416 3578 483 411 182 12747 7744 186 131 7558 72 5003 1106 3897 3680 435 413 363 65098 948 937 552 514 102 84 1074 3447 989 819 618 478 416 230 116 114 119
is_linear=0
shrinkage=0.08


Tree=104
num_leaves=63
num_cat=0
split_feature=8 18 2 6 4 3 4 2 4 3 1 18 20 17 2 1 1 3 17 2 2 18 1 13 3 1 1 17 10 2 17 1 3 2 3 2 1 17 15 3 18 20 2 20 1 2 20 17 3 17 18 2 20 18 2 4 18 13 3 4 20 1
split_gain=1.53265 1.68554 1.69874 2.05281 1.96261 1.39177 5.34218 3.21119 3.85873 3.68241 2.91288 2.54423 5.96106 2.62276 2.96049 2.49891 2.38941 7.86373 2.52347 5.61353 6.33643 2.18736 2.85376 2.11802 2.90243 4.72472 5.26579 5.46094 3.83936 3.36241 3.85141 3.72175 3.2198 3.01387 2.76269 3.4141 2.83883 2.67962 2.63307 2.62824 3.25639 2.47097 2.28299 3.79633 4.57589 5.37129 3.26894 3.49046 4.64276 2.14261 2.05643 2.04743 2.04563 2.63766 2.02201 2.02009 5.5097 4.52518 5.07014 4.27799 3.23565 2.94644
threshold=1.0000000180025095e-35 0.74369569824115289 0.89370913062596646 0.9196102655858106 92.340286831812264 83.935483870967758 53.977992014801835 0.92225829725829744 86.027512464708366 80.322580645161295 0.35339366515837106 0.67281223449447758 43.210654959288853 0.89564428312159727 0.94334422657952077 0.81322674418604668 0.70659971305595415 83.438818565400865 0.89699381078691431 0.90627507012622732 0.8955610290093049 0.83275058275058289 0.74322344322344336 0.95445134575569368 95.74275362318842 0.8765243902439025 0.6478537360890303 0.75809822361546508 1.0000000180025095e-35 0.92225829725829744 0.90803382663847787 0.68237250554323736 87.585616438356183 0.94001581027668002 92.031746031746039 0.92000732600732615 0.77638888888888902 0.8765243902439025 1.0000000180025095e-35 92.422502870264069 0.92511682242990667 -3.8950611812916089 0.88335058661145627 -25.321216061254518 0.60208333333333341 0.8955610290093049 -8.1832855616220765 0.82426470588235301 86.72955974842769 0.83176100628930827 0.88103563103563121 0.84517635071040653 6.2206360526025337 0.93926218708827414 0.92381350533524464 81.897262842144741 0.86497211497211512 0.53950103950103967 58.397435897435905 66.288924558587482 58.235239809813976 0.42997198879551829
decision_type=2 2 2 2 2 2 2 2 2 2 2 2 2 2 2 2 2 2 2 2 2 2 2 2 2 2 2 2 2 2 2 2 2 2 2 2 2 2 2 2 2 2 2 2 2 2 2 2 2 2 2 2 2 2 2 2 2 2 2 2 2 2
left_child=5 -2 -3 4 -4 6 11 15 9 -9 -7 12 13 -1 16 55 17 18 19 20 -15 22 -11 -12 25 26 27 32 34 30 31 -30 51 -27 36 37 52 -36 -29 -35 -41 -37 46 44 -44 -46 47 48 -40 -31 -23 -25 -28 -54 -10 56 57 60 -59 -60 -8 -61
right_child=1 2 3 -5 -6 10 7 8 54 21 23 -13 -14 14 -16 -17 -18 -19 -20 -21 -22 50 -24 24 -26 33 28 38 29 49 -32 -33 -34 39 35 41 -38 -39 42 40 -42 -43 43 -45 45 -47 -48 -49 -50 -51 -52 -53 53 -55 -56 -57 -58 58 59 61 -62 -63
leaf_value=-0.045086007820956925 -0.095173043107801295 -0.0670773215904064 0.0072501584784274709 -0.038475686553652619 0.14261060840699316 0.03277691213133796 -0.039403181053153331 0.045265068323600985 0.20000508031743711 0.10052828930547905 -0.012130497261946043 -0.073021014765572295 1.3974748978870761 -0.080017110720983081 0.26199582011400041 -0.13918521411706161 -0.050026859902996143 1.9694903389529976 0.037542412612871237 -0.081781605694206089 3.4537055658797482 -0.14752831621854645 -0.046245370539491487 0.1362459702001165 0.00023833120305112238 0.10998507270578285 -0.039783584108370428 -0.063957735225818407 -0.067454082491720427 -0.050091116034554677 -0.14002431724591427 0.11722443416360806 0.050007683936192711 0.070956910046172314 0.24141018815017795 -0.03597594575209058 0.0076105451774560419 -0.050008251419088767 0.43783623094537855 0.034856769508259673 -0.032263074481774512 -0.12471875723493256 0.14917673598789391 0.10769196514486491 1.0665131973233011 0.21210658569725269 0.12812968250867049 -0.099506389359826142 -7.2024648236488332e-05 0.082723181902533652 -0.030149545626028198 -0.069919584961595754 0.13678610636905952 -0.040175823322643238 0.054117585150564952 -0.00046142465810787027 -0.038639546306902084 0.083769167628889502 0.071248613626739565 0.088812749620129583 0.07611661279976431 -0.018267382806499758
leaf_weight=11.395942161975407 1.7914362240699144 3.3380462691457096 10.78681159579719 7.2544799216557285 0.73206227179616767 18.308519190815787 17.340132932738616 6.0340545515646244 0.64821133948862453 1.3105327184312048 78.342226716962614 9.0916286883011121 0.018943954270070118 0.0055048655704020852 0.30693266022717569 0.8654105830937614 2.5958483844879083 0.013646545841765945 3.1657346160208979 0.021420158645923948 0.0079199094325304031 1.6650671694660562 2.4012170059140772 0.33455071836943062 1272.6985481122974 3.3622929482298778 17.530264772132799 0.72189749049721008 1.334150912240146 0.87848578259581689 1.2424437811714595 1.4655523785040712 3.4764720941784617 7.6978916808584499 0.4268798365155807 5.5359386599957352 33.21693476310611 0.3832270565253566 0.20790510654478644 17.583174090817923 6.2777618617838007 3.1511002958286545 0.30283658888947584 4.5374945942312488 0.096884165286610369 0.091623104031896219 1.8102486869320271 1.3031676131649872 0.60833511846431065 6.7544022585789207 2.2407682100310922 3.9272547095097252 1.013245279900729 1.15187789988704 9.809780237847006 361.40606721333461 34.96913352522958 6.4024232146366549 5.079942031879912 1.7837715312780371 1.7042904119662114 21.079036005423404
leaf_count=44006 398 921 429 113 15 2452 36997 234 15 25 4075 163695 35 71 81 9 583 10 8951 2 2 19 36 25 88879 121 1809 11 16 22 34 34 361 465 31 485 2237 15 34 974 328 46 56 97 36 46 44 82 70 393 44 619 24 21 616 12610 31531 996 1062 59 462 387
internal_value=-0.000400711 -0.0205381 -0.0144913 -0.00514107 0.0158528 -0.000159696 -0.00380745 -0.00185186 0.0265934 -0.0014189 0.00106298 -0.0386787 -0.0208696 -0.0224039 0.0198528 -0.00337374 0.00706096 0.0531658 0.044995 0.722078 2.00469 -0.0383983 0.005577 0.000669989 0.00138674 0.0129476 0.00339353 0.0429721 -0.00591213 0.0361946 -0.0228017 0.029219 -0.00712827 0.037982 -0.0137891 -0.0535185 -0.00665814 0.103553 0.0830211 0.0303107 0.0171977 -0.0681661 0.094865 0.130565 0.341794 0.651233 0.0491793 -0.0182546 0.111468 0.0674373 -0.0801884 -0.0537356 -0.0307228 0.0426397 0.06316 -0.00311242 -0.0139556 0.00221196 0.0195552 0.0048421 -0.0290653 -0.00991292
internal_weight=2021.04 23.9028 22.1114 18.7734 11.5189 1997.14 501.363 474.74 24.1096 13.6516 1495.77 26.6235 17.5319 17.5129 6.11701 450.63 5.81007 3.21423 3.20058 0.0348449 0.0134248 7.61759 3.71175 1477.47 1399.12 126.424 91.5032 17.4187 74.0845 11.675 4.04215 2.7997 7.73828 34.9211 62.4095 9.49715 52.9123 0.810107 9.68039 31.5588 23.8609 8.68704 8.95849 5.02884 0.491344 0.188507 3.92966 2.11941 0.81624 7.63289 3.90584 4.26181 19.6954 2.16512 10.458 449.765 88.3587 53.3896 34.3452 27.9427 19.0444 22.8628
internal_count=408356 1876 1478 557 444 406480 302538 85102 989 358 103942 217436 53741 53706 9700 84113 9619 9036 9026 75 73 124 61 101490 97415 8536 6648 1481 5167 499 84 50 1005 1888 4668 577 4091 46 476 1767 1302 531 465 235 138 82 230 186 104 415 63 644 1854 45 631 84104 71494 39963 2504 1508 37459 446
is_linear=0
shrinkage=0.08


Tree=105
num_leaves=63
num_cat=0
split_feature=4 6 3 13 5 2 1 20 20 4 13 1 13 4 18 5 18 6 12 5 1 18 5 6 1 5 2 18 2 5 4 0 5 5 20 3 17 17 18 17 17 0 4 18 6 18 0 0 6 18 20 17 3 4 6 6 0 3 2 17 1 17
split_gain=1.96585 4.94189 2.84352 2.72975 6.31174 12.353 98.6452 90.2101 3.43924 3.6709 2.9401 2.74866 2.4161 2.40159 4.07281 7.64404 7.84343 6.83687 4.71203 4.67498 3.50632 3.3846 4.9952 2.98733 4.02785 7.06045 4.31711 3.3582 2.89094 2.80155 2.60437 4.42945 2.59656 2.57058 2.45745 4.08426 2.77158 2.42172 2.71668 2.31024 2.29932 2.15693 2.13801 5.84908 2.92398 2.13645 4.41365 2.5179 3.20469 2.02893 2.00978 4.48249 2.12723 2.00488 2.18016 2.89037 3.55493 3.20956 2.92151 2.1234 2.06324 3.52653
threshold=91.686991869918714 0.72882406540181444 46.247654784240162 0.31009615384615391 39.588620981387486 0.39405964405964417 0.19848484848484851 19.485221316249277 -16.666666666666664 68.244631185807677 0.21525096525096529 0.14415584415584423 0.49242424242424249 89.784322820037133 0.7949768810424549 85.22532021243363 0.83956440717447023 0.9094745137304755 1.0000000180025095e-35 87.528801843317993 0.49545454545454554 0.74203692432542112 70.480385986993923 0.94091693330823767 0.96490147783251246 89.86145693672988 0.94785328624203313 0.90336728919071885 0.90834123972169523 81.093535932245615 90.397787144362511 5.5000000000000009 85.22532021243363 79.177241962774971 37.96817136123893 37.248718959400875 0.87026647966339421 0.67799539170506928 0.97570810385523221 0.967204301075269 0.49561403508771934 31.500000000000004 94.189797449362359 0.99683544303797478 0.57556639846091251 0.94604989604989609 8.5000000000000018 9.5000000000000018 0.94091693330823767 0.97234964322120299 -1.5384615384615363 0.95293466223698797 72.06557377049181 82.780584230177922 0.75592784261388923 0.90007455610650344 23.500000000000004 88.2734912146677 0.47476112476112481 0.34514106583072107 0.20156250000000001 0.88516483516483524
decision_type=2 2 2 2 2 2 2 2 2 2 2 2 2 2 2 2 2 2 2 2 2 2 2 2 2 2 2 2 2 2 2 2 2 2 2 2 2 2 2 2 2 2 2 2 2 2 2 2 2 2 2 2 2 2 2 2 2 2 2 2 2 2
left_child=3 2 12 4 5 6 -1 -8 10 -10 -6 -11 -2 34 21 17 18 30 19 -17 -21 22 39 37 26 -26 27 -25 -29 33 -16 -32 -31 -23 35 -5 -36 -18 49 -15 -12 -3 43 44 -4 47 -47 48 -19 50 -39 52 -52 -13 60 -56 57 -57 -58 -60 61 -55
right_child=1 41 42 13 8 -7 7 -9 9 11 40 53 -14 14 15 16 23 45 -20 20 -22 29 -24 24 25 -27 -28 28 -30 32 31 -33 -34 -35 36 -37 -38 38 -40 -41 -42 -43 -44 -45 -46 46 -48 -49 -50 -51 51 -53 -54 54 55 56 58 -59 59 -61 -62 -63
leaf_value=-0.08029826207371242 -0.045575782984531132 0.0013841994515812054 -0.075068799950463005 -0.1035985222573762 0.003135771456374164 -0.10483372289057391 -0.080009801112202558 -16.402905160051674 -0.072234287225453095 0.014146203391246382 -0.060804286967254324 -0.047977698482091928 0.10664568621279683 -0.037577653152478761 -0.033029640000587633 -0.089782312698934635 -0.039958750029394495 0.14509242316288487 0.2113956447447102 -0.079073765076101393 0.11835886177973974 0.08128003013490348 0.019218794554380924 -0.084547582741083926 -0.23279198351731686 -0.046758372635796831 0.095236002822768867 -0.042693587247113321 0.083880899711727699 -0.12666806104446474 0.10682308002687706 -0.0043530960557154113 -0.025899719479226202 -0.090867860050370466 0.037149426876368311 -0.00070214194047035512 -0.080038499807677271 -0.0090712835012771945 -0.03987555298367973 -0.14450003826116131 0.13403430256136589 -0.077638627971262822 0.063746654925350907 -0.10228682245461414 0.05245230402075176 0.076773314350749605 0.27584753758717467 -0.014181007054675808 -0.027736522757063318 0.098970865275172334 -0.047528922100329066 0.14590330266091708 0.039540200623058942 0.042265307476035741 -0.046695826955263017 -0.027801884295924176 0.43134093494563092 0.083937887633665748 0.35715482557345857 -0.026460501153740434 0.0019815070739478417 0.31443991746539057
leaf_weight=0.065195219943174176 4.4206963806645936 579.20144600380445 1.2705914773978317 2.4741161762792663 5.988240537948526 2.9079459550487523 0.0039134864867624297 0.0048553118213021662 7.2017754675004388 18.427932160360797 0.46362832901832041 13.769553259582606 0.78598196106031526 3.5943889945047003 7.0957528788130793 1.3735747854225326 17.849107433343306 2.6419651885516928 1.2224663086235521 0.7049458647379655 3.1399299452314153 1.224910524208098 9.4526515441248176 5.6364177019568178 1.8643575171008695 4.356923206243664 1.6907478752546001 2.9937924887053668 1.8801026544533668 5.7366194021888059 3.2883041468448919 7.5815649926662445 2.2897827175911516 1.0152936521917579 17.233511498343209 1157.5077716680726 1.3962919443729322 34.970373691990972 12.146842516376635 2.0201811449369416 2.3651600810553646 2.2190729303983963 14.347230950952506 2.1282711951062074 12.203304953407494 2.1441627490567048 1.0676908923778681 1.8819021512754259 0.92777282651513804 1.3591407295316447 2.9435087160672975 1.8057237218599764 4.6058874033624306 1.5445431119878756 14.605744693777526 7.7232542253914254 0.21171906893141645 2.0904642320238054 0.12522022798657417 0.35175480286125094 6.7101156061689835 0.37953907810151566
leaf_count=883 266 15764 19 25110 1852 30307 66 7 103941 6021 159 8030 18 52 101 16 224 61 18 16 105 31 170 74 20 83 48 36 30 51 74 106 52 16 3404 205226 586 552 164 33 708 149 402 15 278 55 21 24 21 30 62 41 81 431 1295 492 13 47 8 99 422 55
internal_value=-0.000926602 0.00284376 0.0319702 -0.00256828 -0.016473 -0.130802 -1.15177 -9.11805 -0.0123133 -0.0180032 0.034887 -0.0120802 -0.022597 -0.001681 -0.0111275 -0.00529245 -0.0153863 0.0328188 0.0700206 0.0369023 0.0821602 -0.0404189 -0.0162815 -0.021232 -0.0501221 -0.102508 -0.0234108 -0.042497 0.00613246 -0.0758428 0.00466966 0.0292794 -0.0979207 0.00326006 -0.000458668 -0.000921609 0.0283663 -0.0141995 -0.00624912 -0.0760494 0.102101 0.0010826 0.0414567 0.0209596 0.040427 0.0911922 0.14295 0.0606989 0.100174 0.00269163 -0.000260554 0.0326748 0.00559196 -0.0222524 -0.0117544 -0.0236792 0.00833015 -0.00399969 0.184027 0.07425 0.0229227 0.0959537
internal_weight=2032.64 616.577 35.1561 1416.06 84.9406 2.98191 0.073964 0.0087688 81.9586 73.1416 8.81703 65.9398 5.20668 1331.12 152.507 127.173 100.544 26.6291 6.44092 5.21845 3.84488 25.3338 15.0672 94.1029 18.4223 6.22128 12.2011 10.5103 4.8739 10.2666 17.9656 10.8699 8.0264 2.2402 1178.61 1159.98 18.6298 75.6806 57.8315 5.61457 2.82879 581.421 29.9494 15.6022 13.4739 8.66349 3.21185 5.45164 3.56974 45.6846 44.3255 9.35512 7.5494 47.5119 33.7424 25.1082 10.5024 9.81372 0.688694 0.476975 8.6342 1.92408
internal_count=408541 16911 998 391630 154836 31263 956 73 123573 120854 2719 16913 284 236794 2468 2063 1600 463 155 137 121 405 255 1445 291 103 188 140 66 150 281 180 103 47 234326 230336 3990 1154 930 85 867 15913 714 312 297 182 76 106 82 766 736 184 143 10892 2862 1954 659 539 120 107 908 486
is_linear=0
shrinkage=0.08


Tree=106
num_leaves=63
num_cat=0
split_feature=4 18 5 5 13 2 4 18 20 3 18 3 5 18 10 4 1 20 18 18 2 5 18 4 18 2 4 18 13 4 5 18 5 4 18 2 18 1 5 5 5 4 1 18 5 0 20 0 18 10 20 2 1 1 20 1 13 20 13 1 18 4
split_gain=1.63461 2.53571 7.83777 5.36351 4.60461 4.56454 4.04526 3.87603 3.63579 4.31161 3.73614 3.5193 3.43857 4.11523 3.82658 2.94806 4.5799 2.94726 2.42193 2.30353 3.29698 2.26355 5.08456 2.25213 3.92395 3.77545 4.22777 3.9108 2.09792 4.21108 2.21818 7.44367 10.0997 7.69476 8.28991 5.55765 4.10743 4.44284 3.7865 3.73641 3.70833 3.76474 3.26406 3.0457 3.88963 2.83516 3.19537 2.81599 2.79702 2.91541 2.71754 2.45651 2.45189 2.4495 5.72895 3.83091 2.43199 3.05177 3.04303 2.50811 2.87046 6.65336
threshold=91.686991869918714 0.95153460695270919 89.86145693672988 93.528759082286413 0.35038363171355502 0.67234017809675717 94.759725400457668 0.96981089086352257 -2.1645021645021596 92.031746031746039 0.90336728919071885 78.86762360446572 96.015873015873026 0.89966442953020154 1.0000000180025095e-35 94.189797449362359 0.24357284113381675 2.4242424242424261 0.96680440771349874 0.62272426348891108 0.59541083099906644 46.759707953737809 0.28664077990746867 94.189797449362359 0.91188235294117659 0.98348348348348369 98.192705498094739 0.92695630081300828 0.31009615384615391 63.656746840603347 81.900656814449931 0.84584115071919963 87.528801843317993 88.25172527111404 0.78393734643734658 0.86667355941549495 0.86056042699199398 0.98863636363636376 88.318280704067519 84.384031791907532 69.58437081018964 89.784322820037133 0.47673160173160178 0.73427610759493678 83.589986575061218 18.500000000000004 30.66631337219572 7.5000000000000009 0.7576941287878789 1.0000000180025095e-35 -9.2592592592592613 0.91112278244631195 0.41742424242424248 0.52704678362573121 18.036281004796756 0.62361111111111123 0.3550420168067227 64.820653785000147 0.37268518518518529 0.19848484848484851 0.96981089086352257 81.099981099981122
decision_type=2 2 2 2 2 2 2 2 2 2 2 2 2 2 2 2 2 2 2 2 2 2 2 2 2 2 2 2 2 2 2 2 2 2 2 2 2 2 2 2 2 2 2 2 2 2 2 2 2 2 2 2 2 2 2 2 2 2 2 2 2 2
left_child=28 3 4 19 -3 -6 18 -7 12 10 15 -12 13 -5 -15 -10 -17 23 -4 20 -2 22 -22 -11 -25 26 -26 -27 29 -1 40 32 33 34 53 -34 37 38 39 47 41 45 -40 -35 50 -30 -47 -33 -46 -50 -45 52 -36 54 -32 -55 57 59 -58 -42 -61 -62
right_child=1 2 6 8 5 7 -8 -9 9 17 11 -13 -14 14 -16 16 -18 -19 -20 -21 21 -23 -24 24 25 27 -28 -29 30 -31 31 36 35 43 51 -37 -38 -39 42 -41 56 -43 -44 44 48 46 -48 -49 49 -51 -52 -53 -54 55 -56 -57 58 -59 -60 60 61 -63
leaf_value=-0.067056855593537967 -0.065753845658761426 -0.043973461422912259 -0.060729321662417082 0.10017369389030573 0.17774278838387822 -0.0086291773560030378 -0.002524336286183594 0.060789681552900772 0.16376334035282447 -0.11161463637330668 -0.00091292701351015026 0.06999481632125662 0.10211449227139544 0.043133735355491372 -0.012376151785380027 -0.055862199809345744 0.081007838481055069 -0.12119356674287118 -0.018769400280406578 -0.00088214596076373851 0.095139059720577152 0.085877663710117319 -0.1626467617535633 0.051525781417987637 0.12914158888174651 -0.20699666976673822 -0.042817622703740489 0.030856414322394977 -0.0020897900082089034 -0.0084635959671775975 -0.081779639198569815 0.13747299433879401 -0.037074433125916489 0.054606480667262293 -0.041105940159997627 0.087814838489052985 -0.0092877142134190765 -0.079162957103003237 -0.057152003458825755 -0.071635675130028512 -0.081552518010168759 -0.070611834262390302 0.077877392558563116 -0.059897761864168605 0.086540404159067566 -0.0694110229664089 0.056141739708227896 -0.035744997798877173 -0.011046985903923053 -0.11150628280065723 -0.16320885503491531 -0.014460157503971709 0.066074499926916622 0.20702971417653232 0.16084410838486624 0.063235732749204882 -0.082237630763974348 0.39760860888583432 0.0068574984827577089 0.066264200478129018 -0.0401194125806284 0.90799097873320578
leaf_weight=8.7714476794330931 1.5871194380451905 4.0332297437125844 11.17345234879758 4.9189996701898044 1.6250148065155396 7.4706888650544014 183.85749061836395 16.554726626258343 1.6358160886447866 1.3578547807410348 29.375850497046486 5.2857592338696113 5.0377392328809938 20.707959298277274 12.898295727791263 2.0982413577148673 6.1528053907677531 1.8577655487461004 41.512515501352027 236.42275813751621 1.1729456351604315 5.8412614389089867 0.84063278418034304 5.0089100754121301 1.1768647154094649 1.4096372462809088 4.1129998213145882 0.64477521053049702 530.75680158417697 74.739131454818562 1.9556926302611857 1.0983309554867431 2.6966457789531004 1.8895718813873852 1.8522182878223237 14.77571688860189 301.96801298583159 11.628955819411203 1.6098889666609473 7.43282174912747 0.69836381477944076 5.2979654138907781 3.9738142972346395 4.2953704614192247 1.3254633347969491 7.4068921699285948 1.5727994765117044 1.3255998310633001 7.0244015543721599 2.5092918281443417 2.6255949479527798 30.380797163583338 5.2036477245856076 1.3071621884591866 0.91392805043142278 12.768575232475994 2.4703696597716762 0.17410650302190323 358.33886625763262 2.7592518984747589 0.10523664040374558 0.08614724240032956
leaf_count=130318 154 166 168 230 40 118 5472 295 53 18 712 168 423 381 454 97 153 51 766 6201 38 279 18 235 44 47 78 52 183876 24518 24 23 42 43 67 376 4759 163 22 102 305 82 80 45 34 36050 2886 34 98 48 31 492 75 24 42 283 299 16 6046 281 33 13
internal_value=-0.000819859 0.00262027 -0.00326214 0.00710055 0.0354865 0.0479807 -0.00812468 0.0392039 0.0223609 0.00960819 0.0222737 0.00990023 0.0399596 0.031832 0.0218287 0.0656528 0.0462018 -0.0266327 -0.0276681 0.000665334 0.0394136 0.0606633 -0.0124819 -0.0138202 -0.00307074 -0.0403064 -0.00456093 -0.132347 -0.00231825 -0.0146179 -0.00154609 -0.00635063 0.0138295 0.000920724 0.01643 0.0685397 -0.0119639 -0.0418173 -0.0136904 -0.043508 0.000675162 -0.0035027 0.0389458 -0.0419587 -0.0522211 -0.00284396 -0.0474204 0.0427435 -0.0223493 -0.0374881 -0.0990907 -0.00458427 0.0379388 0.0628559 -0.00450788 0.0765894 0.00692002 0.0703908 0.00624749 0.0547781 0.0870451 0.386652
internal_weight=2029.51 615.772 266.227 349.545 29.6837 25.6504 236.543 24.0254 103.68 60.1173 44.5485 34.6616 43.563 38.5253 33.6063 9.88686 8.25105 15.5688 52.686 245.865 9.44196 7.85484 2.01358 13.711 12.3532 7.34428 5.28986 2.05441 1413.74 83.5106 1330.23 420.562 91.5241 74.0517 54.382 17.4724 329.037 27.0694 15.4405 9.85675 909.667 545.034 5.5837 19.6697 17.7801 539.736 8.97969 2.42393 10.8592 9.53369 6.92097 37.4367 7.05587 16.9454 2.86962 14.0757 364.632 3.82311 360.809 3.649 2.95064 0.191384
internal_count=408541 16911 7025 9886 619 453 6406 413 3196 1708 1183 880 1488 1065 835 303 250 525 934 6690 489 335 56 474 456 221 122 99 391630 154836 236794 6907 1724 1306 1007 418 5183 424 261 159 229887 222894 102 299 256 222812 38936 57 180 146 76 634 142 373 66 307 6993 648 6345 632 327 46
is_linear=0
shrinkage=0.08


end of trees

feature_importances:
address_jaro_winkler=721
address_street_match=700
address_length_ratio=650
name_length_ratio=559
name_levenshtein=526
name_token_set_ratio=514
name_jaro_winkler=511
address_token_sort_ratio=493
address_name_ratio_diff=469
brand_first_token_ratio=458
name_levenshtein_ratio=432
street_number_match=141
address_zip_match=136
street_number_mismatch=133
name_phonetic_match=85
postal_code_mismatch=39
brand_first_token_exact=27
clean_street_num_match=20
clean_street_num_mismatch=18
clean_legal_name_match=2

parameters:
[boosting: gbdt]
[objective: binary]
[metric: binary_logloss]
[tree_learner: serial]
[device_type: cpu]
[data_sample_strategy: bagging]
[data: ]
[valid: ]
[num_iterations: 250]
[learning_rate: 0.08]
[num_leaves: 63]
[num_threads: 0]
[seed: 42]
[deterministic: 0]
[force_col_wise: 0]
[force_row_wise: 0]
[histogram_pool_size: -1]
[max_depth: -1]
[min_data_in_leaf: 20]
[min_sum_hessian_in_leaf: 0.001]
[bagging_fraction: 0.85]
[pos_bagging_fraction: 1]
[neg_bagging_fraction: 1]
[bagging_freq: 5]
[bagging_seed: 400]
[bagging_by_query: 0]
[feature_fraction: 0.85]
[feature_fraction_bynode: 1]
[feature_fraction_seed: 30056]
[extra_trees: 0]
[extra_seed: 12879]
[early_stopping_round: 0]
[early_stopping_min_delta: 0]
[first_metric_only: 0]
[max_delta_step: 0]
[lambda_l1: 0]
[lambda_l2: 0]
[linear_lambda: 0]
[min_gain_to_split: 0]
[drop_rate: 0.1]
[max_drop: 50]
[skip_drop: 0.5]
[xgboost_dart_mode: 0]
[uniform_drop: 0]
[drop_seed: 17869]
[top_rate: 0.2]
[other_rate: 0.1]
[min_data_per_group: 100]
[max_cat_threshold: 32]
[cat_l2: 10]
[cat_smooth: 10]
[max_cat_to_onehot: 4]
[top_k: 20]
[monotone_constraints: ]
[monotone_constraints_method: basic]
[monotone_penalty: 0]
[feature_contri: ]
[forcedsplits_filename: ]
[refit_decay_rate: 0.9]
[cegb_tradeoff: 1]
[cegb_penalty_split: 0]
[cegb_penalty_feature_lazy: ]
[cegb_penalty_feature_coupled: ]
[path_smooth: 0]
[interaction_constraints: ]
[verbosity: -1]
[saved_feature_importance_type: 0]
[use_quantized_grad: 0]
[num_grad_quant_bins: 4]
[quant_train_renew_leaf: 0]
[stochastic_rounding: 1]
[linear_tree: 0]
[max_bin: 255]
[max_bin_by_feature: ]
[min_data_in_bin: 3]
[bin_construct_sample_cnt: 200000]
[data_random_seed: 175]
[is_enable_sparse: 1]
[enable_bundle: 1]
[use_missing: 1]
[zero_as_missing: 0]
[feature_pre_filter: 1]
[pre_partition: 0]
[two_round: 0]
[header: 0]
[label_column: ]
[weight_column: ]
[group_column: ]
[ignore_column: ]
[categorical_feature: ]
[forcedbins_filename: ]
[precise_float_parser: 0]
[parser_config_file: ]
[objective_seed: 16083]
[num_class: 1]
[is_unbalance: 0]
[scale_pos_weight: 0.35]
[sigmoid: 1]
[boost_from_average: 1]
[reg_sqrt: 0]
[alpha: 0.9]
[fair_c: 1]
[poisson_max_delta_step: 0.7]
[tweedie_variance_power: 1.5]
[lambdarank_truncation_level: 30]
[lambdarank_norm: 1]
[label_gain: ]
[lambdarank_position_bias_regularization: 0]
[eval_at: ]
[multi_error_top_k: 1]
[auc_mu_weights: ]
[num_machines: 1]
[local_listen_port: 12400]
[time_out: 120]
[machine_list_filename: ]
[machines: ]
[gpu_platform_id: -1]
[gpu_device_id: -1]
[gpu_device_id_list: ]
[gpu_use_dp: 0]
[num_gpu: 1]

end of parameters

pandas_categorical:[]
